modelo,partida,objetivo,intento,respuesta_cruda,campeon,invalido,formato_incorrecto,repetido,violacion,n_violaciones,greens,resuelto,latencia_s,tokens_prompt,motivo
exaone-3.5-2.4b-instruct,1,Karma,1,Kog'Maw,Kog'Maw,0,0,0,0,0,2,0,3.013,5384,
exaone-3.5-2.4b-instruct,1,Karma,2,Riven,Riven,0,0,0,1,2,2,0,0.175,5562,
exaone-3.5-2.4b-instruct,1,Karma,3,Leona,Leona,0,0,0,1,2,3,0,0.197,5783,
exaone-3.5-2.4b-instruct,1,Karma,4,Nidalee,Nidalee,0,0,0,1,1,4,0,0.232,6003,
exaone-3.5-2.4b-instruct,1,Karma,5,Sivir,Sivir,0,0,0,1,3,3,0,0.196,6215,
exaone-3.5-2.4b-instruct,1,Karma,6,Lulu,Lulu,0,0,0,1,2,3,0,0.218,6453,
exaone-3.5-2.4b-instruct,1,Karma,7,Nexus,,1,1,0,0,0,,0,0.231,6679,No se reconoció ningún campeón del roster.
exaone-3.5-2.4b-instruct,1,Karma,8,Nexus,,1,1,0,0,0,,0,0.131,6746,No se reconoció ningún campeón del roster.
exaone-3.5-2.4b-instruct,1,Karma,9,Sona,Sona,0,0,0,1,2,3,0,0.117,6813,
exaone-3.5-2.4b-instruct,1,Karma,10,Sona,Sona,0,0,1,1,2,3,0,0.23,7049,
exaone-3.5-2.4b-instruct,2,Samira,1,Kog'Maw,Kog'Maw,0,0,0,0,0,3,0,0.103,5384,
exaone-3.5-2.4b-instruct,2,Samira,2,Riven,Riven,0,0,0,1,3,2,0,0.174,5563,
exaone-3.5-2.4b-instruct,2,Samira,3,Karthus,Karthus,0,0,0,1,5,2,0,0.215,5795,
exaone-3.5-2.4b-instruct,2,Samira,4,Karma,Karma,0,0,0,1,3,3,0,0.246,6060,
exaone-3.5-2.4b-instruct,2,Samira,5,Lissandra,Lissandra,0,0,0,1,3,3,0,0.232,6298,
exaone-3.5-2.4b-instruct,2,Samira,6,Nasus,Nasus,0,0,0,1,8,1,0,0.236,6534,
exaone-3.5-2.4b-instruct,2,Samira,7,Naeki,,1,1,0,0,0,,0,0.303,6838,No se reconoció ningún campeón del roster.
exaone-3.5-2.4b-instruct,2,Samira,8,Katarina,Katarina,0,0,0,1,7,2,0,0.139,6905,
exaone-3.5-2.4b-instruct,2,Samira,9,Rek'Sai,Rek'Sai,0,0,0,1,8,1,0,0.337,7193,
exaone-3.5-2.4b-instruct,2,Samira,10,Sivir,Sivir,0,0,0,1,1,5,0,0.302,7494,
exaone-3.5-2.4b-instruct,3,Zoe,1,Kog'Maw,Kog'Maw,0,0,0,0,0,2,0,0.103,5384,
exaone-3.5-2.4b-instruct,3,Zoe,2,Riven,Riven,0,0,0,1,2,1,0,0.171,5562,
exaone-3.5-2.4b-instruct,3,Zoe,3,Sivir,Sivir,0,0,0,1,2,3,0,0.192,5781,
exaone-3.5-2.4b-instruct,3,Zoe,4,Karthus,Karthus,0,0,0,1,4,2,0,0.212,6005,
exaone-3.5-2.4b-instruct,3,Zoe,5,Nidalee,Nidalee,0,0,0,1,2,3,0,0.248,6256,
exaone-3.5-2.4b-instruct,3,Zoe,6,Lissandra,Lissandra,0,0,0,0,0,4,0,0.23,6485,
exaone-3.5-2.4b-instruct,3,Zoe,7,Nexus,,1,1,0,0,0,,0,0.21,6670,No se reconoció ningún campeón del roster.
exaone-3.5-2.4b-instruct,3,Zoe,8,Nexus,,1,1,0,0,0,,0,0.131,6737,No se reconoció ningún campeón del roster.
exaone-3.5-2.4b-instruct,3,Zoe,9,Sona,Sona,0,0,0,1,3,3,0,0.117,6804,
exaone-3.5-2.4b-instruct,3,Zoe,10,Nexus,,1,1,0,0,0,,0,0.25,7045,No se reconoció ningún campeón del roster.
exaone-3.5-2.4b-instruct,4,Nocturne,1,Kog'Maw,Kog'Maw,0,0,0,0,0,1,0,0.103,5384,
exaone-3.5-2.4b-instruct,4,Nocturne,2,Riven,Riven,0,0,0,1,1,2,0,0.173,5561,
exaone-3.5-2.4b-instruct,4,Nocturne,3,Leona,Leona,0,0,0,1,2,3,0,0.189,5764,
exaone-3.5-2.4b-instruct,4,Nocturne,4,Sona,Sona,0,0,0,1,7,1,0,0.2,5982,
exaone-3.5-2.4b-instruct,4,Nocturne,5,Nidalee,Nidalee,0,0,0,1,5,2,0,0.296,6272,
exaone-3.5-2.4b-instruct,4,Nocturne,6,Kog'Maw,Kog'Maw,0,0,1,1,8,1,0,0.309,6536,
exaone-3.5-2.4b-instruct,4,Nocturne,7,RekSai,Rek'Sai,0,0,0,1,5,2,0,0.327,6854,
exaone-3.5-2.4b-instruct,4,Nocturne,8,Nunu & Willump,Nunu & Willump,0,0,0,1,3,3,0,0.34,7119,
exaone-3.5-2.4b-instruct,4,Nocturne,9,Sivir,Sivir,0,0,0,1,8,1,0,0.238,7362,
exaone-3.5-2.4b-instruct,4,Nocturne,10,RekSai,Rek'Sai,0,0,1,1,6,2,0,0.339,7660,
exaone-3.5-2.4b-instruct,5,Veigar,1,Kog'Maw,Kog'Maw,0,0,0,0,0,3,0,0.105,5384,
exaone-3.5-2.4b-instruct,5,Veigar,2,Riven,Riven,0,0,0,1,4,0,0,0.174,5563,
exaone-3.5-2.4b-instruct,5,Veigar,3,Karthus,Karthus,0,0,0,1,1,4,0,0.221,5808,
exaone-3.5-2.4b-instruct,5,Veigar,4,Karthus,Karthus,0,0,1,1,3,4,0,0.208,6017,
exaone-3.5-2.4b-instruct,5,Veigar,5,Katarina,Katarina,0,0,0,1,8,2,0,0.235,6272,
exaone-3.5-2.4b-instruct,5,Veigar,6,Leona,Leona,0,0,0,1,7,1,0,0.274,6567,
exaone-3.5-2.4b-instruct,5,Veigar,7,Nidalee,Nidalee,0,0,0,1,5,3,0,0.31,6851,
exaone-3.5-2.4b-instruct,5,Veigar,8,Nunu & Willump,Nunu & Willump,0,0,0,1,5,3,0,0.341,7112,
exaone-3.5-2.4b-instruct,5,Veigar,9,Rek'Sai,Rek'Sai,0,0,0,1,10,0,0,0.301,7373,
exaone-3.5-2.4b-instruct,5,Veigar,10,Rek'Sai,Rek'Sai,0,0,1,1,11,0,0,0.377,7702,
exaone-3.5-2.4b-instruct,6,LeBlanc,1,Kog'Maw,Kog'Maw,0,0,0,0,0,3,0,0.1,5384,
exaone-3.5-2.4b-instruct,6,LeBlanc,2,Riven,Riven,0,0,0,1,3,1,0,0.171,5561,
exaone-3.5-2.4b-instruct,6,LeBlanc,3,Karthus,Karthus,0,0,0,1,3,2,0,0.219,5799,
exaone-3.5-2.4b-instruct,6,LeBlanc,4,Karma,Karma,0,0,0,1,1,3,0,0.209,6039,
exaone-3.5-2.4b-instruct,6,LeBlanc,5,Lissandra,Lissandra,0,0,0,1,1,4,0,0.22,6255,
exaone-3.5-2.4b-instruct,6,LeBlanc,6,Nidalee,Nidalee,0,0,0,1,3,3,0,0.24,6470,
exaone-3.5-2.4b-instruct,6,LeBlanc,7,Nunu & Willump,Nunu & Willump,0,0,0,1,8,1,0,0.289,6710,
exaone-3.5-2.4b-instruct,6,LeBlanc,8,Rek'Sai,Rek'Sai,0,0,0,1,8,1,0,0.342,7017,
exaone-3.5-2.4b-instruct,6,LeBlanc,9,Riven,Riven,0,0,1,1,8,1,0,0.293,7318,
exaone-3.5-2.4b-instruct,6,LeBlanc,10,Sivir,Sivir,0,0,0,1,4,3,0,0.321,7641,
exaone-3.5-2.4b-instruct,7,Morgana,1,Kog'Maw,Kog'Maw,0,0,0,0,0,2,0,0.105,5384,
exaone-3.5-2.4b-instruct,7,Morgana,2,Riven,Riven,0,0,0,1,3,1,0,0.171,5562,
exaone-3.5-2.4b-instruct,7,Morgana,3,Sivir,Sivir,0,0,0,1,1,4,0,0.203,5798,
exaone-3.5-2.4b-instruct,7,Morgana,4,Karthus,Karthus,0,0,0,1,3,3,0,0.209,6004,
exaone-3.5-2.4b-instruct,7,Morgana,5,Nidalee,Nidalee,0,0,0,1,1,4,0,0.242,6237,
exaone-3.5-2.4b-instruct,7,Morgana,6,Lissandra,Lissandra,0,0,0,1,1,3,0,0.218,6448,
exaone-3.5-2.4b-instruct,7,Morgana,7,Nexus,,1,1,0,0,0,,0,0.229,6665,No se reconoció ningún campeón del roster.
exaone-3.5-2.4b-instruct,7,Morgana,8,Nexus,,1,1,0,0,0,,0,0.133,6732,No se reconoció ningún campeón del roster.
exaone-3.5-2.4b-instruct,7,Morgana,9,Sona,Sona,0,0,0,1,2,3,0,0.115,6799,
exaone-3.5-2.4b-instruct,7,Morgana,10,Lulu,Lulu,0,0,0,1,1,3,0,0.226,7033,
exaone-3.5-2.4b-instruct,8,Thresh,1,Kog'Maw,Kog'Maw,0,0,0,0,0,3,0,0.102,5384,
exaone-3.5-2.4b-instruct,8,Thresh,2,Riven,Riven,0,0,0,1,3,0,0,0.171,5563,
exaone-3.5-2.4b-instruct,8,Thresh,3,Karthus,Karthus,0,0,0,1,2,4,0,0.213,5791,
exaone-3.5-2.4b-instruct,8,Thresh,4,Karma,Karma,0,0,0,1,6,2,0,0.205,6019,
exaone-3.5-2.4b-instruct,8,Thresh,5,Nidalee,Nidalee,0,0,0,1,6,2,0,0.292,6300,
exaone-3.5-2.4b-instruct,8,Thresh,6,Nidalee,Nidalee,0,0,1,1,7,2,0,0.302,6580,
exaone-3.5-2.4b-instruct,8,Thresh,7,Nunu & Willump,Nunu & Willump,0,0,0,1,6,2,0,0.357,6891,
exaone-3.5-2.4b-instruct,8,Thresh,8,Nexus,,1,1,0,0,0,,0,0.3,7171,No se reconoció ningún campeón del roster.
exaone-3.5-2.4b-instruct,8,Thresh,9,Lulu,Lulu,0,0,0,1,3,3,0,0.12,7238,
exaone-3.5-2.4b-instruct,8,Thresh,10,Riven,Riven,0,0,1,1,12,0,0,0.236,7472,
exaone-3.5-2.4b-instruct,9,Ashe,1,Kog'Maw,Kog'Maw,0,0,0,0,0,2,0,0.104,5384,
exaone-3.5-2.4b-instruct,9,Ashe,2,Riven,Riven,0,0,0,1,3,1,0,0.169,5565,
exaone-3.5-2.4b-instruct,9,Ashe,3,Sivir,Sivir,0,0,0,0,0,4,0,0.203,5801,
exaone-3.5-2.4b-instruct,9,Ashe,4,Karthus,Karthus,0,0,0,1,3,3,0,0.196,5982,
exaone-3.5-2.4b-instruct,9,Ashe,5,Nidalee,Nidalee,0,0,0,1,1,4,0,0.24,6215,
exaone-3.5-2.4b-instruct,9,Ashe,6,Lissandra,Lissandra,0,0,0,1,1,5,0,0.217,6426,
exaone-3.5-2.4b-instruct,9,Ashe,7,Karma,Karma,0,0,0,1,5,3,0,0.209,6639,
exaone-3.5-2.4b-instruct,9,Ashe,8,Nexus,,1,1,0,0,0,,0,0.29,6911,No se reconoció ningún campeón del roster.
exaone-3.5-2.4b-instruct,9,Ashe,9,Nexus,,1,1,0,0,0,,0,0.137,6978,No se reconoció ningún campeón del roster.
exaone-3.5-2.4b-instruct,9,Ashe,10,Sona,Sona,0,0,0,1,4,3,0,0.12,7045,
exaone-3.5-2.4b-instruct,10,Zilean,1,Kog'Maw,Kog'Maw,0,0,0,0,0,3,0,0.103,5384,
exaone-3.5-2.4b-instruct,10,Zilean,2,Riven,Riven,0,0,0,1,4,0,0,0.17,5563,
exaone-3.5-2.4b-instruct,10,Zilean,3,Karthus,Karthus,0,0,0,1,1,4,0,0.227,5811,
exaone-3.5-2.4b-instruct,10,Zilean,4,Karthus,Karthus,0,0,1,1,3,4,0,0.209,6017,
exaone-3.5-2.4b-instruct,10,Zilean,5,Nidalee,Nidalee,0,0,0,1,3,3,0,0.251,6269,
exaone-3.5-2.4b-instruct,10,Zilean,6,Nunu & Willump,Nunu & Willump,0,0,0,1,3,3,0,0.287,6507,
exaone-3.5-2.4b-instruct,10,Zilean,7,Kog'Maw,Kog'Maw,0,0,1,1,4,3,0,0.269,6745,
exaone-3.5-2.4b-instruct,10,Zilean,8,Rek'Sai,Rek'Sai,0,0,0,1,9,0,0,0.321,7013,
exaone-3.5-2.4b-instruct,10,Zilean,9,Rek'Sai,Rek'Sai,0,0,1,1,10,0,0,0.359,7332,
exaone-3.5-2.4b-instruct,10,Zilean,10,Rek'Sai,Rek'Sai,0,0,1,1,10,0,0,0.389,7684,
exaone-3.5-2.4b-instruct,11,Xin Zhao,1,Kog'Maw,Kog'Maw,0,0,0,0,0,3,0,0.103,5384,
exaone-3.5-2.4b-instruct,11,Xin Zhao,2,Riven,Riven,0,0,0,1,3,2,0,0.171,5561,
exaone-3.5-2.4b-instruct,11,Xin Zhao,3,Karthus,Karthus,0,0,0,1,4,3,0,0.22,5798,
exaone-3.5-2.4b-instruct,11,Xin Zhao,4,Karma,Karma,0,0,0,1,7,1,0,0.217,6048,
exaone-3.5-2.4b-instruct,11,Xin Zhao,5,Nidalee,Nidalee,0,0,0,1,6,2,0,0.302,6339,
exaone-3.5-2.4b-instruct,11,Xin Zhao,6,Nidalee,Nidalee,0,0,1,1,7,2,0,0.306,6617,
exaone-3.5-2.4b-instruct,11,Xin Zhao,7,Nidalee,Nidalee,0,0,1,1,7,2,0,0.337,6926,
exaone-3.5-2.4b-instruct,11,Xin Zhao,8,Nidalee,Nidalee,0,0,1,1,7,2,0,0.339,7235,
exaone-3.5-2.4b-instruct,11,Xin Zhao,9,Nidalee,Nidalee,0,0,1,1,7,2,0,0.349,7544,
exaone-3.5-2.4b-instruct,11,Xin Zhao,10,Nidalee,Nidalee,0,0,1,1,7,2,0,0.357,7854,
exaone-3.5-2.4b-instruct,12,Tryndamere,1,Kog'Maw,Kog'Maw,0,0,0,0,0,1,0,0.1,5384,
exaone-3.5-2.4b-instruct,12,Tryndamere,2,Riven,Riven,0,0,0,1,2,2,0,0.171,5561,
exaone-3.5-2.4b-instruct,12,Tryndamere,3,Leona,Leona,0,0,0,1,5,1,0,0.196,5786,
exaone-3.5-2.4b-instruct,12,Tryndamere,4,Karthus,Karthus,0,0,0,1,5,2,0,0.266,6049,
exaone-3.5-2.4b-instruct,12,Tryndamere,5,Ahri,Ahri,0,0,0,1,8,0,0,0.219,6304,
exaone-3.5-2.4b-instruct,12,Tryndamere,6,RekSai,Rek'Sai,0,0,0,1,7,1,0,0.312,6600,
exaone-3.5-2.4b-instruct,12,Tryndamere,7,Kog'Maw,Kog'Maw,0,0,1,1,8,1,0,0.334,6890,
exaone-3.5-2.4b-instruct,12,Tryndamere,8,RekSai,Rek'Sai,0,0,1,1,8,1,0,0.334,7207,
exaone-3.5-2.4b-instruct,12,Tryndamere,9,RekSai,Rek'Sai,0,0,1,1,8,1,0,0.352,7529,
exaone-3.5-2.4b-instruct,12,Tryndamere,10,RekSai,Rek'Sai,0,0,1,1,8,1,0,0.361,7852,
exaone-3.5-2.4b-instruct,13,Pantheon,1,Kog'Maw,Kog'Maw,0,0,0,0,0,3,0,0.103,5384,
exaone-3.5-2.4b-instruct,13,Pantheon,2,Riven,Riven,0,0,0,1,3,1,0,0.175,5561,
exaone-3.5-2.4b-instruct,13,Pantheon,3,Karthus,Karthus,0,0,0,1,4,2,0,0.223,5800,
exaone-3.5-2.4b-instruct,13,Pantheon,4,Karma,Karma,0,0,0,1,6,1,0,0.215,6050,
exaone-3.5-2.4b-instruct,13,Pantheon,5,Lissandra,Lissandra,0,0,0,1,5,1,0,0.28,6330,
exaone-3.5-2.4b-instruct,13,Pantheon,6,Nidalee,Nidalee,0,0,0,1,5,1,0,0.298,6595,
exaone-3.5-2.4b-instruct,13,Pantheon,7,Nexus,,1,1,0,0,0,,0,0.283,6863,No se reconoció ningún campeón del roster.
exaone-3.5-2.4b-instruct,13,Pantheon,8,Nexus,,1,1,0,0,0,,0,0.135,6930,No se reconoció ningún campeón del roster.
exaone-3.5-2.4b-instruct,13,Pantheon,9,Sivir,Sivir,0,0,0,1,6,1,0,0.118,6997,
exaone-3.5-2.4b-instruct,13,Pantheon,10,Sona,Sona,0,0,0,1,5,2,0,0.286,7272,
exaone-3.5-2.4b-instruct,14,Vladimir,1,Kog'Maw,Kog'Maw,0,0,0,0,0,3,0,0.105,5384,
exaone-3.5-2.4b-instruct,14,Vladimir,2,Riven,Riven,0,0,0,1,3,0,0,0.171,5561,
exaone-3.5-2.4b-instruct,14,Vladimir,3,Karthus,Karthus,0,0,0,1,2,2,0,0.218,5798,
exaone-3.5-2.4b-instruct,14,Vladimir,4,Karma,Karma,0,0,0,1,4,1,0,0.201,6024,
exaone-3.5-2.4b-instruct,14,Vladimir,5,Nidalee,Nidalee,0,0,0,1,5,1,0,0.252,6280,
exaone-3.5-2.4b-instruct,14,Vladimir,6,Nunu & Willump,Nunu & Willump,0,0,0,1,5,1,0,0.328,6548,
exaone-3.5-2.4b-instruct,14,Vladimir,7,Nexus,,1,1,0,0,0,,0,0.281,6816,No se reconoció ningún campeón del roster.
exaone-3.5-2.4b-instruct,14,Vladimir,8,Sivir,Sivir,0,0,0,1,5,1,0,0.118,6883,
exaone-3.5-2.4b-instruct,14,Vladimir,9,Sona,Sona,0,0,0,1,4,2,0,0.272,7146,
exaone-3.5-2.4b-instruct,14,Vladimir,10,Lulu,Lulu,0,0,0,1,5,1,0,0.246,7397,
exaone-3.5-2.4b-instruct,15,Lissandra,1,Kog'Maw,Kog'Maw,0,0,0,0,0,2,0,0.105,5384,
exaone-3.5-2.4b-instruct,15,Lissandra,2,Riven,Riven,0,0,0,1,2,1,0,0.171,5562,
exaone-3.5-2.4b-instruct,15,Lissandra,3,Sivir,Sivir,0,0,0,1,2,3,0,0.194,5781,
exaone-3.5-2.4b-instruct,15,Lissandra,4,Karthus,Karthus,0,0,0,1,4,2,0,0.215,6005,
exaone-3.5-2.4b-instruct,15,Lissandra,5,Nidalee,Nidalee,0,0,0,1,2,3,0,0.25,6256,
exaone-3.5-2.4b-instruct,15,Lissandra,6,Lissandra,Lissandra,0,0,0,0,0,7,1,0.23,6485,
exaone-3.5-2.4b-instruct,16,Elise,1,Kog'Maw,Kog'Maw,0,0,0,0,0,2,0,0.104,5384,
exaone-3.5-2.4b-instruct,16,Elise,2,Riven,Riven,0,0,0,1,2,1,0,0.171,5562,
exaone-3.5-2.4b-instruct,16,Elise,3,Sivir,Sivir,0,0,0,1,2,3,0,0.199,5784,
exaone-3.5-2.4b-instruct,16,Elise,4,Karthus,Karthus,0,0,0,1,3,4,0,0.222,6008,
exaone-3.5-2.4b-instruct,16,Elise,5,Nidalee,Nidalee,0,0,0,1,2,4,0,0.244,6248,
exaone-3.5-2.4b-instruct,16,Elise,6,Lissandra,Lissandra,0,0,0,1,2,3,0,0.232,6479,
exaone-3.5-2.4b-instruct,16,Elise,7,Nexus,,1,1,0,0,0,,0,0.233,6704,No se reconoció ningún campeón del roster.
exaone-3.5-2.4b-instruct,16,Elise,8,Nexus,,1,1,0,0,0,,0,0.136,6771,No se reconoció ningún campeón del roster.
exaone-3.5-2.4b-instruct,16,Elise,9,Sona,Sona,0,0,0,1,3,3,0,0.118,6838,
exaone-3.5-2.4b-instruct,16,Elise,10,Nexus,,1,1,0,0,0,,0,0.251,7081,No se reconoció ningún campeón del roster.
exaone-3.5-2.4b-instruct,17,Ekko,1,Kog'Maw,Kog'Maw,0,0,0,0,0,2,0,0.103,5384,
exaone-3.5-2.4b-instruct,17,Ekko,2,Riven,Riven,0,0,0,1,2,2,0,0.175,5562,
exaone-3.5-2.4b-instruct,17,Ekko,3,Sivir,Sivir,0,0,0,1,6,2,0,0.194,5780,
exaone-3.5-2.4b-instruct,17,Ekko,4,Karthus,Karthus,0,0,0,1,5,2,0,0.269,6053,
exaone-3.5-2.4b-instruct,17,Ekko,5,Nidalee,Nidalee,0,0,0,1,6,1,0,0.289,6316,
exaone-3.5-2.4b-instruct,17,Ekko,6,Nunu & Willump,Nunu & Willump,0,0,0,1,2,3,0,0.335,6597,
exaone-3.5-2.4b-instruct,17,Ekko,7,RekSai,Rek'Sai,0,0,0,1,6,1,0,0.259,6830,
exaone-3.5-2.4b-instruct,17,Ekko,8,Kog'Maw,Kog'Maw,0,0,1,1,7,2,0,0.333,7106,
exaone-3.5-2.4b-instruct,17,Ekko,9,RekSai,Rek'Sai,0,0,1,1,8,1,0,0.334,7411,
exaone-3.5-2.4b-instruct,17,Ekko,10,Sivir,Sivir,0,0,1,1,7,2,0,0.325,7737,
exaone-3.5-2.4b-instruct,18,Briar,1,Kog'Maw,Kog'Maw,0,0,0,0,0,0,0,0.105,5384,
exaone-3.5-2.4b-instruct,18,Briar,2,Riven,Riven,0,0,0,0,0,2,0,0.172,5560,
exaone-3.5-2.4b-instruct,18,Briar,3,Sivir,Sivir,0,0,0,1,6,1,0,0.176,5741,
exaone-3.5-2.4b-instruct,18,Briar,4,Karthus,Karthus,0,0,0,1,6,1,0,0.266,6013,
exaone-3.5-2.4b-instruct,18,Briar,5,Nidalee,Nidalee,0,0,0,1,5,2,0,0.295,6292,
exaone-3.5-2.4b-instruct,18,Briar,6,Nunu & Willump,Nunu & Willump,0,0,0,1,5,2,0,0.334,6556,
exaone-3.5-2.4b-instruct,18,Briar,7,RekSai,Rek'Sai,0,0,0,1,2,3,0,0.303,6826,
exaone-3.5-2.4b-instruct,18,Briar,8,Karma,Karma,0,0,0,1,6,1,0,0.223,7048,
exaone-3.5-2.4b-instruct,18,Briar,9,Sivir,Sivir,0,0,1,1,8,1,0,0.281,7322,
exaone-3.5-2.4b-instruct,18,Briar,10,Sona,Sona,0,0,0,1,8,1,0,0.317,7638,
exaone-3.5-2.4b-instruct,19,Mordekaiser,1,Kog'Maw,Kog'Maw,0,0,0,0,0,2,0,0.103,5384,
exaone-3.5-2.4b-instruct,19,Mordekaiser,2,Riven,Riven,0,0,0,1,2,2,0,0.171,5560,
exaone-3.5-2.4b-instruct,19,Mordekaiser,3,Janna,Janna,0,0,0,1,7,0,0,0.197,5784,
exaone-3.5-2.4b-instruct,19,Mordekaiser,4,Karthus,Karthus,0,0,0,1,5,2,0,0.28,6071,
exaone-3.5-2.4b-instruct,19,Mordekaiser,5,Kog'Maw,Kog'Maw,0,0,1,1,8,2,0,0.307,6331,
exaone-3.5-2.4b-instruct,19,Mordekaiser,6,RekSai,Rek'Sai,0,0,0,1,8,1,0,0.317,6646,
exaone-3.5-2.4b-instruct,19,Mordekaiser,7,Nidalee,Nidalee,0,0,0,1,10,0,0,0.322,6951,
exaone-3.5-2.4b-instruct,19,Mordekaiser,8,RekSai,Rek'Sai,0,0,1,1,9,1,0,0.345,7281,
exaone-3.5-2.4b-instruct,19,Mordekaiser,9,Sivir,Sivir,0,0,0,1,11,0,0,0.332,7618,
exaone-3.5-2.4b-instruct,19,Mordekaiser,10,RekSai,Rek'Sai,0,0,1,1,9,1,0,0.383,7957,
exaone-3.5-2.4b-instruct,20,Diana,1,Kog'Maw,Kog'Maw,0,0,0,0,0,1,0,0.101,5384,
exaone-3.5-2.4b-instruct,20,Diana,2,Riven,Riven,0,0,0,1,1,2,0,0.173,5561,
exaone-3.5-2.4b-instruct,20,Diana,3,Sivir,Sivir,0,0,0,1,4,2,0,0.189,5769,
exaone-3.5-2.4b-instruct,20,Diana,4,Karthus,Karthus,0,0,0,1,6,1,0,0.229,6017,
exaone-3.5-2.4b-instruct,20,Diana,5,Nidalee,Nidalee,0,0,0,1,3,2,0,0.297,6295,
exaone-3.5-2.4b-instruct,20,Diana,6,Nunu & Willump,Nunu & Willump,0,0,0,1,3,2,0,0.288,6537,
exaone-3.5-2.4b-instruct,20,Diana,7,Leona,Leona,0,0,0,1,1,5,0,0.23,6785,
exaone-3.5-2.4b-instruct,20,Diana,8,Nexus Zero,,1,1,0,0,0,,0,0.249,6995,No se reconoció ningún campeón del roster.
exaone-3.5-2.4b-instruct,20,Diana,9,Sona,Sona,0,0,0,1,7,2,0,0.12,7063,
exaone-3.5-2.4b-instruct,20,Diana,10,Sylas,Sylas,0,0,0,1,5,3,0,0.317,7356,
exaone-3.5-2.4b-instruct,21,Aatrox,1,Kog'Maw,Kog'Maw,0,0,0,0,0,1,0,0.101,5384,
exaone-3.5-2.4b-instruct,21,Aatrox,2,Riven,Riven,0,0,0,1,1,3,0,0.174,5561,
exaone-3.5-2.4b-instruct,21,Aatrox,3,Karthus,Karthus,0,0,0,1,7,1,0,0.206,5767,
exaone-3.5-2.4b-instruct,21,Aatrox,4,Karma,Karma,0,0,0,1,10,0,0,0.257,6054,
exaone-3.5-2.4b-instruct,21,Aatrox,5,Lissandra,Lissandra,0,0,0,1,9,1,0,0.3,6382,
exaone-3.5-2.4b-instruct,21,Aatrox,6,Karma,Karma,0,0,1,1,11,0,0,0.284,6694,
exaone-3.5-2.4b-instruct,21,Aatrox,7,Nidalee,Nidalee,0,0,0,1,10,0,0,0.354,7053,
exaone-3.5-2.4b-instruct,21,Aatrox,8,RekSai,Rek'Sai,0,0,0,1,8,1,0,0.355,7382,
exaone-3.5-2.4b-instruct,21,Aatrox,9,Kog'Maw,Kog'Maw,0,0,1,1,9,1,0,0.364,7689,
exaone-3.5-2.4b-instruct,21,Aatrox,10,RekSai,Rek'Sai,0,0,1,1,9,1,0,0.375,8021,
exaone-3.5-2.4b-instruct,22,Zeri,1,Kog'Maw,Kog'Maw,0,0,0,0,0,3,0,0.104,5384,
exaone-3.5-2.4b-instruct,22,Zeri,2,Riven,Riven,0,0,0,1,3,1,0,0.173,5563,
exaone-3.5-2.4b-instruct,22,Zeri,3,Karthus,Karthus,0,0,0,1,5,2,0,0.222,5794,
exaone-3.5-2.4b-instruct,22,Zeri,4,Katarina,Katarina,0,0,0,1,7,1,0,0.267,6057,
exaone-3.5-2.4b-instruct,22,Zeri,5,Naeki,,1,1,0,0,0,,0,0.283,6343,No se reconoció ningún campeón del roster.
exaone-3.5-2.4b-instruct,22,Zeri,6,Lulu,Lulu,0,0,0,1,1,3,0,0.119,6410,
exaone-3.5-2.4b-instruct,22,Zeri,7,Nidalee,Nidalee,0,0,0,1,3,3,0,0.238,6614,
exaone-3.5-2.4b-instruct,22,Zeri,8,Nunu & Willump,Nunu & Willump,0,0,0,1,7,1,0,0.295,6855,
exaone-3.5-2.4b-instruct,22,Zeri,9,Senna,Senna,0,0,0,1,4,3,0,0.288,7150,
exaone-3.5-2.4b-instruct,22,Zeri,10,Rek'Sai,Rek'Sai,0,0,0,1,8,1,0,0.303,7404,
exaone-3.5-2.4b-instruct,23,Zac,1,Kog'Maw,Kog'Maw,0,0,0,0,0,1,0,0.102,5384,
exaone-3.5-2.4b-instruct,23,Zac,2,Riven,Riven,0,0,0,1,1,1,0,0.173,5561,
exaone-3.5-2.4b-instruct,23,Zac,3,Sona,Sona,0,0,0,1,8,0,0,0.189,5765,
exaone-3.5-2.4b-instruct,23,Zac,4,Karma,Karma,0,0,0,1,9,0,0,0.266,6068,
exaone-3.5-2.4b-instruct,23,Zac,5,Leona,Leona,0,0,0,1,6,1,0,0.281,6384,
exaone-3.5-2.4b-instruct,23,Zac,6,RekSai,Rek'Sai,0,0,0,1,4,2,0,0.306,6660,
exaone-3.5-2.4b-instruct,23,Zac,7,Kae'Sa,,1,1,0,0,0,,0,0.269,6909,No se reconoció ningún campeón del roster.
exaone-3.5-2.4b-instruct,23,Zac,8,Kog'Maw,Kog'Maw,0,0,1,1,8,1,0,0.174,6977,
exaone-3.5-2.4b-instruct,23,Zac,9,RekSai,Rek'Sai,0,0,1,1,6,2,0,0.347,7295,
exaone-3.5-2.4b-instruct,23,Zac,10,Sivir,Sivir,0,0,0,1,10,0,0,0.301,7594,
exaone-3.5-2.4b-instruct,24,Xerath,1,Kog'Maw,Kog'Maw,0,0,0,0,0,3,0,0.103,5384,
exaone-3.5-2.4b-instruct,24,Xerath,2,Riven,Riven,0,0,0,1,3,1,0,0.175,5563,
exaone-3.5-2.4b-instruct,24,Xerath,3,Leona,Leona,0,0,0,1,5,2,0,0.202,5790,
exaone-3.5-2.4b-instruct,24,Xerath,4,Nunu & Willump,Nunu & Willump,0,0,0,1,4,2,0,0.283,6048,
exaone-3.5-2.4b-instruct,24,Xerath,5,Kog'Maw,Kog'Maw,0,0,1,1,4,3,0,0.267,6300,
exaone-3.5-2.4b-instruct,24,Xerath,6,RekSai,Rek'Sai,0,0,0,1,9,0,0,0.297,6568,
exaone-3.5-2.4b-instruct,24,Xerath,7,Nidalee,Nidalee,0,0,0,1,5,2,0,0.335,6886,
exaone-3.5-2.4b-instruct,24,Xerath,8,Sivir,Sivir,0,0,0,1,5,3,0,0.276,7152,
exaone-3.5-2.4b-instruct,24,Xerath,9,RekSai,Rek'Sai,0,0,1,1,11,0,0,0.316,7414,
exaone-3.5-2.4b-instruct,24,Xerath,10,Sona,Sona,0,0,0,1,6,2,0,0.345,7778,
exaone-3.5-2.4b-instruct,25,Kog'Maw,1,Kog'Maw,Kog'Maw,0,0,0,0,0,7,1,0.102,5384,
exaone-3.5-2.4b-instruct,26,Dr. Mundo,1,Kog'Maw,Kog'Maw,0,0,0,0,0,1,0,0.103,5384,
exaone-3.5-2.4b-instruct,26,Dr. Mundo,2,Riven,Riven,0,0,0,1,2,1,0,0.175,5561,
exaone-3.5-2.4b-instruct,26,Dr. Mundo,3,Leona,Leona,0,0,0,1,4,1,0,0.198,5788,
exaone-3.5-2.4b-instruct,26,Dr. Mundo,4,Karthus,Karthus,0,0,0,1,4,2,0,0.23,6039,
exaone-3.5-2.4b-instruct,26,Dr. Mundo,5,Nidalee,Nidalee,0,0,0,1,5,1,0,0.251,6285,
exaone-3.5-2.4b-instruct,26,Dr. Mundo,6,Nunu & Willump,Nunu & Willump,0,0,0,1,1,3,0,0.326,6549,
exaone-3.5-2.4b-instruct,26,Dr. Mundo,7,Karma,Karma,0,0,0,1,8,0,0,0.214,6765,
exaone-3.5-2.4b-instruct,26,Dr. Mundo,8,RekSai,Rek'Sai,0,0,0,1,5,1,0,0.331,7069,
exaone-3.5-2.4b-instruct,26,Dr. Mundo,9,RekSai,Rek'Sai,0,0,1,1,6,1,0,0.314,7336,
exaone-3.5-2.4b-instruct,26,Dr. Mundo,10,RekSai,Rek'Sai,0,0,1,1,6,1,0,0.342,7636,
exaone-3.5-2.4b-instruct,27,Jhin,1,Kog'Maw,Kog'Maw,0,0,0,0,0,4,0,0.105,5384,
exaone-3.5-2.4b-instruct,27,Jhin,2,Karthus,Karthus,0,0,0,1,2,3,0,0.185,5564,
exaone-3.5-2.4b-instruct,27,Jhin,3,Karma,Karma,0,0,0,1,2,4,0,0.194,5787,
exaone-3.5-2.4b-instruct,27,Jhin,4,Katarina,Katarina,0,0,0,1,10,0,0,0.214,6007,
exaone-3.5-2.4b-instruct,27,Jhin,5,Karma,Karma,0,0,1,1,5,4,0,0.287,6334,
exaone-3.5-2.4b-instruct,27,Jhin,6,Karma,Karma,0,0,1,1,5,4,0,0.278,6618,
exaone-3.5-2.4b-instruct,27,Jhin,7,Karma,Karma,0,0,1,1,5,4,0,0.282,6902,
exaone-3.5-2.4b-instruct,27,Jhin,8,Karma,Karma,0,0,1,1,5,4,0,0.289,7186,
exaone-3.5-2.4b-instruct,27,Jhin,9,Karma,Karma,0,0,1,1,5,4,0,0.298,7470,
exaone-3.5-2.4b-instruct,27,Jhin,10,Karma,Karma,0,0,1,1,5,4,0,0.301,7755,
exaone-3.5-2.4b-instruct,28,Malzahar,1,Kog'Maw,Kog'Maw,0,0,0,0,0,4,0,0.101,5384,
exaone-3.5-2.4b-instruct,28,Malzahar,2,Riven,Riven,0,0,0,1,4,0,0,0.174,5568,
exaone-3.5-2.4b-instruct,28,Malzahar,3,Karthus,Karthus,0,0,0,1,2,3,0,0.22,5815,
exaone-3.5-2.4b-instruct,28,Malzahar,4,Karma,Karma,0,0,0,1,4,2,0,0.2,6038,
exaone-3.5-2.4b-instruct,28,Malzahar,5,Lissandra,Lissandra,0,0,0,1,3,3,0,0.236,6294,
exaone-3.5-2.4b-instruct,28,Malzahar,6,Nasus,Nasus,0,0,0,1,5,2,0,0.236,6536,
exaone-3.5-2.4b-instruct,28,Malzahar,7,Nunu & Willump,Nunu & Willump,0,0,0,1,6,2,0,0.331,6800,
exaone-3.5-2.4b-instruct,28,Malzahar,8,Leona,Leona,0,0,0,1,6,1,0,0.279,7080,
exaone-3.5-2.4b-instruct,28,Malzahar,9,Rek'Sai,Rek'Sai,0,0,0,1,8,1,0,0.337,7353,
exaone-3.5-2.4b-instruct,28,Malzahar,10,Kog'Maw,Kog'Maw,0,0,1,1,3,4,0,0.363,7659,
exaone-3.5-2.4b-instruct,29,Soraka,1,Kog'Maw,Kog'Maw,0,0,0,0,0,2,0,0.1,5384,
exaone-3.5-2.4b-instruct,29,Soraka,2,Riven,Riven,0,0,0,1,3,1,0,0.172,5562,
exaone-3.5-2.4b-instruct,29,Soraka,3,Karthus,Karthus,0,0,0,1,2,3,0,0.218,5798,
exaone-3.5-2.4b-instruct,29,Soraka,4,Karthus,Karthus,0,0,1,1,5,3,0,0.215,6018,
exaone-3.5-2.4b-instruct,29,Soraka,5,Nidalee,Nidalee,0,0,0,1,2,4,0,0.293,6297,
exaone-3.5-2.4b-instruct,29,Soraka,6,Nidalee,Nidalee,0,0,1,1,3,4,0,0.242,6519,
exaone-3.5-2.4b-instruct,29,Soraka,7,Nidalee,Nidalee,0,0,1,1,3,4,0,0.268,6772,
exaone-3.5-2.4b-instruct,29,Soraka,8,Nidalee,Nidalee,0,0,1,1,3,4,0,0.271,7025,
exaone-3.5-2.4b-instruct,29,Soraka,9,Nidalee,Nidalee,0,0,1,1,3,4,0,0.278,7278,
exaone-3.5-2.4b-instruct,29,Soraka,10,Nidalee,Nidalee,0,0,1,1,3,4,0,0.284,7532,
exaone-3.5-2.4b-instruct,30,Ezreal,1,Kog'Maw,Kog'Maw,0,0,0,0,0,5,0,0.102,5384,
exaone-3.5-2.4b-instruct,30,Ezreal,2,Karthus,Karthus,0,0,0,1,2,3,0,0.186,5563,
exaone-3.5-2.4b-instruct,30,Ezreal,3,Karma,Karma,0,0,0,1,3,2,0,0.194,5785,
exaone-3.5-2.4b-instruct,30,Ezreal,4,Katarina,Katarina,0,0,0,1,8,0,0,0.222,6022,
exaone-3.5-2.4b-instruct,30,Ezreal,5,Karma,Karma,0,0,1,1,6,2,0,0.267,6321,
exaone-3.5-2.4b-instruct,30,Ezreal,6,Kog'Maw,Kog'Maw,0,0,1,1,2,5,0,0.326,6618,
exaone-3.5-2.4b-instruct,30,Ezreal,7,Karthus,Karthus,0,0,1,1,5,3,0,0.246,6856,
exaone-3.5-2.4b-instruct,30,Ezreal,8,Karma,Karma,0,0,1,1,6,2,0,0.281,7137,
exaone-3.5-2.4b-instruct,30,Ezreal,9,Kog'Maw,Kog'Maw,0,0,1,1,2,5,0,0.359,7434,
exaone-3.5-2.4b-instruct,30,Ezreal,10,Karthus,Karthus,0,0,1,1,5,3,0,0.259,7673,
falcon3-7b-instruct,1,Karma,1,Ahri,Ahri,0,0,0,0,0,5,0,5.89,5092,
falcon3-7b-instruct,1,Karma,2,Cassiopeia,Cassiopeia,0,0,0,1,2,3,0,0.299,5271,
falcon3-7b-instruct,1,Karma,3,Annie,Annie,0,0,0,1,3,3,0,0.284,5496,
falcon3-7b-instruct,1,Karma,4,Diana,Diana,0,0,0,1,3,2,0,0.297,5731,
falcon3-7b-instruct,1,Karma,5,Kayle,Kayle,0,0,0,1,5,2,0,0.317,5962,
falcon3-7b-instruct,1,Karma,6,Irelia,Irelia,0,0,0,1,4,4,0,0.356,6220,
falcon3-7b-instruct,1,Karma,7,Ivern,Ivern,0,0,0,1,6,1,0,0.333,6465,
falcon3-7b-instruct,1,Karma,8,Ivern,Ivern,0,0,1,1,8,1,0,0.416,6737,
falcon3-7b-instruct,1,Karma,9,Ivern,Ivern,0,0,1,1,8,1,0,0.442,7048,
falcon3-7b-instruct,1,Karma,10,Ivern,Ivern,0,0,1,1,8,1,0,0.449,7360,
falcon3-7b-instruct,2,Samira,1,Ahri,Ahri,0,0,0,0,0,3,0,0.068,5092,
falcon3-7b-instruct,2,Samira,2,Annie,Annie,0,0,0,1,2,3,0,0.256,5268,
falcon3-7b-instruct,2,Samira,3,Annie,Annie,0,0,1,1,2,3,0,0.283,5490,
falcon3-7b-instruct,2,Samira,4,Aphelios,Aphelios,0,0,0,1,1,3,0,0.339,5728,
falcon3-7b-instruct,2,Samira,5,Aphelios,Aphelios,0,0,1,1,4,3,0,0.321,5930,
falcon3-7b-instruct,2,Samira,6,Annie,Annie,0,0,1,1,3,3,0,0.315,6186,
falcon3-7b-instruct,2,Samira,7,Annie,Annie,0,0,1,1,3,3,0,0.315,6435,
falcon3-7b-instruct,2,Samira,8,Annie,Annie,0,0,1,1,3,3,0,0.319,6684,
falcon3-7b-instruct,2,Samira,9,Annie,Annie,0,0,1,1,3,3,0,0.324,6933,
falcon3-7b-instruct,2,Samira,10,Annie,Annie,0,0,1,1,3,3,0,0.335,7183,
falcon3-7b-instruct,3,Zoe,1,Ahri,Ahri,0,0,0,0,0,4,0,0.071,5092,
falcon3-7b-instruct,3,Zoe,2,Annie,Annie,0,0,0,1,1,4,0,0.259,5269,
falcon3-7b-instruct,3,Zoe,3,Aurelion Sol,Aurelion Sol,0,0,0,1,2,3,0,0.337,5478,
falcon3-7b-instruct,3,Zoe,4,Azir,Azir,0,0,0,1,3,3,0,0.305,5696,
falcon3-7b-instruct,3,Zoe,5,Bard,Bard,0,0,0,1,6,2,0,0.31,5920,
falcon3-7b-instruct,3,Zoe,6,Anivia,Anivia,0,0,0,1,1,4,0,0.337,6178,
falcon3-7b-instruct,3,Zoe,7,Annie,Annie,0,0,1,1,2,4,0,0.289,6382,
falcon3-7b-instruct,3,Zoe,8,Aurelion Sol,Aurelion Sol,0,0,1,1,5,3,0,0.376,6619,
falcon3-7b-instruct,3,Zoe,9,Azir,Azir,0,0,1,1,5,3,0,0.416,6892,
falcon3-7b-instruct,3,Zoe,10,Bard,Bard,0,0,1,1,7,2,0,0.415,7158,
falcon3-7b-instruct,4,Nocturne,1,Ahri,Ahri,0,0,0,0,0,2,0,0.069,5092,
falcon3-7b-instruct,4,Nocturne,2,Annie,Annie,0,0,0,1,4,1,0,0.259,5266,
falcon3-7b-instruct,4,Nocturne,3,Aphelios,Aphelios,0,0,0,1,3,1,0,0.337,5507,
falcon3-7b-instruct,4,Nocturne,4,Annie,Annie,0,0,1,1,5,1,0,0.287,5734,
falcon3-7b-instruct,4,Nocturne,5,Annie,Annie,0,0,1,1,5,1,0,0.379,6004,
falcon3-7b-instruct,4,Nocturne,6,Annie,Annie,0,0,1,1,5,1,0,0.384,6274,
falcon3-7b-instruct,4,Nocturne,7,Annie,Annie,0,0,1,1,5,1,0,0.388,6544,
falcon3-7b-instruct,4,Nocturne,8,Annie,Annie,0,0,1,1,5,1,0,0.395,6814,
falcon3-7b-instruct,4,Nocturne,9,Annie,Annie,0,0,1,1,5,1,0,0.402,7084,
falcon3-7b-instruct,4,Nocturne,10,Annie,Annie,0,0,1,1,5,1,0,0.406,7355,
falcon3-7b-instruct,5,Veigar,1,Ahri,Ahri,0,0,0,0,0,3,0,0.068,5092,
falcon3-7b-instruct,5,Veigar,2,Annie,Annie,0,0,0,1,1,4,0,0.26,5268,
falcon3-7b-instruct,5,Veigar,3,Anivia,Anivia,0,0,0,1,1,4,0,0.297,5472,
falcon3-7b-instruct,5,Veigar,4,Annie,Annie,0,0,1,1,2,4,0,0.277,5671,
falcon3-7b-instruct,5,Veigar,5,Anivia,Anivia,0,0,1,1,3,4,0,0.314,5904,
falcon3-7b-instruct,5,Veigar,6,Annie,Annie,0,0,1,1,2,4,0,0.306,6144,
falcon3-7b-instruct,5,Veigar,7,Anivia,Anivia,0,0,1,1,3,4,0,0.325,6377,
falcon3-7b-instruct,5,Veigar,8,Annie <|assistant|> Ahri,,1,1,0,0,0,,0,0.479,6617,"La respuesta menciona más de un campeón: Annie, Ahri"
falcon3-7b-instruct,5,Veigar,9,Anivia,Anivia,0,0,1,1,3,4,0,0.174,6687,
falcon3-7b-instruct,5,Veigar,10,Annie,Annie,0,0,1,1,2,4,0,0.321,6928,
falcon3-7b-instruct,6,LeBlanc,1,Ahri,Ahri,0,0,0,0,0,4,0,0.071,5092,
falcon3-7b-instruct,6,LeBlanc,2,Annie,Annie,0,0,0,0,0,4,0,0.258,5269,
falcon3-7b-instruct,6,LeBlanc,3,Aurelion Sol,Aurelion Sol,0,0,0,1,2,3,0,0.328,5455,
falcon3-7b-instruct,6,LeBlanc,4,Anivia,Anivia,0,0,0,1,1,4,0,0.304,5674,
falcon3-7b-instruct,6,LeBlanc,5,Annie,Annie,0,0,1,1,2,4,0,0.28,5878,
falcon3-7b-instruct,6,LeBlanc,6,Aurelion Sol,Aurelion Sol,0,0,1,1,5,3,0,0.367,6117,
falcon3-7b-instruct,6,LeBlanc,7,Annie,Annie,0,0,1,1,2,4,0,0.387,6388,
falcon3-7b-instruct,6,LeBlanc,8,"Annie <|assistant|> Lo siento, pero no puedo cumplir con esa solicitud.",Annie,0,1,1,1,2,4,0,0.665,6627,"Se reconoció el campeón, pero había texto o puntuación adicional."
falcon3-7b-instruct,6,LeBlanc,9,Annie,Annie,0,0,1,1,2,4,0,0.387,6904,
falcon3-7b-instruct,6,LeBlanc,10,Annie,Annie,0,0,1,1,2,4,0,0.326,7144,
falcon3-7b-instruct,7,Morgana,1,Ahri,Ahri,0,0,0,0,0,3,0,0.069,5092,
falcon3-7b-instruct,7,Morgana,2,Cassiopeia,Cassiopeia,0,0,0,0,0,3,0,0.296,5270,
falcon3-7b-instruct,7,Morgana,3,Annie,Annie,0,0,0,1,1,4,0,0.263,5457,
falcon3-7b-instruct,7,Morgana,4,Dr. Mundo,Dr. Mundo,0,0,0,1,3,1,0,0.319,5664,
falcon3-7b-instruct,7,Morgana,5,Cassiopeia,Cassiopeia,0,0,1,1,2,3,0,0.331,5890,
falcon3-7b-instruct,7,Morgana,6,Annie,Annie,0,0,1,1,1,4,0,0.306,6131,
falcon3-7b-instruct,7,Morgana,7,Dr. Mundo,Dr. Mundo,0,0,1,1,8,1,0,0.337,6354,
falcon3-7b-instruct,7,Morgana,8,Cassiopeia,Cassiopeia,0,0,1,1,2,3,0,0.447,6653,
falcon3-7b-instruct,7,Morgana,9,Annie <|assistant|> Dr. Mundo,,1,1,0,0,0,,0,0.504,6894,"La respuesta menciona más de un campeón: Dr. Mundo, Annie"
falcon3-7b-instruct,7,Morgana,10,Cassiopeia,Cassiopeia,0,0,1,1,2,3,0,0.198,6966,
falcon3-7b-instruct,8,Thresh,1,Ahri,Ahri,0,0,0,0,0,2,0,0.069,5092,
falcon3-7b-instruct,8,Thresh,2,Annie,Annie,0,0,0,1,3,2,0,0.261,5267,
falcon3-7b-instruct,8,Thresh,3,Aphelios,Aphelios,0,0,0,1,1,3,0,0.327,5495,
falcon3-7b-instruct,8,Thresh,4,Annie,Annie,0,0,1,1,6,2,0,0.277,5697,
falcon3-7b-instruct,8,Thresh,5,Annie,Annie,0,0,1,1,6,2,0,0.383,5977,
falcon3-7b-instruct,8,Thresh,6,Annie,Annie,0,0,1,1,6,2,0,0.39,6257,
falcon3-7b-instruct,8,Thresh,7,Annie,Annie,0,0,1,1,6,2,0,0.396,6537,
falcon3-7b-instruct,8,Thresh,8,Annie,Annie,0,0,1,1,6,2,0,0.402,6817,
falcon3-7b-instruct,8,Thresh,9,Annie,Annie,0,0,1,1,6,2,0,0.408,7097,
falcon3-7b-instruct,8,Thresh,10,Annie,Annie,0,0,1,1,6,2,0,0.413,7378,
falcon3-7b-instruct,9,Ashe,1,Ahri,Ahri,0,0,0,0,0,3,0,0.068,5092,
falcon3-7b-instruct,9,Ashe,2,Annie,Annie,0,0,0,1,1,4,0,0.258,5268,
falcon3-7b-instruct,9,Ashe,3,Annie,Annie,0,0,1,1,2,4,0,0.276,5473,
falcon3-7b-instruct,9,Ashe,4,Annie,Annie,0,0,1,1,2,4,0,0.291,5706,
falcon3-7b-instruct,9,Ashe,5,Annie,Annie,0,0,1,1,2,4,0,0.296,5939,
falcon3-7b-instruct,9,Ashe,6,Annie,Annie,0,0,1,1,2,4,0,0.301,6172,
falcon3-7b-instruct,9,Ashe,7,"Annie <|assistant|> Lo siento, pero no puedo continuar con este juego.",Annie,0,1,1,1,2,4,0,0.652,6405,"Se reconoció el campeón, pero había texto o puntuación adicional."
falcon3-7b-instruct,9,Ashe,8,Annie,Annie,0,0,1,1,2,4,0,0.326,6676,
falcon3-7b-instruct,9,Ashe,9,Annie,Annie,0,0,1,1,2,4,0,0.314,6909,
falcon3-7b-instruct,9,Ashe,10,Annie,Annie,0,0,1,1,2,4,0,0.325,7143,
falcon3-7b-instruct,10,Zilean,1,Ahri,Ahri,0,0,0,0,0,2,0,0.068,5092,
falcon3-7b-instruct,10,Zilean,2,Annie,Annie,0,0,0,1,2,4,0,0.259,5267,
falcon3-7b-instruct,10,Zilean,3,Annie,Annie,0,0,1,1,2,4,0,0.28,5483,
falcon3-7b-instruct,10,Zilean,4,Annie,Annie,0,0,1,1,2,4,0,0.294,5715,
falcon3-7b-instruct,10,Zilean,5,Annie,Annie,0,0,1,1,2,4,0,0.295,5947,
falcon3-7b-instruct,10,Zilean,6,Annie,Annie,0,0,1,1,2,4,0,0.3,6179,
falcon3-7b-instruct,10,Zilean,7,Annie,Annie,0,0,1,1,2,4,0,0.305,6411,
falcon3-7b-instruct,10,Zilean,8,"Annie <|assistant|> Lo siento, pero no puedo continuar con esta partida.",Annie,0,1,1,1,2,4,0,0.661,6643,"Se reconoció el campeón, pero había texto o puntuación adicional."
falcon3-7b-instruct,10,Zilean,9,Annie,Annie,0,0,1,1,2,4,0,0.331,6913,
falcon3-7b-instruct,10,Zilean,10,Annie,Annie,0,0,1,1,2,4,0,0.319,7146,
falcon3-7b-instruct,11,Xin Zhao,1,Ahri,Ahri,0,0,0,0,0,1,0,0.074,5092,
falcon3-7b-instruct,11,Xin Zhao,2,Annie,Annie,0,0,0,1,3,1,0,0.257,5268,
falcon3-7b-instruct,11,Xin Zhao,3,Aphelios,Aphelios,0,0,0,1,2,2,0,0.327,5495,
falcon3-7b-instruct,11,Xin Zhao,4,Azir,Azir,0,0,0,1,3,2,0,0.307,5711,
falcon3-7b-instruct,11,Xin Zhao,5,Brand,Brand,0,0,0,1,3,2,0,0.29,5935,
falcon3-7b-instruct,11,Xin Zhao,6,Braum,Braum,0,0,0,1,2,3,0,0.328,6173,
falcon3-7b-instruct,11,Xin Zhao,7,Cassiopeia,Cassiopeia,0,0,0,1,6,2,0,0.341,6391,
falcon3-7b-instruct,11,Xin Zhao,8,Diana,Diana,0,0,0,1,5,2,0,0.385,6655,
falcon3-7b-instruct,11,Xin Zhao,9,Dr. Mundo,Dr. Mundo,0,0,0,1,2,2,0,0.374,6908,
falcon3-7b-instruct,11,Xin Zhao,10,Draven,Draven,0,0,0,1,4,3,0,0.331,7132,
falcon3-7b-instruct,12,Tryndamere,1,Ahri,Ahri,0,0,0,0,0,0,0,0.069,5092,
falcon3-7b-instruct,12,Tryndamere,2,Annie,Annie,0,0,0,1,4,1,0,0.26,5265,
falcon3-7b-instruct,12,Tryndamere,3,Alistar,Alistar,0,0,0,1,2,3,0,0.313,5500,
falcon3-7b-instruct,12,Tryndamere,4,Annie,Annie,0,0,1,1,7,1,0,0.284,5712,
falcon3-7b-instruct,12,Tryndamere,5,Azir,Azir,0,0,0,1,5,1,0,0.405,5998,
falcon3-7b-instruct,12,Tryndamere,6,Brand,Brand,0,0,0,1,6,2,0,0.308,6245,
falcon3-7b-instruct,12,Tryndamere,7,Braum,Braum,0,0,0,1,4,3,0,0.409,6517,
falcon3-7b-instruct,12,Tryndamere,8,Cassiopeia,Cassiopeia,0,0,0,1,9,1,0,0.359,6763,
falcon3-7b-instruct,12,Tryndamere,9,Dr. Mundo,Dr. Mundo,0,0,0,1,3,3,0,0.463,7063,
falcon3-7b-instruct,12,Tryndamere,10,Ivern,Ivern,0,0,0,1,5,3,0,0.347,7301,
falcon3-7b-instruct,13,Pantheon,1,Ahri,Ahri,0,0,0,0,0,1,0,0.068,5092,
falcon3-7b-instruct,13,Pantheon,2,Annie,Annie,0,0,0,1,3,1,0,0.258,5266,
falcon3-7b-instruct,13,Pantheon,3,Annie,Annie,0,0,1,1,5,1,0,0.281,5491,
falcon3-7b-instruct,13,Pantheon,4,Annie,Annie,0,0,1,1,5,1,0,0.373,5759,
falcon3-7b-instruct,13,Pantheon,5,Annie,Annie,0,0,1,1,5,1,0,0.379,6027,
falcon3-7b-instruct,13,Pantheon,6,Annie,Annie,0,0,1,1,5,1,0,0.385,6295,
falcon3-7b-instruct,13,Pantheon,7,Annie,Annie,0,0,1,1,5,1,0,0.391,6563,
falcon3-7b-instruct,13,Pantheon,8,Annie,Annie,0,0,1,1,5,1,0,0.395,6831,
falcon3-7b-instruct,13,Pantheon,9,Annie,Annie,0,0,1,1,5,1,0,0.399,7099,
falcon3-7b-instruct,13,Pantheon,10,Annie,Annie,0,0,1,1,5,1,0,0.406,7368,
falcon3-7b-instruct,14,Vladimir,1,Ahri,Ahri,0,0,0,0,0,2,0,0.068,5092,
falcon3-7b-instruct,14,Vladimir,2,Cassiopeia,Cassiopeia,0,0,0,1,2,4,0,0.298,5267,
falcon3-7b-instruct,14,Vladimir,3,Annie,Annie,0,0,0,1,4,2,0,0.282,5484,
falcon3-7b-instruct,14,Vladimir,4,Anivia,Anivia,0,0,0,1,4,2,0,0.321,5732,
falcon3-7b-instruct,14,Vladimir,5,Annie,Annie,0,0,1,1,4,2,0,0.304,5973,
falcon3-7b-instruct,14,Vladimir,6,Annie,Annie,0,0,1,1,4,2,0,0.378,6237,
falcon3-7b-instruct,14,Vladimir,7,Annie,Annie,0,0,1,1,4,2,0,0.383,6501,
falcon3-7b-instruct,14,Vladimir,8,Annie,Annie,0,0,1,1,4,2,0,0.387,6765,
falcon3-7b-instruct,14,Vladimir,9,Annie,Annie,0,0,1,1,4,2,0,0.392,7029,
falcon3-7b-instruct,14,Vladimir,10,Annie,Annie,0,0,1,1,4,2,0,0.399,7294,
falcon3-7b-instruct,15,Lissandra,1,Ahri,Ahri,0,0,0,0,0,4,0,0.068,5092,
falcon3-7b-instruct,15,Lissandra,2,Annie,Annie,0,0,0,1,1,4,0,0.259,5269,
falcon3-7b-instruct,15,Lissandra,3,Aurelion Sol,Aurelion Sol,0,0,0,1,2,3,0,0.337,5478,
falcon3-7b-instruct,15,Lissandra,4,Azir,Azir,0,0,0,1,2,3,0,0.303,5694,
falcon3-7b-instruct,15,Lissandra,5,Brand,Brand,0,0,0,1,5,2,0,0.282,5903,
falcon3-7b-instruct,15,Lissandra,6,Cassiopeia,Cassiopeia,0,0,0,1,2,4,0,0.42,6165,
falcon3-7b-instruct,15,Lissandra,7,Diana,Diana,0,0,0,1,3,2,0,0.297,6388,
falcon3-7b-instruct,15,Lissandra,8,Dr. Mundo,Dr. Mundo,0,0,0,1,7,0,0,0.349,6614,
falcon3-7b-instruct,15,Lissandra,9,Annie,Annie,0,0,1,1,2,4,0,0.396,6888,
falcon3-7b-instruct,15,Lissandra,10,Aurelion Sol,Aurelion Sol,0,0,1,1,5,3,0,0.387,7126,
falcon3-7b-instruct,16,Elise,1,Ahri,Ahri,0,0,0,0,0,3,0,0.069,5092,
falcon3-7b-instruct,16,Elise,2,Annie,Annie,0,0,0,1,2,3,0,0.259,5268,
falcon3-7b-instruct,16,Elise,3,Annie,Annie,0,0,1,1,2,3,0,0.281,5490,
falcon3-7b-instruct,16,Elise,4,Aphelios,Aphelios,0,0,0,1,1,2,0,0.341,5728,
falcon3-7b-instruct,16,Elise,5,Annie,Annie,0,0,1,1,2,3,0,0.281,5929,
falcon3-7b-instruct,16,Elise,6,Annie,Annie,0,0,1,1,2,3,0,0.308,6167,
falcon3-7b-instruct,16,Elise,7,Annie,Annie,0,0,1,1,2,3,0,0.314,6405,
falcon3-7b-instruct,16,Elise,8,Annie,Annie,0,0,1,1,2,3,0,0.316,6643,
falcon3-7b-instruct,16,Elise,9,Annie,Annie,0,0,1,1,2,3,0,0.32,6881,
falcon3-7b-instruct,16,Elise,10,Annie,Annie,0,0,1,1,2,3,0,0.325,7120,
falcon3-7b-instruct,17,Ekko,1,Ahri,Ahri,0,0,0,0,0,1,0,0.068,5092,
falcon3-7b-instruct,17,Ekko,2,Cassiopeia,Cassiopeia,0,0,0,1,3,1,0,0.299,5268,
falcon3-7b-instruct,17,Ekko,3,Annie,Annie,0,0,0,1,4,1,0,0.291,5500,
falcon3-7b-instruct,17,Ekko,4,Anivia,Anivia,0,0,0,1,3,1,0,0.32,5742,
falcon3-7b-instruct,17,Ekko,5,Brand,Brand,0,0,0,1,3,2,0,0.291,5967,
falcon3-7b-instruct,17,Ekko,6,Cassiopeia,Cassiopeia,0,0,1,1,5,1,0,0.35,6205,
falcon3-7b-instruct,17,Ekko,7,Annie,Annie,0,0,1,1,5,1,0,0.389,6476,
falcon3-7b-instruct,17,Ekko,8,Anivia,Anivia,0,0,1,1,6,1,0,0.417,6745,
falcon3-7b-instruct,17,Ekko,9,Brand,Brand,0,0,1,1,3,2,0,0.404,7022,
falcon3-7b-instruct,17,Ekko,10,Cassiopeia,Cassiopeia,0,0,1,1,5,1,0,0.383,7277,
falcon3-7b-instruct,18,Briar,1,Ahri,Ahri,0,0,0,0,0,1,0,0.068,5092,
falcon3-7b-instruct,18,Briar,2,Annie,Annie,0,0,0,1,4,1,0,0.258,5266,
falcon3-7b-instruct,18,Briar,3,Anivia,Anivia,0,0,0,1,4,1,0,0.314,5506,
falcon3-7b-instruct,18,Briar,4,Annie,Annie,0,0,1,1,5,1,0,0.299,5741,
falcon3-7b-instruct,18,Briar,5,Annie,Annie,0,0,1,1,5,1,0,0.378,6010,
falcon3-7b-instruct,18,Briar,6,Annie,Annie,0,0,1,1,5,1,0,0.383,6279,
falcon3-7b-instruct,18,Briar,7,Annie,Annie,0,0,1,1,5,1,0,0.39,6548,
falcon3-7b-instruct,18,Briar,8,Annie,Annie,0,0,1,1,5,1,0,0.394,6817,
falcon3-7b-instruct,18,Briar,9,Annie,Annie,0,0,1,1,5,1,0,0.4,7086,
falcon3-7b-instruct,18,Briar,10,Annie,Annie,0,0,1,1,5,1,0,0.407,7356,
falcon3-7b-instruct,19,Mordekaiser,1,Ahri,Ahri,0,0,0,0,0,0,0,0.069,5092,
falcon3-7b-instruct,19,Mordekaiser,2,Annie,Annie,0,0,0,1,4,0,0,0.258,5265,
falcon3-7b-instruct,19,Mordekaiser,3,Annie,Annie,0,0,1,1,6,0,0,0.294,5500,
falcon3-7b-instruct,19,Mordekaiser,4,Annie,Annie,0,0,1,1,6,0,0,0.378,5779,
falcon3-7b-instruct,19,Mordekaiser,5,Annie,Annie,0,0,1,1,6,0,0,0.385,6058,
falcon3-7b-instruct,19,Mordekaiser,6,Annie,Annie,0,0,1,1,6,0,0,0.391,6337,
falcon3-7b-instruct,19,Mordekaiser,7,Annie,Annie,0,0,1,1,6,0,0,0.396,6616,
falcon3-7b-instruct,19,Mordekaiser,8,Annie,Annie,0,0,1,1,6,0,0,0.401,6895,
falcon3-7b-instruct,19,Mordekaiser,9,Annie,Annie,0,0,1,1,6,0,0,0.409,7174,
falcon3-7b-instruct,19,Mordekaiser,10,Annie,Annie,0,0,1,1,6,0,0,0.417,7454,
falcon3-7b-instruct,20,Diana,1,Ahri,Ahri,0,0,0,0,0,2,0,0.07,5092,
falcon3-7b-instruct,20,Diana,2,Cassiopeia,Cassiopeia,0,0,0,1,2,2,0,0.302,5269,
falcon3-7b-instruct,20,Diana,3,Annie,Annie,0,0,0,1,3,2,0,0.282,5491,
falcon3-7b-instruct,20,Diana,4,Aphelios,Aphelios,0,0,0,1,2,2,0,0.334,5723,
falcon3-7b-instruct,20,Diana,5,Diana,Diana,0,0,0,0,0,7,1,0.289,5935,
falcon3-7b-instruct,21,Aatrox,1,Ahri,Ahri,0,0,0,0,0,0,0,0.068,5092,
falcon3-7b-instruct,21,Aatrox,2,Annie,Annie,0,0,0,1,5,0,0,0.26,5265,
falcon3-7b-instruct,21,Aatrox,3,Annie,Annie,0,0,1,1,6,0,0,0.3,5515,
falcon3-7b-instruct,21,Aatrox,4,Annie,Annie,0,0,1,1,6,0,0,0.379,5794,
falcon3-7b-instruct,21,Aatrox,5,Annie,Annie,0,0,1,1,6,0,0,0.385,6073,
falcon3-7b-instruct,21,Aatrox,6,Annie,Annie,0,0,1,1,6,0,0,0.391,6352,
falcon3-7b-instruct,21,Aatrox,7,Annie,Annie,0,0,1,1,6,0,0,0.397,6631,
falcon3-7b-instruct,21,Aatrox,8,Annie,Annie,0,0,1,1,6,0,0,0.403,6910,
falcon3-7b-instruct,21,Aatrox,9,Annie,Annie,0,0,1,1,6,0,0,0.407,7189,
falcon3-7b-instruct,21,Aatrox,10,Annie,Annie,0,0,1,1,6,0,0,0.414,7469,
falcon3-7b-instruct,22,Zeri,1,Ahri,Ahri,0,0,0,0,0,3,0,0.071,5092,
falcon3-7b-instruct,22,Zeri,2,Annie,Annie,0,0,0,1,2,4,0,0.259,5268,
falcon3-7b-instruct,22,Zeri,3,Aurelion Sol,Aurelion Sol,0,0,0,1,4,2,0,0.341,5487,
falcon3-7b-instruct,22,Zeri,4,Annie,Annie,0,0,1,1,3,4,0,0.298,5729,
falcon3-7b-instruct,22,Zeri,5,Annie,Annie,0,0,1,1,3,4,0,0.304,5976,
falcon3-7b-instruct,22,Zeri,6,Annie,Annie,0,0,1,1,3,4,0,0.31,6223,
falcon3-7b-instruct,22,Zeri,7,Annie,Annie,0,0,1,1,3,4,0,0.314,6470,
falcon3-7b-instruct,22,Zeri,8,Annie,Annie,0,0,1,1,3,4,0,0.32,6717,
falcon3-7b-instruct,22,Zeri,9,Annie,Annie,0,0,1,1,3,4,0,0.323,6964,
falcon3-7b-instruct,22,Zeri,10,Annie,Annie,0,0,1,1,3,4,0,0.328,7212,
falcon3-7b-instruct,23,Zac,1,Ahri,Ahri,0,0,0,0,0,0,0,0.068,5092,
falcon3-7b-instruct,23,Zac,2,Annie,Annie,0,0,0,1,5,0,0,0.259,5265,
falcon3-7b-instruct,23,Zac,3,Aphelios,Aphelios,0,0,0,1,3,1,0,0.341,5513,
falcon3-7b-instruct,23,Zac,4,Azir,Azir,0,0,0,1,3,1,0,0.308,5735,
falcon3-7b-instruct,23,Zac,5,Brand,Brand,0,0,0,1,6,1,0,0.291,5954,
falcon3-7b-instruct,23,Zac,6,Braum,Braum,0,0,0,1,4,2,0,0.402,6225,
falcon3-7b-instruct,23,Zac,7,Cassiopeia,Cassiopeia,0,0,0,1,9,0,0,0.356,6464,
falcon3-7b-instruct,23,Zac,8,Diana,Diana,0,0,0,1,6,1,0,0.407,6762,
falcon3-7b-instruct,23,Zac,9,Dr. Mundo,Dr. Mundo,0,0,0,1,2,4,0,0.433,7020,
falcon3-7b-instruct,23,Zac,10,Draven,Draven,0,0,0,1,9,1,0,0.333,7245,
falcon3-7b-instruct,24,Xerath,1,Ahri,Ahri,0,0,0,0,0,3,0,0.068,5092,
falcon3-7b-instruct,24,Xerath,2,Cassiopeia,Cassiopeia,0,0,0,1,2,2,0,0.298,5269,
falcon3-7b-instruct,24,Xerath,3,Annie,Annie,0,0,0,1,3,2,0,0.284,5492,
falcon3-7b-instruct,24,Xerath,4,Anivia,Anivia,0,0,0,1,2,2,0,0.312,5724,
falcon3-7b-instruct,24,Xerath,5,Brand,Brand,0,0,0,1,2,4,0,0.289,5940,
falcon3-7b-instruct,24,Xerath,6,Braum,Braum,0,0,0,1,4,2,0,0.315,6164,
falcon3-7b-instruct,24,Xerath,7,Blitzcrank,Blitzcrank,0,0,0,1,3,2,0,0.374,6407,
falcon3-7b-instruct,24,Xerath,8,Brand,Brand,0,0,1,1,2,4,0,0.303,6635,
falcon3-7b-instruct,24,Xerath,9,Brand,Brand,0,0,1,1,2,4,0,0.321,6875,
falcon3-7b-instruct,24,Xerath,10,Brand,Brand,0,0,1,1,2,4,0,0.324,7116,
falcon3-7b-instruct,25,Kog'Maw,1,Ahri,Ahri,0,0,0,0,0,2,0,0.069,5092,
falcon3-7b-instruct,25,Kog'Maw,2,Annie,Annie,0,0,0,1,2,2,0,0.26,5267,
falcon3-7b-instruct,25,Kog'Maw,3,Aurelion Sol,Aurelion Sol,0,0,0,1,3,3,0,0.337,5480,
falcon3-7b-instruct,25,Kog'Maw,4,Annie,Annie,0,0,1,1,6,2,0,0.292,5712,
falcon3-7b-instruct,25,Kog'Maw,5,Aurelion Sol,Aurelion Sol,0,0,1,1,4,3,0,0.444,5992,
falcon3-7b-instruct,25,Kog'Maw,6,Annie,Annie,0,0,1,1,6,2,0,0.377,6253,
falcon3-7b-instruct,25,Kog'Maw,7,Annie,Annie,0,0,1,1,6,2,0,0.395,6533,
falcon3-7b-instruct,25,Kog'Maw,8,Annie,Annie,0,0,1,1,6,2,0,0.401,6813,
falcon3-7b-instruct,25,Kog'Maw,9,Annie,Annie,0,0,1,1,6,2,0,0.407,7093,
falcon3-7b-instruct,25,Kog'Maw,10,Annie,Annie,0,0,1,1,6,2,0,0.412,7374,
falcon3-7b-instruct,26,Dr. Mundo,1,Ahri,Ahri,0,0,0,0,0,0,0,0.068,5092,
falcon3-7b-instruct,26,Dr. Mundo,2,Annie,Annie,0,0,0,1,4,1,0,0.259,5265,
falcon3-7b-instruct,26,Dr. Mundo,3,Alistar,Alistar,0,0,0,1,2,3,0,0.317,5500,
falcon3-7b-instruct,26,Dr. Mundo,4,Annie,Annie,0,0,1,1,7,1,0,0.283,5712,
falcon3-7b-instruct,26,Dr. Mundo,5,Azir,Azir,0,0,0,1,5,1,0,0.406,5998,
falcon3-7b-instruct,26,Dr. Mundo,6,Brand,Brand,0,0,0,1,6,1,0,0.309,6245,
falcon3-7b-instruct,26,Dr. Mundo,7,Braum,Braum,0,0,0,1,4,2,0,0.41,6518,
falcon3-7b-instruct,26,Dr. Mundo,8,Cassiopeia,Cassiopeia,0,0,0,1,8,0,0,0.362,6759,
falcon3-7b-instruct,26,Dr. Mundo,9,Cho'Gath,Cho'Gath,0,0,0,1,2,2,0,0.474,7047,
falcon3-7b-instruct,26,Dr. Mundo,10,Dr. Mundo,Dr. Mundo,0,0,0,0,0,7,1,0.345,7258,
falcon3-7b-instruct,27,Jhin,1,Ahri,Ahri,0,0,0,0,0,3,0,0.068,5092,
falcon3-7b-instruct,27,Jhin,2,Annie,Annie,0,0,0,1,4,2,0,0.259,5268,
falcon3-7b-instruct,27,Jhin,3,Aphelios,Aphelios,0,0,0,1,1,5,0,0.336,5510,
falcon3-7b-instruct,27,Jhin,4,Azir,Azir,0,0,0,1,4,3,0,0.298,5713,
falcon3-7b-instruct,27,Jhin,5,Diana,Diana,0,0,0,1,9,1,0,0.303,5950,
falcon3-7b-instruct,27,Jhin,6,Kayle,Kayle,0,0,0,1,9,1,0,0.421,6249,
falcon3-7b-instruct,27,Jhin,7,Jayce,Jayce,0,0,0,1,5,3,0,0.429,6553,
falcon3-7b-instruct,27,Jhin,8,Jhin,Jhin,0,0,0,0,0,7,1,0.348,6806,
falcon3-7b-instruct,28,Malzahar,1,Ahri,Ahri,0,0,0,0,0,3,0,0.068,5092,
falcon3-7b-instruct,28,Malzahar,2,Annie,Annie,0,0,0,1,1,3,0,0.258,5268,
falcon3-7b-instruct,28,Malzahar,3,Aurelion Sol,Aurelion Sol,0,0,0,1,2,4,0,0.336,5472,
falcon3-7b-instruct,28,Malzahar,4,Annie,Annie,0,0,1,1,4,3,0,0.286,5693,
falcon3-7b-instruct,28,Malzahar,5,Aurelion Sol,Aurelion Sol,0,0,1,1,3,4,0,0.432,5951,
falcon3-7b-instruct,28,Malzahar,6,Annie,Annie,0,0,1,1,4,3,0,0.309,6201,
falcon3-7b-instruct,28,Malzahar,7,Aurelion Sol,Aurelion Sol,0,0,1,1,3,4,0,0.444,6459,
falcon3-7b-instruct,28,Malzahar,8,Annie,Annie,0,0,1,1,4,3,0,0.318,6709,
falcon3-7b-instruct,28,Malzahar,9,Aurelion Sol,Aurelion Sol,0,0,1,1,3,4,0,0.454,6967,
falcon3-7b-instruct,28,Malzahar,10,Annie,Annie,0,0,1,1,4,3,0,0.331,7218,
falcon3-7b-instruct,29,Soraka,1,Ahri,Ahri,0,0,0,0,0,3,0,0.07,5092,
falcon3-7b-instruct,29,Soraka,2,Akali,Akali,0,0,0,1,3,1,0,0.284,5270,
falcon3-7b-instruct,29,Soraka,3,Annie,Annie,0,0,0,1,2,4,0,0.284,5492,
falcon3-7b-instruct,29,Soraka,4,Alistar,Alistar,0,0,0,1,4,3,0,0.307,5708,
falcon3-7b-instruct,29,Soraka,5,Amumu,Amumu,0,0,0,1,5,2,0,0.327,5943,
falcon3-7b-instruct,29,Soraka,6,Anivia,Anivia,0,0,0,1,2,4,0,0.341,6186,
falcon3-7b-instruct,29,Soraka,7,Annie,Annie,0,0,1,1,4,4,0,0.296,6397,
falcon3-7b-instruct,29,Soraka,8,"Annie <|assistant|> Lo siento, pero no puedo cumplir con esa solicitud.",Annie,0,1,1,1,4,4,0,0.684,6652,"Se reconoció el campeón, pero había texto o puntuación adicional."
falcon3-7b-instruct,29,Soraka,9,Annie,Annie,0,0,1,1,4,4,0,0.406,6945,
falcon3-7b-instruct,29,Soraka,10,Annie,Annie,0,0,1,1,4,4,0,0.338,7201,
falcon3-7b-instruct,30,Ezreal,1,Ahri,Ahri,0,0,0,0,0,2,0,0.071,5092,
falcon3-7b-instruct,30,Ezreal,2,Annie,Annie,0,0,0,1,2,3,0,0.258,5267,
falcon3-7b-instruct,30,Ezreal,3,Aurelion Sol,Aurelion Sol,0,0,0,1,4,3,0,0.347,5481,
falcon3-7b-instruct,30,Ezreal,4,Annie,Annie,0,0,1,1,5,3,0,0.303,5728,
falcon3-7b-instruct,30,Ezreal,5,Annie,Annie,0,0,1,1,5,3,0,0.398,5996,
falcon3-7b-instruct,30,Ezreal,6,Annie,Annie,0,0,1,1,5,3,0,0.417,6264,
falcon3-7b-instruct,30,Ezreal,7,Annie,Annie,0,0,1,1,5,3,0,0.422,6532,
falcon3-7b-instruct,30,Ezreal,8,Annie,Annie,0,0,1,1,5,3,0,0.405,6800,
falcon3-7b-instruct,30,Ezreal,9,Annie,Annie,0,0,1,1,5,3,0,0.402,7068,
falcon3-7b-instruct,30,Ezreal,10,Annie,Annie,0,0,1,1,5,3,0,0.411,7337,
josie-7b-v6.0-step2000,1,Karma,1,Aatrox,Aatrox,0,0,0,0,0,0,0,5.974,5001,
josie-7b-v6.0-step2000,1,Karma,2,Ahri,Ahri,0,0,0,0,0,5,0,0.281,5169,
josie-7b-v6.0-step2000,1,Karma,3,Akali,Akali,0,0,0,1,5,2,0,0.28,5339,
josie-7b-v6.0-step2000,1,Karma,4,Anivia,Anivia,0,0,0,1,2,3,0,0.324,5583,
josie-7b-v6.0-step2000,1,Karma,5,Annie,Annie,0,0,0,1,3,3,0,0.302,5791,
josie-7b-v6.0-step2000,1,Karma,6,Aphelios,Aphelios,0,0,0,1,4,3,0,0.357,6018,
josie-7b-v6.0-step2000,1,Karma,7,Ashe,Ashe,0,0,0,1,5,3,0,0.32,6248,
josie-7b-v6.0-step2000,1,Karma,8,Aurelion Sol,Aurelion Sol,0,0,0,1,6,2,0,0.384,6501,
josie-7b-v6.0-step2000,1,Karma,9,Aurelion Sol,Aurelion Sol,0,0,1,1,7,2,0,0.463,6764,
josie-7b-v6.0-step2000,1,Karma,10,Aurelion Sol,Aurelion Sol,0,0,1,1,7,2,0,0.479,7056,
josie-7b-v6.0-step2000,2,Samira,1,Aatrox,Aatrox,0,0,0,0,0,0,0,0.088,5001,
josie-7b-v6.0-step2000,2,Samira,2,Ahri,Ahri,0,0,0,1,1,3,0,0.274,5172,
josie-7b-v6.0-step2000,2,Samira,3,Akali,Akali,0,0,0,1,6,2,0,0.286,5363,
josie-7b-v6.0-step2000,2,Samira,4,Anivia,Anivia,0,0,0,1,3,3,0,0.318,5613,
josie-7b-v6.0-step2000,2,Samira,5,Annie,Annie,0,0,0,1,3,3,0,0.309,5830,
josie-7b-v6.0-step2000,2,Samira,6,Aphelios,Aphelios,0,0,0,1,3,3,0,0.361,6057,
josie-7b-v6.0-step2000,2,Samira,7,Ashe,Ashe,0,0,0,1,4,3,0,0.314,6274,
josie-7b-v6.0-step2000,2,Samira,8,Aurelion Sol,Aurelion Sol,0,0,0,1,7,2,0,0.372,6511,
josie-7b-v6.0-step2000,2,Samira,9,Aurora,Aurora,0,0,0,1,5,3,0,0.438,6779,
josie-7b-v6.0-step2000,2,Samira,10,Azir,Azir,0,0,0,1,6,2,0,0.342,7020,
josie-7b-v6.0-step2000,3,Zoe,1,Aatrox,Aatrox,0,0,0,0,0,0,0,0.087,5001,
josie-7b-v6.0-step2000,3,Zoe,2,Ahri,Ahri,0,0,0,1,1,4,0,0.274,5169,
josie-7b-v6.0-step2000,3,Zoe,3,Akali,Akali,0,0,0,1,7,1,0,0.287,5361,
josie-7b-v6.0-step2000,3,Zoe,4,Anivia,Anivia,0,0,0,1,1,4,0,0.395,5627,
josie-7b-v6.0-step2000,3,Zoe,5,Annie,Annie,0,0,0,1,2,4,0,0.299,5821,
josie-7b-v6.0-step2000,3,Zoe,6,Aphelios,Aphelios,0,0,0,1,3,3,0,0.352,6034,
josie-7b-v6.0-step2000,3,Zoe,7,Ashe,Ashe,0,0,0,1,5,3,0,0.314,6250,
josie-7b-v6.0-step2000,3,Zoe,8,Aurelion Sol,Aurelion Sol,0,0,0,1,4,3,0,0.387,6496,
josie-7b-v6.0-step2000,3,Zoe,9,Aurora,Aurora,0,0,0,1,6,3,0,0.351,6729,
josie-7b-v6.0-step2000,3,Zoe,10,Azir,Azir,0,0,0,1,5,3,0,0.443,6989,
josie-7b-v6.0-step2000,4,Nocturne,1,Aatrox,Aatrox,0,0,0,0,0,1,0,0.092,5001,
josie-7b-v6.0-step2000,4,Nocturne,2,Ahri,Ahri,0,0,0,1,1,2,0,0.289,5173,
josie-7b-v6.0-step2000,4,Nocturne,3,Anivia,Anivia,0,0,0,1,5,1,0,0.293,5358,
josie-7b-v6.0-step2000,4,Nocturne,4,Annie,Annie,0,0,0,1,5,1,0,0.335,5600,
josie-7b-v6.0-step2000,4,Nocturne,5,Aphelios,Aphelios,0,0,0,1,5,1,0,0.409,5846,
josie-7b-v6.0-step2000,4,Nocturne,6,Ashe,Ashe,0,0,0,1,7,1,0,0.371,6087,
josie-7b-v6.0-step2000,4,Nocturne,7,Aurelion Sol,Aurelion Sol,0,0,0,1,6,1,0,0.496,6354,
josie-7b-v6.0-step2000,4,Nocturne,8,Aurora,Aurora,0,0,0,1,7,1,0,0.379,6613,
josie-7b-v6.0-step2000,4,Nocturne,9,Azir,Azir,0,0,0,1,5,1,0,0.429,6880,
josie-7b-v6.0-step2000,4,Nocturne,10,Bard,Bard,0,0,0,1,6,2,0,0.351,7120,
josie-7b-v6.0-step2000,5,Veigar,1,Aatrox,Aatrox,0,0,0,0,0,1,0,0.09,5001,
josie-7b-v6.0-step2000,5,Veigar,2,Ahri,Ahri,0,0,0,1,1,3,0,0.283,5173,
josie-7b-v6.0-step2000,5,Veigar,3,Akali,Akali,0,0,0,1,8,0,0,0.3,5360,
josie-7b-v6.0-step2000,5,Veigar,4,Akshan,Akshan,0,0,0,1,2,4,0,0.402,5630,
josie-7b-v6.0-step2000,5,Veigar,5,Alistar,Alistar,0,0,0,1,3,3,0,0.322,5834,
josie-7b-v6.0-step2000,5,Veigar,6,Ambessa,Ambessa,0,0,0,1,10,0,0,0.309,6052,
josie-7b-v6.0-step2000,5,Veigar,7,Amumu,Amumu,0,0,0,1,4,3,0,0.448,6351,
josie-7b-v6.0-step2000,5,Veigar,8,Anivia,Anivia,0,0,0,1,2,4,0,0.351,6579,
josie-7b-v6.0-step2000,5,Veigar,9,Annie,Annie,0,0,0,1,4,4,0,0.339,6780,
josie-7b-v6.0-step2000,5,Veigar,10,Aphelios,Aphelios,0,0,0,1,3,3,0,0.402,7014,
josie-7b-v6.0-step2000,6,LeBlanc,1,Aatrox,Aatrox,0,0,0,0,0,0,0,0.089,5001,
josie-7b-v6.0-step2000,6,LeBlanc,2,Ahri,Ahri,0,0,0,0,0,4,0,0.286,5169,
josie-7b-v6.0-step2000,6,LeBlanc,3,Akali,Akali,0,0,0,1,6,2,0,0.287,5336,
josie-7b-v6.0-step2000,6,LeBlanc,4,Anivia,Anivia,0,0,0,1,1,4,0,0.337,5586,
josie-7b-v6.0-step2000,6,LeBlanc,5,Annie,Annie,0,0,0,1,2,4,0,0.298,5780,
josie-7b-v6.0-step2000,6,LeBlanc,6,Aphelios,Aphelios,0,0,0,1,4,2,0,0.365,5996,
josie-7b-v6.0-step2000,6,LeBlanc,7,Ashe,Ashe,0,0,0,1,4,3,0,0.331,6227,
josie-7b-v6.0-step2000,6,LeBlanc,8,Aurelion Sol,Aurelion Sol,0,0,0,1,4,3,0,0.379,6461,
josie-7b-v6.0-step2000,6,LeBlanc,9,Aurora,Aurora,0,0,0,1,5,3,0,0.35,6695,
josie-7b-v6.0-step2000,6,LeBlanc,10,Azir,Azir,0,0,0,1,4,3,0,0.345,6943,
josie-7b-v6.0-step2000,7,Morgana,1,Aatrox,Aatrox,0,0,0,0,0,0,0,0.086,5001,
josie-7b-v6.0-step2000,7,Morgana,2,Ahri,Ahri,0,0,0,0,0,3,0,0.282,5169,
josie-7b-v6.0-step2000,7,Morgana,3,Akali,Akali,0,0,0,1,5,1,0,0.275,5338,
josie-7b-v6.0-step2000,7,Morgana,4,Anivia,Anivia,0,0,0,0,0,4,0,0.313,5577,
josie-7b-v6.0-step2000,7,Morgana,5,Annie,Annie,0,0,0,1,1,4,0,0.29,5748,
josie-7b-v6.0-step2000,7,Morgana,6,Aphelios,Aphelios,0,0,0,1,3,2,0,0.348,5947,
josie-7b-v6.0-step2000,7,Morgana,7,Ashe,Ashe,0,0,0,1,2,4,0,0.323,6170,
josie-7b-v6.0-step2000,7,Morgana,8,Aurelion Sol,Aurelion Sol,0,0,0,1,4,2,0,0.356,6380,
josie-7b-v6.0-step2000,7,Morgana,9,Aurora,Aurora,0,0,0,1,4,3,0,0.356,6619,
josie-7b-v6.0-step2000,7,Morgana,10,Azir,Azir,0,0,0,1,4,2,0,0.338,6856,
josie-7b-v6.0-step2000,8,Thresh,1,Aatrox,Aatrox,0,0,0,0,0,2,0,0.086,5001,
josie-7b-v6.0-step2000,8,Thresh,2,Ahri,Ahri,0,0,0,1,2,2,0,0.272,5170,
josie-7b-v6.0-step2000,8,Thresh,3,Anivia,Anivia,0,0,0,1,4,2,0,0.291,5372,
josie-7b-v6.0-step2000,8,Thresh,4,Annie,Annie,0,0,0,1,5,2,0,0.315,5600,
josie-7b-v6.0-step2000,8,Thresh,5,Aphelios,Aphelios,0,0,0,1,2,3,0,0.366,5844,
josie-7b-v6.0-step2000,8,Thresh,6,Ashe,Ashe,0,0,0,1,6,2,0,0.308,6051,
josie-7b-v6.0-step2000,8,Thresh,7,Aurelion Sol,Aurelion Sol,0,0,0,1,3,3,0,0.456,6310,
josie-7b-v6.0-step2000,8,Thresh,8,Aurora,Aurora,0,0,0,1,6,2,0,0.349,6532,
josie-7b-v6.0-step2000,8,Thresh,9,Azir,Azir,0,0,0,1,3,3,0,0.346,6788,
josie-7b-v6.0-step2000,8,Thresh,10,Bard,Bard,0,0,0,1,3,4,0,0.336,7006,
josie-7b-v6.0-step2000,9,Ashe,1,Aatrox,Aatrox,0,0,0,0,0,0,0,0.088,5001,
josie-7b-v6.0-step2000,9,Ashe,2,Ahri,Ahri,0,0,0,0,0,3,0,0.279,5169,
josie-7b-v6.0-step2000,9,Ashe,3,Akali,Akali,0,0,0,1,5,1,0,0.275,5335,
josie-7b-v6.0-step2000,9,Ashe,4,Anivia,Anivia,0,0,0,1,1,5,0,0.317,5571,
josie-7b-v6.0-step2000,9,Ashe,5,Annie,Annie,0,0,0,1,3,4,0,0.298,5761,
josie-7b-v6.0-step2000,9,Ashe,6,Aphelios,Aphelios,0,0,0,1,4,2,0,0.359,5983,
josie-7b-v6.0-step2000,9,Ashe,7,Ashe,Ashe,0,0,0,0,0,7,1,0.337,6220,
josie-7b-v6.0-step2000,10,Zilean,1,Aatrox,Aatrox,0,0,0,0,0,1,0,0.087,5001,
josie-7b-v6.0-step2000,10,Zilean,2,Ahri,Ahri,0,0,0,1,1,2,0,0.276,5173,
josie-7b-v6.0-step2000,10,Zilean,3,Akali,Akali,0,0,0,1,7,0,0,0.284,5359,
josie-7b-v6.0-step2000,10,Zilean,4,Akshan,Akshan,0,0,0,1,2,3,0,0.397,5618,
josie-7b-v6.0-step2000,10,Zilean,5,Alistar,Alistar,0,0,0,1,2,4,0,0.322,5826,
josie-7b-v6.0-step2000,10,Zilean,6,Ambessa,Ambessa,0,0,0,1,9,0,0,0.307,6034,
josie-7b-v6.0-step2000,10,Zilean,7,Amumu,Amumu,0,0,0,1,3,3,0,0.423,6323,
josie-7b-v6.0-step2000,10,Zilean,8,Anivia,Anivia,0,0,0,1,4,3,0,0.318,6539,
josie-7b-v6.0-step2000,10,Zilean,9,Annie,Annie,0,0,0,1,5,4,0,0.333,6762,
josie-7b-v6.0-step2000,10,Zilean,10,Aphelios,Aphelios,0,0,0,1,3,3,0,0.391,7006,
josie-7b-v6.0-step2000,11,Xin Zhao,1,Aatrox,Aatrox,0,0,0,0,0,2,0,0.087,5001,
josie-7b-v6.0-step2000,11,Xin Zhao,2,Ahri,Ahri,0,0,0,1,2,1,0,0.274,5171,
josie-7b-v6.0-step2000,11,Xin Zhao,3,Akali,Akali,0,0,0,1,4,3,0,0.294,5371,
josie-7b-v6.0-step2000,11,Xin Zhao,4,Annie,Annie,0,0,0,1,8,1,0,0.315,5595,
josie-7b-v6.0-step2000,11,Xin Zhao,5,Ashe,Ashe,0,0,0,1,6,1,0,0.425,5880,
josie-7b-v6.0-step2000,11,Xin Zhao,6,Aurelion Sol,Aurelion Sol,0,0,0,1,6,2,0,0.375,6137,
josie-7b-v6.0-step2000,11,Xin Zhao,7,Brand,Brand,0,0,0,1,6,2,0,0.326,6394,
josie-7b-v6.0-step2000,11,Xin Zhao,8,Braum,Braum,0,0,0,1,4,3,0,0.441,6662,
josie-7b-v6.0-step2000,11,Xin Zhao,9,Caitlyn,Caitlyn,0,0,0,1,6,2,0,0.354,6895,
josie-7b-v6.0-step2000,11,Xin Zhao,10,Cassiopeia,Cassiopeia,0,0,0,1,7,2,0,0.408,7146,
josie-7b-v6.0-step2000,12,Tryndamere,1,Aatrox,Aatrox,0,0,0,0,0,3,0,0.088,5001,
josie-7b-v6.0-step2000,12,Tryndamere,2,Ahri,Ahri,0,0,0,1,3,0,0,0.275,5172,
josie-7b-v6.0-step2000,12,Tryndamere,3,Akali,Akali,0,0,0,1,5,1,0,0.3,5379,
josie-7b-v6.0-step2000,12,Tryndamere,4,Anivia,Anivia,0,0,0,1,7,2,0,0.323,5616,
josie-7b-v6.0-step2000,12,Tryndamere,5,Annie,Annie,0,0,0,1,9,1,0,0.334,5874,
josie-7b-v6.0-step2000,12,Tryndamere,6,Aphelios,Aphelios,0,0,0,1,6,1,0,0.463,6164,
josie-7b-v6.0-step2000,12,Tryndamere,7,Ashe,Ashe,0,0,0,1,7,2,0,0.344,6420,
josie-7b-v6.0-step2000,12,Tryndamere,8,Aurelion Sol,Aurelion Sol,0,0,0,1,8,1,0,0.458,6684,
josie-7b-v6.0-step2000,12,Tryndamere,9,Aurora,Aurora,0,0,0,1,9,1,0,0.453,6965,
josie-7b-v6.0-step2000,12,Tryndamere,10,Azir,Azir,0,0,0,1,8,1,0,0.449,7259,
josie-7b-v6.0-step2000,13,Pantheon,1,Aatrox,Aatrox,0,0,0,0,0,2,0,0.089,5001,
josie-7b-v6.0-step2000,13,Pantheon,2,Ahri,Ahri,0,0,0,1,2,1,0,0.283,5174,
josie-7b-v6.0-step2000,13,Pantheon,3,Akali,Akali,0,0,0,1,5,2,0,0.299,5371,
josie-7b-v6.0-step2000,13,Pantheon,4,Annie,Annie,0,0,0,1,7,1,0,0.319,5609,
josie-7b-v6.0-step2000,13,Pantheon,5,Aphelios,Aphelios,0,0,0,1,3,3,0,0.444,5879,
josie-7b-v6.0-step2000,13,Pantheon,6,Ashe,Ashe,0,0,0,1,7,1,0,0.318,6100,
josie-7b-v6.0-step2000,13,Pantheon,7,Aurelion Sol,Aurelion Sol,0,0,0,1,6,2,0,0.458,6372,
josie-7b-v6.0-step2000,13,Pantheon,8,Aurelion Sol,Aurelion Sol,0,0,1,1,7,2,0,0.394,6632,
josie-7b-v6.0-step2000,13,Pantheon,9,Azir,Azir,0,0,0,1,6,2,0,0.452,6920,
josie-7b-v6.0-step2000,13,Pantheon,10,Bard,Bard,0,0,0,1,6,2,0,0.355,7173,
josie-7b-v6.0-step2000,14,Vladimir,1,Aatrox,Aatrox,0,0,0,0,0,1,0,0.086,5001,
josie-7b-v6.0-step2000,14,Vladimir,2,Ahri,Ahri,0,0,0,1,1,2,0,0.273,5170,
josie-7b-v6.0-step2000,14,Vladimir,3,Akali,Akali,0,0,0,1,7,1,0,0.286,5356,
josie-7b-v6.0-step2000,14,Vladimir,4,Akshan,Akshan,0,0,0,1,3,3,0,0.393,5617,
josie-7b-v6.0-step2000,14,Vladimir,5,Anivia,Anivia,0,0,0,1,4,2,0,0.316,5834,
josie-7b-v6.0-step2000,14,Vladimir,6,Annie,Annie,0,0,0,1,5,2,0,0.316,6062,
josie-7b-v6.0-step2000,14,Vladimir,7,Aphelios,Aphelios,0,0,0,1,3,2,0,0.37,6312,
josie-7b-v6.0-step2000,14,Vladimir,8,Ashe,Ashe,0,0,0,1,7,1,0,0.317,6531,
josie-7b-v6.0-step2000,14,Vladimir,9,Aurelion Sol,Aurelion Sol,0,0,0,1,3,3,0,0.466,6799,
josie-7b-v6.0-step2000,14,Vladimir,10,Aurora,Aurora,0,0,0,1,8,1,0,0.352,7022,
josie-7b-v6.0-step2000,15,Lissandra,1,Aatrox,Aatrox,0,0,0,0,0,1,0,0.088,5001,
josie-7b-v6.0-step2000,15,Lissandra,2,Ahri,Ahri,0,0,0,1,1,4,0,0.273,5169,
josie-7b-v6.0-step2000,15,Lissandra,3,Akali,Akali,0,0,0,1,7,1,0,0.294,5361,
josie-7b-v6.0-step2000,15,Lissandra,4,Anivia,Anivia,0,0,0,1,1,5,0,0.412,5627,
josie-7b-v6.0-step2000,15,Lissandra,5,Aphelios,Aphelios,0,0,0,1,5,2,0,0.344,5822,
josie-7b-v6.0-step2000,15,Lissandra,6,Ashe,Ashe,0,0,0,1,3,5,0,0.331,6067,
josie-7b-v6.0-step2000,15,Lissandra,7,Aurelion Sol,Aurelion Sol,0,0,0,1,6,3,0,0.363,6288,
josie-7b-v6.0-step2000,15,Lissandra,8,Aurora,Aurora,0,0,0,1,5,4,0,0.463,6551,
josie-7b-v6.0-step2000,15,Lissandra,9,Azir,Azir,0,0,0,1,6,3,0,0.36,6802,
josie-7b-v6.0-step2000,15,Lissandra,10,Bard,Bard,0,0,0,1,9,2,0,0.439,7061,
josie-7b-v6.0-step2000,16,Elise,1,Aatrox,Aatrox,0,0,0,0,0,0,0,0.089,5001,
josie-7b-v6.0-step2000,16,Elise,2,Ahri,Ahri,0,0,0,0,0,3,0,0.273,5169,
josie-7b-v6.0-step2000,16,Elise,3,Akali,Akali,0,0,0,1,6,1,0,0.276,5335,
josie-7b-v6.0-step2000,16,Elise,4,Anivia,Anivia,0,0,0,1,2,3,0,0.329,5587,
josie-7b-v6.0-step2000,16,Elise,5,Annie,Annie,0,0,0,1,3,3,0,0.316,5792,
josie-7b-v6.0-step2000,16,Elise,6,Aphelios,Aphelios,0,0,0,1,3,2,0,0.383,6019,
josie-7b-v6.0-step2000,16,Elise,7,Ashe,Ashe,0,0,0,1,3,3,0,0.335,6239,
josie-7b-v6.0-step2000,16,Elise,8,Aurelion Sol,Aurelion Sol,0,0,0,1,5,2,0,0.392,6462,
josie-7b-v6.0-step2000,16,Elise,9,Aurora,Aurora,0,0,0,1,4,3,0,0.393,6707,
josie-7b-v6.0-step2000,16,Elise,10,Azir,Azir,0,0,0,1,5,2,0,0.354,6941,
josie-7b-v6.0-step2000,17,Ekko,1,Aatrox,Aatrox,0,0,0,0,0,2,0,0.091,5001,
josie-7b-v6.0-step2000,17,Ekko,2,Ahri,Ahri,0,0,0,1,3,1,0,0.278,5171,
josie-7b-v6.0-step2000,17,Ekko,3,Akali,Akali,0,0,0,1,6,2,0,0.299,5387,
josie-7b-v6.0-step2000,17,Ekko,4,Akshan,Akshan,0,0,0,1,3,3,0,0.326,5639,
josie-7b-v6.0-step2000,17,Ekko,5,Alistar,Alistar,0,0,0,1,3,3,0,0.327,5852,
josie-7b-v6.0-step2000,17,Ekko,6,Ambessa,Ambessa,0,0,0,1,7,2,0,0.315,6072,
josie-7b-v6.0-step2000,17,Ekko,7,Amumu,Amumu,0,0,0,1,3,3,0,0.416,6336,
josie-7b-v6.0-step2000,17,Ekko,8,Anivia,Anivia,0,0,0,1,6,1,0,0.324,6557,
josie-7b-v6.0-step2000,17,Ekko,9,Annie,Annie,0,0,0,1,7,1,0,0.347,6811,
josie-7b-v6.0-step2000,17,Ekko,10,Aphelios,Aphelios,0,0,0,1,3,2,0,0.471,7085,
josie-7b-v6.0-step2000,18,Briar,1,Aatrox,Aatrox,0,0,0,0,0,1,0,0.085,5001,
josie-7b-v6.0-step2000,18,Briar,2,Ahri,Ahri,0,0,0,1,2,1,0,0.273,5170,
josie-7b-v6.0-step2000,18,Briar,3,Akali,Akali,0,0,0,1,3,2,0,0.294,5371,
josie-7b-v6.0-step2000,18,Briar,4,Akshan,Akshan,0,0,0,1,8,0,0,0.299,5584,
josie-7b-v6.0-step2000,18,Briar,5,Alistar,Alistar,0,0,0,1,5,1,0,0.434,5852,
josie-7b-v6.0-step2000,18,Briar,6,Ambessa,Ambessa,0,0,0,1,3,2,0,0.329,6097,
josie-7b-v6.0-step2000,18,Briar,7,Amumu,Amumu,0,0,0,1,5,2,0,0.321,6313,
josie-7b-v6.0-step2000,18,Briar,8,Anivia,Anivia,0,0,0,1,6,1,0,0.335,6554,
josie-7b-v6.0-step2000,18,Briar,9,Annie,Annie,0,0,0,1,8,1,0,0.343,6804,
josie-7b-v6.0-step2000,18,Briar,10,Aphelios,Aphelios,0,0,0,1,8,0,0,0.479,7087,
josie-7b-v6.0-step2000,19,Mordekaiser,1,Aatrox,Aatrox,0,0,0,0,0,3,0,0.088,5001,
josie-7b-v6.0-step2000,19,Mordekaiser,2,Ahri,Ahri,0,0,0,1,3,0,0,0.27,5172,
josie-7b-v6.0-step2000,19,Mordekaiser,3,Akali,Akali,0,0,0,1,5,2,0,0.294,5379,
josie-7b-v6.0-step2000,19,Mordekaiser,4,Annie,Annie,0,0,0,1,10,0,0,0.309,5613,
josie-7b-v6.0-step2000,19,Mordekaiser,5,Alistar,Alistar,0,0,0,1,4,2,0,0.443,5918,
josie-7b-v6.0-step2000,19,Mordekaiser,6,Ambessa,Ambessa,0,0,0,1,5,2,0,0.319,6151,
josie-7b-v6.0-step2000,19,Mordekaiser,7,Amumu,Amumu,0,0,0,1,4,2,0,0.333,6395,
josie-7b-v6.0-step2000,19,Mordekaiser,8,Anivia,Anivia,0,0,0,1,8,0,0,0.329,6623,
josie-7b-v6.0-step2000,19,Mordekaiser,9,Annie,Annie,0,0,1,1,10,0,0,0.426,6896,
josie-7b-v6.0-step2000,19,Mordekaiser,10,Aphelios,Aphelios,0,0,0,1,6,1,0,0.503,7217,
josie-7b-v6.0-step2000,20,Diana,1,Aatrox,Aatrox,0,0,0,0,0,1,0,0.085,5001,
josie-7b-v6.0-step2000,20,Diana,2,Ahri,Ahri,0,0,0,1,1,2,0,0.273,5170,
josie-7b-v6.0-step2000,20,Diana,3,Akali,Akali,0,0,0,1,4,2,0,0.284,5359,
josie-7b-v6.0-step2000,20,Diana,4,Anivia,Anivia,0,0,0,1,3,2,0,0.308,5590,
josie-7b-v6.0-step2000,20,Diana,5,Annie,Annie,0,0,0,1,4,2,0,0.313,5809,
josie-7b-v6.0-step2000,20,Diana,6,Aphelios,Aphelios,0,0,0,1,5,2,0,0.362,6047,
josie-7b-v6.0-step2000,20,Diana,7,Ashe,Ashe,0,0,0,1,6,2,0,0.329,6291,
josie-7b-v6.0-step2000,20,Diana,8,Aurelion Sol,Aurelion Sol,0,0,0,1,7,1,0,0.38,6549,
josie-7b-v6.0-step2000,20,Diana,9,Aurora,Aurora,0,0,0,1,7,2,0,0.449,6823,
josie-7b-v6.0-step2000,20,Diana,10,Azir,Azir,0,0,0,1,7,1,0,0.44,7095,
josie-7b-v6.0-step2000,21,Aatrox,1,Aatrox,Aatrox,0,0,0,0,0,7,1,0.089,5001,
josie-7b-v6.0-step2000,22,Zeri,1,Aatrox,Aatrox,0,0,0,0,0,0,0,0.087,5001,
josie-7b-v6.0-step2000,22,Zeri,2,Ahri,Ahri,0,0,0,1,1,3,0,0.273,5169,
josie-7b-v6.0-step2000,22,Zeri,3,Akali,Akali,0,0,0,1,6,1,0,0.291,5360,
josie-7b-v6.0-step2000,22,Zeri,4,Akshan,Akshan,0,0,0,1,4,2,0,0.324,5612,
josie-7b-v6.0-step2000,22,Zeri,5,Anivia,Anivia,0,0,0,1,2,3,0,0.308,5836,
josie-7b-v6.0-step2000,22,Zeri,6,Annie,Annie,0,0,0,1,3,4,0,0.305,6041,
josie-7b-v6.0-step2000,22,Zeri,7,Aphelios,Aphelios,0,0,0,1,4,3,0,0.358,6263,
josie-7b-v6.0-step2000,22,Zeri,8,Ashe,Ashe,0,0,0,1,4,3,0,0.333,6499,
josie-7b-v6.0-step2000,22,Zeri,9,Aurelion Sol,Aurelion Sol,0,0,0,1,7,2,0,0.401,6739,
josie-7b-v6.0-step2000,22,Zeri,10,Aurora,Aurora,0,0,0,1,5,3,0,0.488,7011,
josie-7b-v6.0-step2000,23,Zac,1,Aatrox,Aatrox,0,0,0,0,0,3,0,0.092,5001,
josie-7b-v6.0-step2000,23,Zac,2,Ahri,Ahri,0,0,0,1,3,0,0,0.283,5171,
josie-7b-v6.0-step2000,23,Zac,3,Akali,Akali,0,0,0,1,5,1,0,0.307,5383,
josie-7b-v6.0-step2000,23,Zac,4,Annie,Annie,0,0,0,1,9,0,0,0.339,5619,
josie-7b-v6.0-step2000,23,Zac,5,Aphelios,Aphelios,0,0,0,1,5,1,0,0.489,5910,
josie-7b-v6.0-step2000,23,Zac,6,Ashe,Ashe,0,0,0,1,8,0,0,0.338,6151,
josie-7b-v6.0-step2000,23,Zac,7,Aurelion Sol,Aurelion Sol,0,0,0,1,6,1,0,0.463,6429,
josie-7b-v6.0-step2000,23,Zac,8,Aurora,Aurora,0,0,0,1,9,0,0,0.37,6685,
josie-7b-v6.0-step2000,23,Zac,9,Azir,Azir,0,0,0,1,6,1,0,0.473,6975,
josie-7b-v6.0-step2000,23,Zac,10,Bard,Bard,0,0,0,1,7,1,0,0.382,7227,
josie-7b-v6.0-step2000,24,Xerath,1,Aatrox,Aatrox,0,0,0,0,0,1,0,0.092,5001,
josie-7b-v6.0-step2000,24,Xerath,2,Ahri,Ahri,0,0,0,1,1,3,0,0.291,5173,
josie-7b-v6.0-step2000,24,Xerath,3,Annie,Annie,0,0,0,1,3,2,0,0.294,5362,
josie-7b-v6.0-step2000,24,Xerath,4,Akali,Akali,0,0,0,1,9,0,0,0.314,5585,
josie-7b-v6.0-step2000,24,Xerath,5,Karma,Karma,0,0,0,1,4,4,0,0.42,5873,
josie-7b-v6.0-step2000,24,Xerath,6,Caitlyn,Caitlyn,0,0,0,1,4,3,0,0.35,6100,
josie-7b-v6.0-step2000,24,Xerath,7,Aphelios,Aphelios,0,0,0,1,4,3,0,0.368,6324,
josie-7b-v6.0-step2000,24,Xerath,8,Anivia,Anivia,0,0,0,1,4,2,0,0.327,6556,
josie-7b-v6.0-step2000,24,Xerath,9,Cassiopeia,Cassiopeia,0,0,0,1,6,2,0,0.394,6788,
josie-7b-v6.0-step2000,24,Xerath,10,Darius,Darius,0,0,0,1,7,2,0,0.434,7058,
josie-7b-v6.0-step2000,25,Kog'Maw,1,Aatrox,Aatrox,0,0,0,0,0,1,0,0.086,5001,
josie-7b-v6.0-step2000,25,Kog'Maw,2,Ahri,Ahri,0,0,0,1,1,2,0,0.279,5170,
josie-7b-v6.0-step2000,25,Kog'Maw,3,Akali,Akali,0,0,0,1,7,1,0,0.285,5356,
josie-7b-v6.0-step2000,25,Kog'Maw,4,Annie,Annie,0,0,0,1,6,2,0,0.331,5612,
josie-7b-v6.0-step2000,25,Kog'Maw,5,Ashe,Ashe,0,0,0,1,4,2,0,0.348,5869,
josie-7b-v6.0-step2000,25,Kog'Maw,6,Aphelios,Aphelios,0,0,0,1,2,4,0,0.375,6104,
josie-7b-v6.0-step2000,25,Kog'Maw,7,Aurelion Sol,Aurelion Sol,0,0,0,1,4,3,0,0.36,6312,
josie-7b-v6.0-step2000,25,Kog'Maw,8,Aurelion Sol,Aurelion Sol,0,0,1,1,5,3,0,0.382,6545,
josie-7b-v6.0-step2000,25,Kog'Maw,9,Aphelios,Aphelios,0,0,1,1,3,4,0,0.469,6806,
josie-7b-v6.0-step2000,25,Kog'Maw,10,Aurelion Sol,Aurelion Sol,0,0,1,1,5,3,0,0.389,7042,
josie-7b-v6.0-step2000,26,Dr. Mundo,1,Aatrox,Aatrox,0,0,0,0,0,2,0,0.096,5001,
josie-7b-v6.0-step2000,26,Dr. Mundo,2,Ahri,Ahri,0,0,0,1,2,0,0,0.292,5174,
josie-7b-v6.0-step2000,26,Dr. Mundo,3,Akali,Akali,0,0,0,1,4,1,0,0.302,5370,
josie-7b-v6.0-step2000,26,Dr. Mundo,4,Akshan,Akshan,0,0,0,1,6,1,0,0.316,5596,
josie-7b-v6.0-step2000,26,Dr. Mundo,5,Alistar,Alistar,0,0,0,1,2,3,0,0.35,5847,
josie-7b-v6.0-step2000,26,Dr. Mundo,6,Amumu,Amumu,0,0,0,1,2,3,0,0.304,6050,
josie-7b-v6.0-step2000,26,Dr. Mundo,7,Anivia,Anivia,0,0,0,1,6,1,0,0.309,6254,
josie-7b-v6.0-step2000,26,Dr. Mundo,8,Annie,Annie,0,0,0,1,7,1,0,0.334,6500,
josie-7b-v6.0-step2000,26,Dr. Mundo,9,Aphelios,Aphelios,0,0,0,1,4,1,0,0.459,6765,
josie-7b-v6.0-step2000,26,Dr. Mundo,10,Ashe,Ashe,0,0,0,1,7,1,0,0.335,6997,
josie-7b-v6.0-step2000,27,Jhin,1,Aatrox,Aatrox,0,0,0,0,0,1,0,0.088,5001,
josie-7b-v6.0-step2000,27,Jhin,2,Ahri,Ahri,0,0,0,1,2,3,0,0.274,5170,
josie-7b-v6.0-step2000,27,Jhin,3,Akali,Akali,0,0,0,1,7,1,0,0.292,5373,
josie-7b-v6.0-step2000,27,Jhin,4,Anivia,Anivia,0,0,0,1,5,2,0,0.393,5637,
josie-7b-v6.0-step2000,27,Jhin,5,Annie,Annie,0,0,0,1,6,2,0,0.322,5877,
josie-7b-v6.0-step2000,27,Jhin,6,Aphelios,Aphelios,0,0,0,1,1,5,0,0.445,6136,
josie-7b-v6.0-step2000,27,Jhin,7,Ashe,Ashe,0,0,0,1,7,2,0,0.301,6328,
josie-7b-v6.0-step2000,27,Jhin,8,Aurelion Sol,Aurelion Sol,0,0,0,1,5,4,0,0.462,6603,
josie-7b-v6.0-step2000,27,Jhin,9,Aurora,Aurora,0,0,0,1,9,2,0,0.357,6847,
josie-7b-v6.0-step2000,27,Jhin,10,Azir,Azir,0,0,0,1,6,3,0,0.448,7142,
josie-7b-v6.0-step2000,28,Malzahar,1,Aatrox,Aatrox,0,0,0,0,0,1,0,0.085,5001,
josie-7b-v6.0-step2000,28,Malzahar,2,Ahri,Ahri,0,0,0,1,1,3,0,0.274,5173,
josie-7b-v6.0-step2000,28,Malzahar,3,Akali,Akali,0,0,0,1,8,1,0,0.285,5360,
josie-7b-v6.0-step2000,28,Malzahar,4,Akshan,Akshan,0,0,0,1,1,4,0,0.4,5633,
josie-7b-v6.0-step2000,28,Malzahar,5,Alistar,Alistar,0,0,0,1,4,2,0,0.314,5830,
josie-7b-v6.0-step2000,28,Malzahar,6,Ambessa,Ambessa,0,0,0,1,10,0,0,0.316,6061,
josie-7b-v6.0-step2000,28,Malzahar,7,Amumu,Amumu,0,0,0,1,4,2,0,0.434,6362,
josie-7b-v6.0-step2000,28,Malzahar,8,Anivia,Anivia,0,0,0,1,3,3,0,0.327,6594,
josie-7b-v6.0-step2000,28,Malzahar,9,Annie,Annie,0,0,0,1,4,3,0,0.324,6811,
josie-7b-v6.0-step2000,28,Malzahar,10,Aphelios,Aphelios,0,0,0,1,2,3,0,0.383,7048,
josie-7b-v6.0-step2000,29,Soraka,1,Aatrox,Aatrox,0,0,0,0,0,0,0,0.086,5001,
josie-7b-v6.0-step2000,29,Soraka,2,Ahri,Ahri,0,0,0,0,0,3,0,0.274,5169,
josie-7b-v6.0-step2000,29,Soraka,3,Akali,Akali,0,0,0,1,4,1,0,0.277,5338,
josie-7b-v6.0-step2000,29,Soraka,4,Anivia,Anivia,0,0,0,1,1,4,0,0.305,5562,
josie-7b-v6.0-step2000,29,Soraka,5,Annie,Annie,0,0,0,1,3,4,0,0.29,5751,
josie-7b-v6.0-step2000,29,Soraka,6,Aphelios,Aphelios,0,0,0,1,4,2,0,0.347,5969,
josie-7b-v6.0-step2000,29,Soraka,7,Ashe,Ashe,0,0,0,1,3,4,0,0.317,6202,
josie-7b-v6.0-step2000,29,Soraka,8,Aurelion Sol,Aurelion Sol,0,0,0,1,5,2,0,0.362,6422,
josie-7b-v6.0-step2000,29,Soraka,9,Aurora,Aurora,0,0,0,1,4,3,0,0.359,6673,
josie-7b-v6.0-step2000,29,Soraka,10,Azir,Azir,0,0,0,1,5,2,0,0.333,6907,
josie-7b-v6.0-step2000,30,Ezreal,1,Aatrox,Aatrox,0,0,0,0,0,1,0,0.084,5001,
josie-7b-v6.0-step2000,30,Ezreal,2,Ahri,Ahri,0,0,0,1,1,2,0,0.271,5170,
josie-7b-v6.0-step2000,30,Ezreal,3,Akali,Akali,0,0,0,1,7,1,0,0.283,5356,
josie-7b-v6.0-step2000,30,Ezreal,4,Akshan,Akshan,0,0,0,1,3,3,0,0.395,5615,
josie-7b-v6.0-step2000,30,Ezreal,5,Anivia,Anivia,0,0,0,1,4,2,0,0.303,5832,
josie-7b-v6.0-step2000,30,Ezreal,6,Annie,Annie,0,0,0,1,5,3,0,0.318,6060,
josie-7b-v6.0-step2000,30,Ezreal,7,Aphelios,Aphelios,0,0,0,1,2,4,0,0.369,6305,
josie-7b-v6.0-step2000,30,Ezreal,8,Ashe,Ashe,0,0,0,1,6,2,0,0.313,6518,
josie-7b-v6.0-step2000,30,Ezreal,9,Aurelion Sol,Aurelion Sol,0,0,0,1,5,3,0,0.46,6781,
josie-7b-v6.0-step2000,30,Ezreal,10,Aurora,Aurora,0,0,0,1,8,2,0,0.367,7030,
josiefied-qwen2.5-7b-instruct-abliterated-v2,1,Karma,1,Aatrox,Aatrox,0,0,0,0,0,0,0,5.803,5001,
josiefied-qwen2.5-7b-instruct-abliterated-v2,1,Karma,2,Ahri,Ahri,0,0,0,0,0,5,0,0.268,5169,
josiefied-qwen2.5-7b-instruct-abliterated-v2,1,Karma,3,Akali,Akali,0,0,0,1,5,2,0,0.272,5339,
josiefied-qwen2.5-7b-instruct-abliterated-v2,1,Karma,4,Annie,Annie,0,0,0,1,3,3,0,0.314,5583,
josiefied-qwen2.5-7b-instruct-abliterated-v2,1,Karma,5,Aurelion Sol,Aurelion Sol,0,0,0,1,5,2,0,0.349,5810,
josiefied-qwen2.5-7b-instruct-abliterated-v2,1,Karma,6,Cassiopeia,Cassiopeia,0,0,0,1,3,3,0,0.38,6058,
josiefied-qwen2.5-7b-instruct-abliterated-v2,1,Karma,7,Darius,Darius,0,0,0,1,8,1,0,0.318,6290,
josiefied-qwen2.5-7b-instruct-abliterated-v2,1,Karma,8,Diana,Diana,0,0,0,1,5,2,0,0.427,6565,
josiefied-qwen2.5-7b-instruct-abliterated-v2,1,Karma,9,Fiora,Fiora,0,0,0,1,5,2,0,0.361,6811,
josiefied-qwen2.5-7b-instruct-abliterated-v2,1,Karma,10,Fiddlesticks,Fiddlesticks,0,0,0,1,5,2,0,0.359,7052,
josiefied-qwen2.5-7b-instruct-abliterated-v2,2,Samira,1,Aatrox,Aatrox,0,0,0,0,0,0,0,0.082,5001,
josiefied-qwen2.5-7b-instruct-abliterated-v2,2,Samira,2,Ahri,Ahri,0,0,0,1,1,3,0,0.272,5172,
josiefied-qwen2.5-7b-instruct-abliterated-v2,2,Samira,3,Akali,Akali,0,0,0,1,6,2,0,0.284,5363,
josiefied-qwen2.5-7b-instruct-abliterated-v2,2,Samira,4,Anivia,Anivia,0,0,0,1,3,3,0,0.32,5613,
josiefied-qwen2.5-7b-instruct-abliterated-v2,2,Samira,5,Annie,Annie,0,0,0,1,3,3,0,0.303,5830,
josiefied-qwen2.5-7b-instruct-abliterated-v2,2,Samira,6,Aphelios,Aphelios,0,0,0,1,3,3,0,0.358,6057,
josiefied-qwen2.5-7b-instruct-abliterated-v2,2,Samira,7,Ashe,Ashe,0,0,0,1,4,3,0,0.312,6274,
josiefied-qwen2.5-7b-instruct-abliterated-v2,2,Samira,8,Aurelion Sol,Aurelion Sol,0,0,0,1,7,2,0,0.368,6511,
josiefied-qwen2.5-7b-instruct-abliterated-v2,2,Samira,9,Aurora,Aurora,0,0,0,1,5,3,0,0.436,6779,
josiefied-qwen2.5-7b-instruct-abliterated-v2,2,Samira,10,Azir,Azir,0,0,0,1,6,2,0,0.337,7020,
josiefied-qwen2.5-7b-instruct-abliterated-v2,3,Zoe,1,Aatrox,Aatrox,0,0,0,0,0,0,0,0.082,5001,
josiefied-qwen2.5-7b-instruct-abliterated-v2,3,Zoe,2,Ahri,Ahri,0,0,0,1,1,4,0,0.269,5169,
josiefied-qwen2.5-7b-instruct-abliterated-v2,3,Zoe,3,Akali,Akali,0,0,0,1,7,1,0,0.285,5361,
josiefied-qwen2.5-7b-instruct-abliterated-v2,3,Zoe,4,Annie,Annie,0,0,0,1,2,4,0,0.394,5627,
josiefied-qwen2.5-7b-instruct-abliterated-v2,3,Zoe,5,Aphelios,Aphelios,0,0,0,1,3,3,0,0.337,5840,
josiefied-qwen2.5-7b-instruct-abliterated-v2,3,Zoe,6,Ashe,Ashe,0,0,0,1,4,3,0,0.306,6056,
josiefied-qwen2.5-7b-instruct-abliterated-v2,3,Zoe,7,Aurelion Sol,Aurelion Sol,0,0,0,1,4,3,0,0.357,6290,
josiefied-qwen2.5-7b-instruct-abliterated-v2,3,Zoe,8,Aurelion Sol,Aurelion Sol,0,0,1,1,6,3,0,0.361,6523,
josiefied-qwen2.5-7b-instruct-abliterated-v2,3,Zoe,9,Aurelion Sol,Aurelion Sol,0,0,1,1,6,3,0,0.465,6800,
josiefied-qwen2.5-7b-instruct-abliterated-v2,3,Zoe,10,Aurelion Sol,Aurelion Sol,0,0,1,1,6,3,0,0.468,7078,
josiefied-qwen2.5-7b-instruct-abliterated-v2,4,Nocturne,1,Aatrox,Aatrox,0,0,0,0,0,1,0,0.082,5001,
josiefied-qwen2.5-7b-instruct-abliterated-v2,4,Nocturne,2,Ahri,Ahri,0,0,0,1,1,2,0,0.273,5173,
josiefied-qwen2.5-7b-instruct-abliterated-v2,4,Nocturne,3,Akali,Akali,0,0,0,1,5,1,0,0.279,5358,
josiefied-qwen2.5-7b-instruct-abliterated-v2,4,Nocturne,4,Annie,Annie,0,0,0,1,6,1,0,0.312,5594,
josiefied-qwen2.5-7b-instruct-abliterated-v2,4,Nocturne,5,Aurelion Sol,Aurelion Sol,0,0,0,1,5,1,0,0.437,5853,
josiefied-qwen2.5-7b-instruct-abliterated-v2,4,Nocturne,6,Cassiopeia,Cassiopeia,0,0,0,1,6,1,0,0.383,6100,
josiefied-qwen2.5-7b-instruct-abliterated-v2,4,Nocturne,7,Darius,Darius,0,0,0,1,5,2,0,0.336,6361,
josiefied-qwen2.5-7b-instruct-abliterated-v2,4,Nocturne,8,Diana,Diana,0,0,0,1,4,2,0,0.33,6598,
josiefied-qwen2.5-7b-instruct-abliterated-v2,4,Nocturne,9,Fiora,Fiora,0,0,0,1,4,2,0,0.351,6829,
josiefied-qwen2.5-7b-instruct-abliterated-v2,4,Nocturne,10,Garen,Garen,0,0,0,1,7,1,0,0.334,7055,
josiefied-qwen2.5-7b-instruct-abliterated-v2,5,Veigar,1,Aatrox,Aatrox,0,0,0,0,0,1,0,0.082,5001,
josiefied-qwen2.5-7b-instruct-abliterated-v2,5,Veigar,2,Ahri,Ahri,0,0,0,1,1,3,0,0.273,5173,
josiefied-qwen2.5-7b-instruct-abliterated-v2,5,Veigar,3,Akali,Akali,0,0,0,1,8,0,0,0.282,5360,
josiefied-qwen2.5-7b-instruct-abliterated-v2,5,Veigar,4,Akshan,Akshan,0,0,0,1,2,4,0,0.398,5630,
josiefied-qwen2.5-7b-instruct-abliterated-v2,5,Veigar,5,Alistar,Alistar,0,0,0,1,3,3,0,0.315,5834,
josiefied-qwen2.5-7b-instruct-abliterated-v2,5,Veigar,6,Ambessa,Ambessa,0,0,0,1,10,0,0,0.307,6052,
josiefied-qwen2.5-7b-instruct-abliterated-v2,5,Veigar,7,Amumu,Amumu,0,0,0,1,4,3,0,0.43,6351,
josiefied-qwen2.5-7b-instruct-abliterated-v2,5,Veigar,8,Anivia,Anivia,0,0,0,1,2,4,0,0.324,6579,
josiefied-qwen2.5-7b-instruct-abliterated-v2,5,Veigar,9,Annie,Annie,0,0,0,1,4,4,0,0.31,6780,
josiefied-qwen2.5-7b-instruct-abliterated-v2,5,Veigar,10,Aphelios,Aphelios,0,0,0,1,3,3,0,0.373,7014,
josiefied-qwen2.5-7b-instruct-abliterated-v2,6,LeBlanc,1,Aatrox,Aatrox,0,0,0,0,0,0,0,0.082,5001,
josiefied-qwen2.5-7b-instruct-abliterated-v2,6,LeBlanc,2,Ahri,Ahri,0,0,0,0,0,4,0,0.27,5169,
josiefied-qwen2.5-7b-instruct-abliterated-v2,6,LeBlanc,3,Akali,Akali,0,0,0,1,6,2,0,0.271,5336,
josiefied-qwen2.5-7b-instruct-abliterated-v2,6,LeBlanc,4,Karma,Karma,0,0,0,1,3,3,0,0.315,5586,
josiefied-qwen2.5-7b-instruct-abliterated-v2,6,LeBlanc,5,Annie,Annie,0,0,0,1,2,4,0,0.308,5809,
josiefied-qwen2.5-7b-instruct-abliterated-v2,6,LeBlanc,6,Caitlyn,Caitlyn,0,0,0,1,2,3,0,0.325,6025,
josiefied-qwen2.5-7b-instruct-abliterated-v2,6,LeBlanc,7,Fiora,Fiora,0,0,0,1,5,2,0,0.323,6230,
josiefied-qwen2.5-7b-instruct-abliterated-v2,6,LeBlanc,8,Irelia,Irelia,0,0,0,1,5,3,0,0.349,6469,
josiefied-qwen2.5-7b-instruct-abliterated-v2,6,LeBlanc,9,Kennen,Kennen,0,0,0,1,7,2,0,0.338,6712,
josiefied-qwen2.5-7b-instruct-abliterated-v2,6,LeBlanc,10,Kennen,Kennen,0,0,1,1,8,2,0,0.35,6969,
josiefied-qwen2.5-7b-instruct-abliterated-v2,7,Morgana,1,Aatrox,Aatrox,0,0,0,0,0,0,0,0.083,5001,
josiefied-qwen2.5-7b-instruct-abliterated-v2,7,Morgana,2,Ahri,Ahri,0,0,0,0,0,3,0,0.275,5169,
josiefied-qwen2.5-7b-instruct-abliterated-v2,7,Morgana,3,Akali,Akali,0,0,0,1,5,1,0,0.276,5338,
josiefied-qwen2.5-7b-instruct-abliterated-v2,7,Morgana,4,Annie,Annie,0,0,0,1,1,4,0,0.314,5577,
josiefied-qwen2.5-7b-instruct-abliterated-v2,7,Morgana,5,Alistar,Alistar,0,0,0,1,5,2,0,0.314,5776,
josiefied-qwen2.5-7b-instruct-abliterated-v2,7,Morgana,6,Ambessa,Ambessa,0,0,0,1,7,1,0,0.326,6018,
josiefied-qwen2.5-7b-instruct-abliterated-v2,7,Morgana,7,Amumu,Amumu,0,0,0,1,5,2,0,0.41,6285,
josiefied-qwen2.5-7b-instruct-abliterated-v2,7,Morgana,8,Anivia,Anivia,0,0,0,0,0,4,0,0.33,6522,
josiefied-qwen2.5-7b-instruct-abliterated-v2,7,Morgana,9,Aphelios,Aphelios,0,0,0,1,3,2,0,0.338,6693,
josiefied-qwen2.5-7b-instruct-abliterated-v2,7,Morgana,10,Ashe,Ashe,0,0,0,1,2,4,0,0.328,6917,
josiefied-qwen2.5-7b-instruct-abliterated-v2,8,Thresh,1,Aatrox,Aatrox,0,0,0,0,0,2,0,0.082,5001,
josiefied-qwen2.5-7b-instruct-abliterated-v2,8,Thresh,2,Ahri,Ahri,0,0,0,1,2,2,0,0.273,5170,
josiefied-qwen2.5-7b-instruct-abliterated-v2,8,Thresh,3,Akali,Akali,0,0,0,1,8,0,0,0.288,5372,
josiefied-qwen2.5-7b-instruct-abliterated-v2,8,Thresh,4,Annie,Annie,0,0,0,1,6,2,0,0.4,5644,
josiefied-qwen2.5-7b-instruct-abliterated-v2,8,Thresh,5,Aphelios,Aphelios,0,0,0,1,2,3,0,0.369,5901,
josiefied-qwen2.5-7b-instruct-abliterated-v2,8,Thresh,6,Ashe,Ashe,0,0,0,1,5,2,0,0.305,6108,
josiefied-qwen2.5-7b-instruct-abliterated-v2,8,Thresh,7,Aurelion Sol,Aurelion Sol,0,0,0,1,3,3,0,0.371,6355,
josiefied-qwen2.5-7b-instruct-abliterated-v2,8,Thresh,8,Aurelion Sol,Aurelion Sol,0,0,1,1,4,3,0,0.356,6577,
josiefied-qwen2.5-7b-instruct-abliterated-v2,8,Thresh,9,Aurelion Sol,Aurelion Sol,0,0,1,1,4,3,0,0.376,6827,
josiefied-qwen2.5-7b-instruct-abliterated-v2,8,Thresh,10,Bel'Veth,Bel'Veth,0,0,0,1,7,0,0,0.38,7078,
josiefied-qwen2.5-7b-instruct-abliterated-v2,9,Ashe,1,Aatrox,Aatrox,0,0,0,0,0,0,0,0.082,5001,
josiefied-qwen2.5-7b-instruct-abliterated-v2,9,Ashe,2,Ahri,Ahri,0,0,0,0,0,3,0,0.272,5169,
josiefied-qwen2.5-7b-instruct-abliterated-v2,9,Ashe,3,Akali,Akali,0,0,0,1,5,1,0,0.274,5335,
josiefied-qwen2.5-7b-instruct-abliterated-v2,9,Ashe,4,Annie,Annie,0,0,0,1,2,4,0,0.311,5571,
josiefied-qwen2.5-7b-instruct-abliterated-v2,9,Ashe,5,Alistar,Alistar,0,0,0,1,5,2,0,0.32,5779,
josiefied-qwen2.5-7b-instruct-abliterated-v2,9,Ashe,6,Ambessa,Ambessa,0,0,0,1,7,1,0,0.32,6021,
josiefied-qwen2.5-7b-instruct-abliterated-v2,9,Ashe,7,Amumu,Amumu,0,0,0,1,5,2,0,0.412,6288,
josiefied-qwen2.5-7b-instruct-abliterated-v2,9,Ashe,8,Anivia,Anivia,0,0,0,1,1,5,0,0.331,6525,
josiefied-qwen2.5-7b-instruct-abliterated-v2,9,Ashe,9,Aphelios,Aphelios,0,0,0,1,4,2,0,0.339,6715,
josiefied-qwen2.5-7b-instruct-abliterated-v2,9,Ashe,10,Ashe,Ashe,0,0,0,0,0,7,1,0.338,6953,
josiefied-qwen2.5-7b-instruct-abliterated-v2,10,Zilean,1,Aatrox,Aatrox,0,0,0,0,0,1,0,0.081,5001,
josiefied-qwen2.5-7b-instruct-abliterated-v2,10,Zilean,2,Ahri,Ahri,0,0,0,1,1,2,0,0.276,5173,
josiefied-qwen2.5-7b-instruct-abliterated-v2,10,Zilean,3,Akali,Akali,0,0,0,1,7,0,0,0.283,5359,
josiefied-qwen2.5-7b-instruct-abliterated-v2,10,Zilean,4,Akshan,Akshan,0,0,0,1,2,3,0,0.394,5618,
josiefied-qwen2.5-7b-instruct-abliterated-v2,10,Zilean,5,Anivia,Anivia,0,0,0,1,3,3,0,0.3,5826,
josiefied-qwen2.5-7b-instruct-abliterated-v2,10,Zilean,6,Annie,Annie,0,0,0,1,3,4,0,0.305,6038,
josiefied-qwen2.5-7b-instruct-abliterated-v2,10,Zilean,7,Aphelios,Aphelios,0,0,0,1,2,3,0,0.352,6258,
josiefied-qwen2.5-7b-instruct-abliterated-v2,10,Zilean,8,Ashe,Ashe,0,0,0,1,5,3,0,0.308,6470,
josiefied-qwen2.5-7b-instruct-abliterated-v2,10,Zilean,9,Aurelion Sol,Aurelion Sol,0,0,0,1,4,3,0,0.377,6718,
josiefied-qwen2.5-7b-instruct-abliterated-v2,10,Zilean,10,Aurelion Sol,Aurelion Sol,0,0,1,1,5,3,0,0.377,6959,
josiefied-qwen2.5-7b-instruct-abliterated-v2,11,Xin Zhao,1,Aatrox,Aatrox,0,0,0,0,0,2,0,0.08,5001,
josiefied-qwen2.5-7b-instruct-abliterated-v2,11,Xin Zhao,2,Ahri,Ahri,0,0,0,1,2,1,0,0.271,5171,
josiefied-qwen2.5-7b-instruct-abliterated-v2,11,Xin Zhao,3,Akali,Akali,0,0,0,1,4,3,0,0.289,5371,
josiefied-qwen2.5-7b-instruct-abliterated-v2,11,Xin Zhao,4,Irelia,Irelia,0,0,0,1,4,3,0,0.321,5595,
josiefied-qwen2.5-7b-instruct-abliterated-v2,11,Xin Zhao,5,Karma,Karma,0,0,0,1,7,1,0,0.313,5826,
josiefied-qwen2.5-7b-instruct-abliterated-v2,11,Xin Zhao,6,Kennen,Kennen,0,0,0,1,6,2,0,0.409,6096,
josiefied-qwen2.5-7b-instruct-abliterated-v2,11,Xin Zhao,7,Lee Sin,Lee Sin,0,0,0,1,4,3,0,0.33,6344,
josiefied-qwen2.5-7b-instruct-abliterated-v2,11,Xin Zhao,8,Nami,Nami,0,0,0,1,10,1,0,0.325,6577,
josiefied-qwen2.5-7b-instruct-abliterated-v2,11,Xin Zhao,9,Nasus,Nasus,0,0,0,1,5,3,0,0.462,6878,
josiefied-qwen2.5-7b-instruct-abliterated-v2,11,Xin Zhao,10,Renekton,Renekton,0,0,0,1,7,2,0,0.359,7119,
josiefied-qwen2.5-7b-instruct-abliterated-v2,12,Tryndamere,1,Aatrox,Aatrox,0,0,0,0,0,3,0,0.081,5001,
josiefied-qwen2.5-7b-instruct-abliterated-v2,12,Tryndamere,2,Ahri,Ahri,0,0,0,1,3,0,0,0.27,5172,
josiefied-qwen2.5-7b-instruct-abliterated-v2,12,Tryndamere,3,Akali,Akali,0,0,0,1,5,1,0,0.291,5379,
josiefied-qwen2.5-7b-instruct-abliterated-v2,12,Tryndamere,4,Annie,Annie,0,0,0,1,8,1,0,0.313,5616,
josiefied-qwen2.5-7b-instruct-abliterated-v2,12,Tryndamere,5,Alistar,Alistar,0,0,0,1,3,3,0,0.427,5892,
josiefied-qwen2.5-7b-instruct-abliterated-v2,12,Tryndamere,6,Amumu,Amumu,0,0,0,1,3,3,0,0.307,6106,
josiefied-qwen2.5-7b-instruct-abliterated-v2,12,Tryndamere,7,Anivia,Anivia,0,0,0,1,7,2,0,0.313,6318,
josiefied-qwen2.5-7b-instruct-abliterated-v2,12,Tryndamere,8,Aphelios,Aphelios,0,0,0,1,6,1,0,0.378,6576,
josiefied-qwen2.5-7b-instruct-abliterated-v2,12,Tryndamere,9,Ashe,Ashe,0,0,0,1,7,2,0,0.351,6832,
josiefied-qwen2.5-7b-instruct-abliterated-v2,12,Tryndamere,10,Aurelion Sol,Aurelion Sol,0,0,0,1,8,1,0,0.467,7097,
josiefied-qwen2.5-7b-instruct-abliterated-v2,13,Pantheon,1,Aatrox,Aatrox,0,0,0,0,0,2,0,0.084,5001,
josiefied-qwen2.5-7b-instruct-abliterated-v2,13,Pantheon,2,Ahri,Ahri,0,0,0,1,2,1,0,0.276,5174,
josiefied-qwen2.5-7b-instruct-abliterated-v2,13,Pantheon,3,Akali,Akali,0,0,0,1,5,2,0,0.289,5371,
josiefied-qwen2.5-7b-instruct-abliterated-v2,13,Pantheon,4,Karma,Karma,0,0,0,1,7,1,0,0.321,5609,
josiefied-qwen2.5-7b-instruct-abliterated-v2,13,Pantheon,5,Annie,Annie,0,0,0,1,7,1,0,0.403,5879,
josiefied-qwen2.5-7b-instruct-abliterated-v2,13,Pantheon,6,Caitlyn,Caitlyn,0,0,0,1,5,1,0,0.428,6149,
josiefied-qwen2.5-7b-instruct-abliterated-v2,13,Pantheon,7,Fiora,Fiora,0,0,0,1,3,2,0,0.35,6389,
josiefied-qwen2.5-7b-instruct-abliterated-v2,13,Pantheon,8,Garen,Garen,0,0,0,1,3,3,0,0.317,6607,
josiefied-qwen2.5-7b-instruct-abliterated-v2,13,Pantheon,9,Karma,Karma,0,0,1,1,7,1,0,0.325,6821,
josiefied-qwen2.5-7b-instruct-abliterated-v2,13,Pantheon,10,Kennen,Kennen,0,0,0,1,5,2,0,0.462,7107,
josiefied-qwen2.5-7b-instruct-abliterated-v2,14,Vladimir,1,Aatrox,Aatrox,0,0,0,0,0,1,0,0.094,5001,
josiefied-qwen2.5-7b-instruct-abliterated-v2,14,Vladimir,2,Ahri,Ahri,0,0,0,1,1,2,0,0.292,5170,
josiefied-qwen2.5-7b-instruct-abliterated-v2,14,Vladimir,3,Akali,Akali,0,0,0,1,7,1,0,0.299,5356,
josiefied-qwen2.5-7b-instruct-abliterated-v2,14,Vladimir,4,Karma,Karma,0,0,0,1,6,1,0,0.423,5617,
josiefied-qwen2.5-7b-instruct-abliterated-v2,14,Vladimir,5,Annie,Annie,0,0,0,1,5,2,0,0.36,5874,
josiefied-qwen2.5-7b-instruct-abliterated-v2,14,Vladimir,6,Cassiopeia,Cassiopeia,0,0,0,1,4,4,0,0.412,6124,
josiefied-qwen2.5-7b-instruct-abliterated-v2,14,Vladimir,7,Kennen,Kennen,0,0,0,1,5,3,0,0.337,6361,
josiefied-qwen2.5-7b-instruct-abliterated-v2,14,Vladimir,8,Fiora,Fiora,0,0,0,1,9,0,0,0.377,6599,
josiefied-qwen2.5-7b-instruct-abliterated-v2,14,Vladimir,9,Irelia,Irelia,0,0,0,1,9,1,0,0.469,6889,
josiefied-qwen2.5-7b-instruct-abliterated-v2,14,Vladimir,10,Karma,Karma,0,0,1,1,7,1,0,0.451,7184,
josiefied-qwen2.5-7b-instruct-abliterated-v2,15,Lissandra,1,Aatrox,Aatrox,0,0,0,0,0,1,0,0.082,5001,
josiefied-qwen2.5-7b-instruct-abliterated-v2,15,Lissandra,2,Ahri,Ahri,0,0,0,1,1,4,0,0.269,5169,
josiefied-qwen2.5-7b-instruct-abliterated-v2,15,Lissandra,3,Akali,Akali,0,0,0,1,7,1,0,0.286,5361,
josiefied-qwen2.5-7b-instruct-abliterated-v2,15,Lissandra,4,Annie,Annie,0,0,0,1,2,4,0,0.401,5627,
josiefied-qwen2.5-7b-instruct-abliterated-v2,15,Lissandra,5,Aphelios,Aphelios,0,0,0,1,4,2,0,0.342,5840,
josiefied-qwen2.5-7b-instruct-abliterated-v2,15,Lissandra,6,Ashe,Ashe,0,0,0,1,3,5,0,0.315,6071,
josiefied-qwen2.5-7b-instruct-abliterated-v2,15,Lissandra,7,Aurelion Sol,Aurelion Sol,0,0,0,1,6,3,0,0.353,6292,
josiefied-qwen2.5-7b-instruct-abliterated-v2,15,Lissandra,8,Aurora,Aurora,0,0,0,1,5,4,0,0.432,6555,
josiefied-qwen2.5-7b-instruct-abliterated-v2,15,Lissandra,9,Azir,Azir,0,0,0,1,6,3,0,0.343,6806,
josiefied-qwen2.5-7b-instruct-abliterated-v2,15,Lissandra,10,Bel'Veth,Bel'Veth,0,0,0,1,8,1,0,0.464,7065,
josiefied-qwen2.5-7b-instruct-abliterated-v2,16,Elise,1,Aatrox,Aatrox,0,0,0,0,0,0,0,0.081,5001,
josiefied-qwen2.5-7b-instruct-abliterated-v2,16,Elise,2,Ahri,Ahri,0,0,0,0,0,3,0,0.273,5169,
josiefied-qwen2.5-7b-instruct-abliterated-v2,16,Elise,3,Akali,Akali,0,0,0,1,6,1,0,0.275,5335,
josiefied-qwen2.5-7b-instruct-abliterated-v2,16,Elise,4,Annie,Annie,0,0,0,1,3,3,0,0.323,5587,
josiefied-qwen2.5-7b-instruct-abliterated-v2,16,Elise,5,Aurelion Sol,Aurelion Sol,0,0,0,1,5,2,0,0.348,5814,
josiefied-qwen2.5-7b-instruct-abliterated-v2,16,Elise,6,Cassiopeia,Cassiopeia,0,0,0,1,3,4,0,0.382,6059,
josiefied-qwen2.5-7b-instruct-abliterated-v2,16,Elise,7,Darius,Darius,0,0,0,1,6,2,0,0.317,6289,
josiefied-qwen2.5-7b-instruct-abliterated-v2,16,Elise,8,Diana,Diana,0,0,0,1,5,3,0,0.341,6544,
josiefied-qwen2.5-7b-instruct-abliterated-v2,16,Elise,9,Ekko,Ekko,0,0,0,1,7,1,0,0.339,6791,
josiefied-qwen2.5-7b-instruct-abliterated-v2,16,Elise,10,Evelynn,Evelynn,0,0,0,1,5,3,0,0.447,7064,
josiefied-qwen2.5-7b-instruct-abliterated-v2,17,Ekko,1,Aatrox,Aatrox,0,0,0,0,0,2,0,0.081,5001,
josiefied-qwen2.5-7b-instruct-abliterated-v2,17,Ekko,2,Ahri,Ahri,0,0,0,1,3,1,0,0.27,5171,
josiefied-qwen2.5-7b-instruct-abliterated-v2,17,Ekko,3,Akali,Akali,0,0,0,1,6,2,0,0.293,5387,
josiefied-qwen2.5-7b-instruct-abliterated-v2,17,Ekko,4,Annie,Annie,0,0,0,1,7,1,0,0.321,5639,
josiefied-qwen2.5-7b-instruct-abliterated-v2,17,Ekko,5,Aurelion Sol,Aurelion Sol,0,0,0,1,4,2,0,0.443,5912,
josiefied-qwen2.5-7b-instruct-abliterated-v2,17,Ekko,6,Bel'Veth,Bel'Veth,0,0,0,1,6,1,0,0.358,6144,
josiefied-qwen2.5-7b-instruct-abliterated-v2,17,Ekko,7,Brand,Brand,0,0,0,1,5,2,0,0.319,6397,
josiefied-qwen2.5-7b-instruct-abliterated-v2,17,Ekko,8,Corki,Corki,0,0,0,1,4,2,0,0.365,6653,
josiefied-qwen2.5-7b-instruct-abliterated-v2,17,Ekko,9,Darius,Darius,0,0,0,1,3,4,0,0.334,6888,
josiefied-qwen2.5-7b-instruct-abliterated-v2,17,Ekko,10,Ekko,Ekko,0,0,0,0,0,7,1,0.328,7103,
josiefied-qwen2.5-7b-instruct-abliterated-v2,18,Briar,1,Aatrox,Aatrox,0,0,0,0,0,1,0,0.083,5001,
josiefied-qwen2.5-7b-instruct-abliterated-v2,18,Briar,2,Ahri,Ahri,0,0,0,1,2,1,0,0.271,5170,
josiefied-qwen2.5-7b-instruct-abliterated-v2,18,Briar,3,Akali,Akali,0,0,0,1,3,2,0,0.289,5371,
josiefied-qwen2.5-7b-instruct-abliterated-v2,18,Briar,4,Annie,Annie,0,0,0,1,7,1,0,0.299,5584,
josiefied-qwen2.5-7b-instruct-abliterated-v2,18,Briar,5,Aphelios,Aphelios,0,0,0,1,6,0,0,0.442,5855,
josiefied-qwen2.5-7b-instruct-abliterated-v2,18,Briar,6,Ashe,Ashe,0,0,0,1,6,1,0,0.324,6103,
josiefied-qwen2.5-7b-instruct-abliterated-v2,18,Briar,7,Aurelion Sol,Aurelion Sol,0,0,0,1,8,0,0,0.379,6358,
josiefied-qwen2.5-7b-instruct-abliterated-v2,18,Briar,8,Aurelion Sol,Aurelion Sol,0,0,1,1,9,0,0,0.466,6637,
josiefied-qwen2.5-7b-instruct-abliterated-v2,18,Briar,9,Aurelion Sol,Aurelion Sol,0,0,1,1,9,0,0,0.486,6944,
josiefied-qwen2.5-7b-instruct-abliterated-v2,18,Briar,10,Aurelion Sol,Aurelion Sol,0,0,1,1,9,0,0,0.495,7252,
josiefied-qwen2.5-7b-instruct-abliterated-v2,19,Mordekaiser,1,Aatrox,Aatrox,0,0,0,0,0,3,0,0.082,5001,
josiefied-qwen2.5-7b-instruct-abliterated-v2,19,Mordekaiser,2,Ahri,Ahri,0,0,0,1,3,0,0,0.269,5172,
josiefied-qwen2.5-7b-instruct-abliterated-v2,19,Mordekaiser,3,Akali,Akali,0,0,0,1,5,2,0,0.293,5379,
josiefied-qwen2.5-7b-instruct-abliterated-v2,19,Mordekaiser,4,Karma,Karma,0,0,0,1,10,0,0,0.308,5613,
josiefied-qwen2.5-7b-instruct-abliterated-v2,19,Mordekaiser,5,Annie,Annie,0,0,0,1,10,0,0,0.423,5912,
josiefied-qwen2.5-7b-instruct-abliterated-v2,19,Mordekaiser,6,Darius,Darius,0,0,0,1,3,3,0,0.427,6217,
josiefied-qwen2.5-7b-instruct-abliterated-v2,19,Mordekaiser,7,Garen,Garen,0,0,0,1,2,4,0,0.314,6434,
josiefied-qwen2.5-7b-instruct-abliterated-v2,19,Mordekaiser,8,Kayle,Kayle,0,0,0,1,6,2,0,0.328,6632,
josiefied-qwen2.5-7b-instruct-abliterated-v2,19,Mordekaiser,9,Karma,Karma,0,0,1,1,10,0,0,0.416,6890,
josiefied-qwen2.5-7b-instruct-abliterated-v2,19,Mordekaiser,10,Kennen,Kennen,0,0,0,1,4,3,0,0.46,7205,
josiefied-qwen2.5-7b-instruct-abliterated-v2,20,Diana,1,Aatrox,Aatrox,0,0,0,0,0,1,0,0.081,5001,
josiefied-qwen2.5-7b-instruct-abliterated-v2,20,Diana,2,Ahri,Ahri,0,0,0,1,1,2,0,0.271,5170,
josiefied-qwen2.5-7b-instruct-abliterated-v2,20,Diana,3,Akali,Akali,0,0,0,1,4,2,0,0.285,5359,
josiefied-qwen2.5-7b-instruct-abliterated-v2,20,Diana,4,Annie,Annie,0,0,0,1,4,2,0,0.305,5590,
josiefied-qwen2.5-7b-instruct-abliterated-v2,20,Diana,5,Aurelion Sol,Aurelion Sol,0,0,0,1,6,1,0,0.355,5828,
josiefied-qwen2.5-7b-instruct-abliterated-v2,20,Diana,6,Caitlyn,Caitlyn,0,0,0,1,3,2,0,0.421,6090,
josiefied-qwen2.5-7b-instruct-abliterated-v2,20,Diana,7,Camille,Camille,0,0,0,1,3,3,0,0.313,6307,
josiefied-qwen2.5-7b-instruct-abliterated-v2,20,Diana,8,Cassiopeia,Cassiopeia,0,0,0,1,4,2,0,0.375,6526,
josiefied-qwen2.5-7b-instruct-abliterated-v2,20,Diana,9,Darius,Darius,0,0,0,1,4,3,0,0.336,6769,
josiefied-qwen2.5-7b-instruct-abliterated-v2,20,Diana,10,Diana,Diana,0,0,0,0,0,7,1,0.328,6993,
josiefied-qwen2.5-7b-instruct-abliterated-v2,21,Aatrox,1,Aatrox,Aatrox,0,0,0,0,0,7,1,0.081,5001,
josiefied-qwen2.5-7b-instruct-abliterated-v2,22,Zeri,1,Aatrox,Aatrox,0,0,0,0,0,0,0,0.08,5001,
josiefied-qwen2.5-7b-instruct-abliterated-v2,22,Zeri,2,Ahri,Ahri,0,0,0,1,1,3,0,0.272,5169,
josiefied-qwen2.5-7b-instruct-abliterated-v2,22,Zeri,3,Akali,Akali,0,0,0,1,6,1,0,0.283,5360,
josiefied-qwen2.5-7b-instruct-abliterated-v2,22,Zeri,4,Annie,Annie,0,0,0,1,3,4,0,0.319,5612,
josiefied-qwen2.5-7b-instruct-abliterated-v2,22,Zeri,5,Aphelios,Aphelios,0,0,0,1,3,3,0,0.341,5834,
josiefied-qwen2.5-7b-instruct-abliterated-v2,22,Zeri,6,Ashe,Ashe,0,0,0,1,3,3,0,0.309,6054,
josiefied-qwen2.5-7b-instruct-abliterated-v2,22,Zeri,7,Aurelion Sol,Aurelion Sol,0,0,0,1,7,2,0,0.354,6282,
josiefied-qwen2.5-7b-instruct-abliterated-v2,22,Zeri,8,Aurora,Aurora,0,0,0,1,5,3,0,0.436,6553,
josiefied-qwen2.5-7b-instruct-abliterated-v2,22,Zeri,9,Azir,Azir,0,0,0,1,7,2,0,0.334,6796,
josiefied-qwen2.5-7b-instruct-abliterated-v2,22,Zeri,10,Bard,Bard,0,0,0,1,7,2,0,0.43,7063,
josiefied-qwen2.5-7b-instruct-abliterated-v2,23,Zac,1,Aatrox,Aatrox,0,0,0,0,0,3,0,0.082,5001,
josiefied-qwen2.5-7b-instruct-abliterated-v2,23,Zac,2,Ahri,Ahri,0,0,0,1,3,0,0,0.271,5171,
josiefied-qwen2.5-7b-instruct-abliterated-v2,23,Zac,3,Akali,Akali,0,0,0,1,5,1,0,0.294,5383,
josiefied-qwen2.5-7b-instruct-abliterated-v2,23,Zac,4,Annie,Annie,0,0,0,1,9,0,0,0.311,5619,
josiefied-qwen2.5-7b-instruct-abliterated-v2,23,Zac,5,Aurelion Sol,Aurelion Sol,0,0,0,1,6,1,0,0.453,5910,
josiefied-qwen2.5-7b-instruct-abliterated-v2,23,Zac,6,Bel'Veth,Bel'Veth,0,0,0,1,4,2,0,0.372,6166,
josiefied-qwen2.5-7b-instruct-abliterated-v2,23,Zac,7,Brand,Brand,0,0,0,1,8,1,0,0.3,6393,
josiefied-qwen2.5-7b-instruct-abliterated-v2,23,Zac,8,Corki,Corki,0,0,0,1,6,1,0,0.449,6681,
josiefied-qwen2.5-7b-instruct-abliterated-v2,23,Zac,9,Darius,Darius,0,0,0,1,6,2,0,0.347,6935,
josiefied-qwen2.5-7b-instruct-abliterated-v2,23,Zac,10,Ekko,Ekko,0,0,0,1,5,3,0,0.347,7184,
josiefied-qwen2.5-7b-instruct-abliterated-v2,24,Xerath,1,Aatrox,Aatrox,0,0,0,0,0,1,0,0.082,5001,
josiefied-qwen2.5-7b-instruct-abliterated-v2,24,Xerath,2,Ahri,Ahri,0,0,0,1,1,3,0,0.276,5173,
josiefied-qwen2.5-7b-instruct-abliterated-v2,24,Xerath,3,Akali,Akali,0,0,0,1,8,0,0,0.287,5362,
josiefied-qwen2.5-7b-instruct-abliterated-v2,24,Xerath,4,Annie,Annie,0,0,0,1,4,2,0,0.403,5637,
josiefied-qwen2.5-7b-instruct-abliterated-v2,24,Xerath,5,Aurelion Sol,Aurelion Sol,0,0,0,1,2,3,0,0.354,5873,
josiefied-qwen2.5-7b-instruct-abliterated-v2,24,Xerath,6,Bel'Veth,Bel'Veth,0,0,0,1,7,0,0,0.343,6086,
josiefied-qwen2.5-7b-instruct-abliterated-v2,24,Xerath,7,Brand,Brand,0,0,0,1,3,4,0,0.389,6348,
josiefied-qwen2.5-7b-instruct-abliterated-v2,24,Xerath,8,Corki,Corki,0,0,0,1,1,3,0,0.347,6575,
josiefied-qwen2.5-7b-instruct-abliterated-v2,24,Xerath,9,Darius,Darius,0,0,0,1,6,2,0,0.313,6775,
josiefied-qwen2.5-7b-instruct-abliterated-v2,24,Xerath,10,Fiora,Fiora,0,0,0,1,7,1,0,0.372,7026,
josiefied-qwen2.5-7b-instruct-abliterated-v2,25,Kog'Maw,1,Aatrox,Aatrox,0,0,0,0,0,1,0,0.082,5001,
josiefied-qwen2.5-7b-instruct-abliterated-v2,25,Kog'Maw,2,Ahri,Ahri,0,0,0,1,1,2,0,0.271,5170,
josiefied-qwen2.5-7b-instruct-abliterated-v2,25,Kog'Maw,3,Akali,Akali,0,0,0,1,7,1,0,0.28,5356,
josiefied-qwen2.5-7b-instruct-abliterated-v2,25,Kog'Maw,4,Karma,Karma,0,0,0,1,6,2,0,0.322,5612,
josiefied-qwen2.5-7b-instruct-abliterated-v2,25,Kog'Maw,5,Annie,Annie,0,0,0,1,6,2,0,0.326,5866,
josiefied-qwen2.5-7b-instruct-abliterated-v2,25,Kog'Maw,6,Cassiopeia,Cassiopeia,0,0,0,1,5,3,0,0.388,6123,
josiefied-qwen2.5-7b-instruct-abliterated-v2,25,Kog'Maw,7,Kennen,Kennen,0,0,0,1,4,3,0,0.33,6369,
josiefied-qwen2.5-7b-instruct-abliterated-v2,25,Kog'Maw,8,Lee Sin,Lee Sin,0,0,0,1,7,1,0,0.321,6591,
josiefied-qwen2.5-7b-instruct-abliterated-v2,25,Kog'Maw,9,Evelynn,Evelynn,0,0,0,1,7,1,0,0.439,6854,
josiefied-qwen2.5-7b-instruct-abliterated-v2,25,Kog'Maw,10,Karma,Karma,0,0,1,1,6,2,0,0.425,7118,
josiefied-qwen2.5-7b-instruct-abliterated-v2,26,Dr. Mundo,1,Aatrox,Aatrox,0,0,0,0,0,2,0,0.082,5001,
josiefied-qwen2.5-7b-instruct-abliterated-v2,26,Dr. Mundo,2,Ahri,Ahri,0,0,0,1,2,0,0,0.274,5174,
josiefied-qwen2.5-7b-instruct-abliterated-v2,26,Dr. Mundo,3,Akali,Akali,0,0,0,1,4,1,0,0.29,5370,
josiefied-qwen2.5-7b-instruct-abliterated-v2,26,Dr. Mundo,4,Annie,Annie,0,0,0,1,7,1,0,0.303,5596,
josiefied-qwen2.5-7b-instruct-abliterated-v2,26,Dr. Mundo,5,Ashe,Ashe,0,0,0,1,5,1,0,0.398,5861,
josiefied-qwen2.5-7b-instruct-abliterated-v2,26,Dr. Mundo,6,Aurelion Sol,Aurelion Sol,0,0,0,1,6,1,0,0.359,6101,
josiefied-qwen2.5-7b-instruct-abliterated-v2,26,Dr. Mundo,7,Brand,Brand,0,0,0,1,6,1,0,0.316,6357,
josiefied-qwen2.5-7b-instruct-abliterated-v2,26,Dr. Mundo,8,Corki,Corki,0,0,0,1,4,2,0,0.437,6624,
josiefied-qwen2.5-7b-instruct-abliterated-v2,26,Dr. Mundo,9,Darius,Darius,0,0,0,1,3,2,0,0.322,6851,
josiefied-qwen2.5-7b-instruct-abliterated-v2,26,Dr. Mundo,10,Diana,Diana,0,0,0,1,6,1,0,0.328,7070,
josiefied-qwen2.5-7b-instruct-abliterated-v2,27,Jhin,1,Aatrox,Aatrox,0,0,0,0,0,1,0,0.082,5001,
josiefied-qwen2.5-7b-instruct-abliterated-v2,27,Jhin,2,Ahri,Ahri,0,0,0,1,2,3,0,0.27,5170,
josiefied-qwen2.5-7b-instruct-abliterated-v2,27,Jhin,3,Akali,Akali,0,0,0,1,7,1,0,0.293,5373,
josiefied-qwen2.5-7b-instruct-abliterated-v2,27,Jhin,4,Annie,Annie,0,0,0,1,6,2,0,0.394,5637,
josiefied-qwen2.5-7b-instruct-abliterated-v2,27,Jhin,5,Aurelion Sol,Aurelion Sol,0,0,0,1,3,4,0,0.432,5896,
josiefied-qwen2.5-7b-instruct-abliterated-v2,27,Jhin,6,Bel'Veth,Bel'Veth,0,0,0,1,8,0,0,0.343,6114,
josiefied-qwen2.5-7b-instruct-abliterated-v2,27,Jhin,7,Brand,Brand,0,0,0,1,4,3,0,0.394,6388,
josiefied-qwen2.5-7b-instruct-abliterated-v2,27,Jhin,8,Corki,Corki,0,0,0,1,3,3,0,0.358,6630,
josiefied-qwen2.5-7b-instruct-abliterated-v2,27,Jhin,9,Darius,Darius,0,0,0,1,6,2,0,0.324,6851,
josiefied-qwen2.5-7b-instruct-abliterated-v2,27,Jhin,10,Ekko,Ekko,0,0,0,1,5,2,0,0.35,7104,
josiefied-qwen2.5-7b-instruct-abliterated-v2,28,Malzahar,1,Aatrox,Aatrox,0,0,0,0,0,1,0,0.081,5001,
josiefied-qwen2.5-7b-instruct-abliterated-v2,28,Malzahar,2,Ahri,Ahri,0,0,0,1,1,3,0,0.272,5173,
josiefied-qwen2.5-7b-instruct-abliterated-v2,28,Malzahar,3,Akali,Akali,0,0,0,1,8,1,0,0.282,5360,
josiefied-qwen2.5-7b-instruct-abliterated-v2,28,Malzahar,4,Karma,Karma,0,0,0,1,5,2,0,0.397,5633,
josiefied-qwen2.5-7b-instruct-abliterated-v2,28,Malzahar,5,Annie,Annie,0,0,0,1,3,3,0,0.321,5879,
josiefied-qwen2.5-7b-instruct-abliterated-v2,28,Malzahar,6,Caitlyn,Caitlyn,0,0,0,1,4,2,0,0.327,6103,
josiefied-qwen2.5-7b-instruct-abliterated-v2,28,Malzahar,7,Diana,Diana,0,0,0,1,6,1,0,0.321,6331,
josiefied-qwen2.5-7b-instruct-abliterated-v2,28,Malzahar,8,Evelynn,Evelynn,0,0,0,1,7,1,0,0.362,6587,
josiefied-qwen2.5-7b-instruct-abliterated-v2,28,Malzahar,9,Irelia,Irelia,0,0,0,1,7,2,0,0.434,6849,
josiefied-qwen2.5-7b-instruct-abliterated-v2,28,Malzahar,10,Karma,Karma,0,0,1,1,5,2,0,0.421,7116,
josiefied-qwen2.5-7b-instruct-abliterated-v2,29,Soraka,1,Aatrox,Aatrox,0,0,0,0,0,0,0,0.081,5001,
josiefied-qwen2.5-7b-instruct-abliterated-v2,29,Soraka,2,Ahri,Ahri,0,0,0,0,0,3,0,0.27,5169,
josiefied-qwen2.5-7b-instruct-abliterated-v2,29,Soraka,3,Akali,Akali,0,0,0,1,4,1,0,0.27,5338,
josiefied-qwen2.5-7b-instruct-abliterated-v2,29,Soraka,4,Annie,Annie,0,0,0,1,3,4,0,0.302,5562,
josiefied-qwen2.5-7b-instruct-abliterated-v2,29,Soraka,5,Alistar,Alistar,0,0,0,1,5,3,0,0.32,5780,
josiefied-qwen2.5-7b-instruct-abliterated-v2,29,Soraka,6,Ambessa,Ambessa,0,0,0,1,9,1,0,0.319,6020,
josiefied-qwen2.5-7b-instruct-abliterated-v2,29,Soraka,7,Amumu,Amumu,0,0,0,1,6,2,0,0.42,6308,
josiefied-qwen2.5-7b-instruct-abliterated-v2,29,Soraka,8,Anivia,Anivia,0,0,0,1,2,4,0,0.334,6556,
josiefied-qwen2.5-7b-instruct-abliterated-v2,29,Soraka,9,Aphelios,Aphelios,0,0,0,1,5,2,0,0.347,6756,
josiefied-qwen2.5-7b-instruct-abliterated-v2,29,Soraka,10,Ashe,Ashe,0,0,0,1,4,4,0,0.345,7001,
josiefied-qwen2.5-7b-instruct-abliterated-v2,30,Ezreal,1,Aatrox,Aatrox,0,0,0,0,0,1,0,0.081,5001,
josiefied-qwen2.5-7b-instruct-abliterated-v2,30,Ezreal,2,Ahri,Ahri,0,0,0,1,1,2,0,0.272,5170,
josiefied-qwen2.5-7b-instruct-abliterated-v2,30,Ezreal,3,Akali,Akali,0,0,0,1,7,1,0,0.279,5356,
josiefied-qwen2.5-7b-instruct-abliterated-v2,30,Ezreal,4,Karma,Karma,0,0,0,1,5,2,0,0.39,5615,
josiefied-qwen2.5-7b-instruct-abliterated-v2,30,Ezreal,5,Annie,Annie,0,0,0,1,5,3,0,0.319,5859,
josiefied-qwen2.5-7b-instruct-abliterated-v2,30,Ezreal,6,Cassiopeia,Cassiopeia,0,0,0,1,5,3,0,0.383,6104,
josiefied-qwen2.5-7b-instruct-abliterated-v2,30,Ezreal,7,Elise,Elise,0,0,0,1,5,2,0,0.333,6355,
josiefied-qwen2.5-7b-instruct-abliterated-v2,30,Ezreal,8,Evelynn,Evelynn,0,0,0,1,8,1,0,0.358,6606,
josiefied-qwen2.5-7b-instruct-abliterated-v2,30,Ezreal,9,Kennen,Kennen,0,0,0,1,5,3,0,0.429,6884,
josiefied-qwen2.5-7b-instruct-abliterated-v2,30,Ezreal,10,Kaisa,Kai'Sa,0,0,0,1,5,3,0,0.361,7122,
meta-llama-llama-3.2-3b-instruct-qlora-malaysian-16k,1,Karma,1,Aatrox,Aatrox,0,0,0,0,0,0,0,3.829,4666,
meta-llama-llama-3.2-3b-instruct-qlora-malaysian-16k,1,Karma,2,Akali,Akali,0,0,0,1,2,2,0,0.154,4829,
meta-llama-llama-3.2-3b-instruct-qlora-malaysian-16k,1,Karma,3,Akshan,Akshan,0,0,0,1,5,2,0,0.17,5028,
meta-llama-llama-3.2-3b-instruct-qlora-malaysian-16k,1,Karma,4,Azir,Azir,0,0,0,1,5,2,0,0.188,5263,
meta-llama-llama-3.2-3b-instruct-qlora-malaysian-16k,1,Karma,5,K'Sante,K'Sante,0,0,0,1,8,1,0,0.203,5498,
meta-llama-llama-3.2-3b-instruct-qlora-malaysian-16k,1,Karma,6,Bel'Veth,Bel'Veth,0,0,0,1,6,1,0,0.257,5765,
meta-llama-llama-3.2-3b-instruct-qlora-malaysian-16k,1,Karma,7,Briar,Briar,0,0,0,1,6,1,0,0.213,6007,
meta-llama-llama-3.2-3b-instruct-qlora-malaysian-16k,1,Karma,8,Ambessa,Ambessa,0,0,0,1,8,1,0,0.207,6249,
meta-llama-llama-3.2-3b-instruct-qlora-malaysian-16k,1,Karma,9,Aurora,Aurora,0,0,0,1,3,3,0,0.264,6519,
meta-llama-llama-3.2-3b-instruct-qlora-malaysian-16k,1,Karma,10,Bel'Veth,Bel'Veth,0,0,1,1,9,1,0,0.228,6735,
meta-llama-llama-3.2-3b-instruct-qlora-malaysian-16k,2,Samira,1,Aatrox,Aatrox,0,0,0,0,0,0,0,0.052,4666,
meta-llama-llama-3.2-3b-instruct-qlora-malaysian-16k,2,Samira,2,Ahri,Ahri,0,0,0,1,1,3,0,0.154,4832,
meta-llama-llama-3.2-3b-instruct-qlora-malaysian-16k,2,Samira,3,Ahri,Ahri,0,0,1,1,4,3,0,0.162,5017,
meta-llama-llama-3.2-3b-instruct-qlora-malaysian-16k,2,Samira,4,Ahri,Ahri,0,0,1,1,4,3,0,0.188,5254,
meta-llama-llama-3.2-3b-instruct-qlora-malaysian-16k,2,Samira,5,Ahri,Ahri,0,0,1,1,4,3,0,0.195,5491,
meta-llama-llama-3.2-3b-instruct-qlora-malaysian-16k,2,Samira,6,Ahri,Ahri,0,0,1,1,4,3,0,0.199,5728,
meta-llama-llama-3.2-3b-instruct-qlora-malaysian-16k,2,Samira,7,Ahri,Ahri,0,0,1,1,4,3,0,0.205,5965,
meta-llama-llama-3.2-3b-instruct-qlora-malaysian-16k,2,Samira,8,Ahri,Ahri,0,0,1,1,4,3,0,0.211,6202,
meta-llama-llama-3.2-3b-instruct-qlora-malaysian-16k,2,Samira,9,Ahri,Ahri,0,0,1,1,4,3,0,0.209,6439,
meta-llama-llama-3.2-3b-instruct-qlora-malaysian-16k,2,Samira,10,Ahri,Ahri,0,0,1,1,4,3,0,0.216,6676,
meta-llama-llama-3.2-3b-instruct-qlora-malaysian-16k,3,Zoe,1,Aatrox,Aatrox,0,0,0,0,0,0,0,0.053,4666,
meta-llama-llama-3.2-3b-instruct-qlora-malaysian-16k,3,Zoe,2,Akali,Akali,0,0,0,1,3,1,0,0.155,4829,
meta-llama-llama-3.2-3b-instruct-qlora-malaysian-16k,3,Zoe,3,Akshan,Akshan,0,0,0,1,3,3,0,0.177,5041,
meta-llama-llama-3.2-3b-instruct-qlora-malaysian-16k,3,Zoe,4,Azir,Azir,0,0,0,1,3,3,0,0.175,5249,
meta-llama-llama-3.2-3b-instruct-qlora-malaysian-16k,3,Zoe,5,Bard,Bard,0,0,0,1,4,2,0,0.181,5457,
meta-llama-llama-3.2-3b-instruct-qlora-malaysian-16k,3,Zoe,6,Bel'Veth,Bel'Veth,0,0,0,1,6,1,0,0.208,5672,
meta-llama-llama-3.2-3b-instruct-qlora-malaysian-16k,3,Zoe,7,Blitzcrank,Blitzcrank,0,0,0,1,7,1,0,0.225,5913,
meta-llama-llama-3.2-3b-instruct-qlora-malaysian-16k,3,Zoe,8,Brand,Brand,0,0,0,1,6,2,0,0.2,6165,
meta-llama-llama-3.2-3b-instruct-qlora-malaysian-16k,3,Zoe,9,Caitlyn,Caitlyn,0,0,0,1,2,3,0,0.261,6424,
meta-llama-llama-3.2-3b-instruct-qlora-malaysian-16k,3,Zoe,10,Camille,Camille,0,0,0,1,5,2,0,0.193,6622,
meta-llama-llama-3.2-3b-instruct-qlora-malaysian-16k,4,Nocturne,1,Aatrox,Aatrox,0,0,0,0,0,1,0,0.052,4666,
meta-llama-llama-3.2-3b-instruct-qlora-malaysian-16k,4,Nocturne,2,Ahri,Ahri,0,0,0,1,1,2,0,0.154,4833,
meta-llama-llama-3.2-3b-instruct-qlora-malaysian-16k,4,Nocturne,3,Ahri,Ahri,0,0,1,1,6,2,0,0.163,5013,
meta-llama-llama-3.2-3b-instruct-qlora-malaysian-16k,4,Nocturne,4,Ahri,Ahri,0,0,1,1,6,2,0,0.195,5269,
meta-llama-llama-3.2-3b-instruct-qlora-malaysian-16k,4,Nocturne,5,Ahri,Ahri,0,0,1,1,6,2,0,0.203,5525,
meta-llama-llama-3.2-3b-instruct-qlora-malaysian-16k,4,Nocturne,6,Ahri,Ahri,0,0,1,1,6,2,0,0.213,5781,
meta-llama-llama-3.2-3b-instruct-qlora-malaysian-16k,4,Nocturne,7,Ahri,Ahri,0,0,1,1,6,2,0,0.211,6037,
meta-llama-llama-3.2-3b-instruct-qlora-malaysian-16k,4,Nocturne,8,Ahri,Ahri,0,0,1,1,6,2,0,0.216,6293,
meta-llama-llama-3.2-3b-instruct-qlora-malaysian-16k,4,Nocturne,9,Ahri,Ahri,0,0,1,1,6,2,0,0.221,6549,
meta-llama-llama-3.2-3b-instruct-qlora-malaysian-16k,4,Nocturne,10,Ahri,Ahri,0,0,1,1,6,2,0,0.225,6805,
meta-llama-llama-3.2-3b-instruct-qlora-malaysian-16k,5,Veigar,1,Aatrox,Aatrox,0,0,0,0,0,1,0,0.052,4666,
meta-llama-llama-3.2-3b-instruct-qlora-malaysian-16k,5,Veigar,2,Ahri,Ahri,0,0,0,1,1,3,0,0.157,4833,
meta-llama-llama-3.2-3b-instruct-qlora-malaysian-16k,5,Veigar,3,Ahri,Ahri,0,0,1,1,5,3,0,0.162,5015,
meta-llama-llama-3.2-3b-instruct-qlora-malaysian-16k,5,Veigar,4,Anivia,Anivia,0,0,0,1,2,4,0,0.193,5263,
meta-llama-llama-3.2-3b-instruct-qlora-malaysian-16k,5,Veigar,5,Anivia,Anivia,0,0,1,1,4,4,0,0.177,5459,
meta-llama-llama-3.2-3b-instruct-qlora-malaysian-16k,5,Veigar,6,Anivia,Anivia,0,0,1,1,4,4,0,0.196,5695,
meta-llama-llama-3.2-3b-instruct-qlora-malaysian-16k,5,Veigar,7,Anivia,Anivia,0,0,1,1,4,4,0,0.216,5931,
meta-llama-llama-3.2-3b-instruct-qlora-malaysian-16k,5,Veigar,8,Anivia,Anivia,0,0,1,1,4,4,0,0.221,6167,
meta-llama-llama-3.2-3b-instruct-qlora-malaysian-16k,5,Veigar,9,Anivia,Anivia,0,0,1,1,4,4,0,0.228,6403,
meta-llama-llama-3.2-3b-instruct-qlora-malaysian-16k,5,Veigar,10,Anivia,Anivia,0,0,1,1,4,4,0,0.223,6639,
meta-llama-llama-3.2-3b-instruct-qlora-malaysian-16k,6,LeBlanc,1,Aatrox,Aatrox,0,0,0,0,0,0,0,0.054,4666,
meta-llama-llama-3.2-3b-instruct-qlora-malaysian-16k,6,LeBlanc,2,Akali,Akali,0,0,0,1,2,2,0,0.16,4829,
meta-llama-llama-3.2-3b-instruct-qlora-malaysian-16k,6,LeBlanc,3,Akshan,Akshan,0,0,0,1,4,3,0,0.175,5027,
meta-llama-llama-3.2-3b-instruct-qlora-malaysian-16k,6,LeBlanc,4,Azir,Azir,0,0,0,1,4,3,0,0.183,5249,
meta-llama-llama-3.2-3b-instruct-qlora-malaysian-16k,6,LeBlanc,5,Katarina,Katarina,0,0,0,1,5,3,0,0.196,5471,
meta-llama-llama-3.2-3b-instruct-qlora-malaysian-16k,6,LeBlanc,6,Kassadin,Kassadin,0,0,0,1,7,2,0,0.204,5706,
meta-llama-llama-3.2-3b-instruct-qlora-malaysian-16k,6,LeBlanc,7,Kha'Zix,Kha'Zix,0,0,0,1,8,1,0,0.276,5969,
meta-llama-llama-3.2-3b-instruct-qlora-malaysian-16k,6,LeBlanc,8,Kennen,Kennen,0,0,0,1,8,2,0,0.254,6234,
meta-llama-llama-3.2-3b-instruct-qlora-malaysian-16k,6,LeBlanc,9,Lux,Lux,0,0,0,1,2,4,0,0.245,6495,
meta-llama-llama-3.2-3b-instruct-qlora-malaysian-16k,6,LeBlanc,10,Soraka,Soraka,0,0,0,1,4,3,0,0.206,6696,
meta-llama-llama-3.2-3b-instruct-qlora-malaysian-16k,7,Morgana,1,Aatrox,Aatrox,0,0,0,0,0,0,0,0.052,4666,
meta-llama-llama-3.2-3b-instruct-qlora-malaysian-16k,7,Morgana,2,Akali,Akali,0,0,0,1,2,1,0,0.153,4829,
meta-llama-llama-3.2-3b-instruct-qlora-malaysian-16k,7,Morgana,3,Akshan,Akshan,0,0,0,1,4,2,0,0.169,5027,
meta-llama-llama-3.2-3b-instruct-qlora-malaysian-16k,7,Morgana,4,Azir,Azir,0,0,0,1,4,2,0,0.181,5251,
meta-llama-llama-3.2-3b-instruct-qlora-malaysian-16k,7,Morgana,5,Bard,Bard,0,0,0,1,4,2,0,0.186,5475,
meta-llama-llama-3.2-3b-instruct-qlora-malaysian-16k,7,Morgana,6,Bel'Veth,Bel'Veth,0,0,0,1,5,1,0,0.211,5697,
meta-llama-llama-3.2-3b-instruct-qlora-malaysian-16k,7,Morgana,7,Blitzcrank,Blitzcrank,0,0,0,1,4,2,0,0.219,5928,
meta-llama-llama-3.2-3b-instruct-qlora-malaysian-16k,7,Morgana,8,Brand,Brand,0,0,0,1,5,2,0,0.184,6147,
meta-llama-llama-3.2-3b-instruct-qlora-malaysian-16k,7,Morgana,9,Darius,Darius,0,0,0,1,6,1,0,0.214,6396,
meta-llama-llama-3.2-3b-instruct-qlora-malaysian-16k,7,Morgana,10,Ezreal,Ezreal,0,0,0,1,3,2,0,0.232,6639,
meta-llama-llama-3.2-3b-instruct-qlora-malaysian-16k,8,Thresh,1,Aatrox,Aatrox,0,0,0,0,0,2,0,0.052,4666,
meta-llama-llama-3.2-3b-instruct-qlora-malaysian-16k,8,Thresh,2,Akali,Akali,0,0,0,1,4,0,0,0.155,4830,
meta-llama-llama-3.2-3b-instruct-qlora-malaysian-16k,8,Thresh,3,Akshan,Akshan,0,0,0,1,4,3,0,0.174,5046,
meta-llama-llama-3.2-3b-instruct-qlora-malaysian-16k,8,Thresh,4,Azir,Azir,0,0,0,1,3,3,0,0.185,5267,
meta-llama-llama-3.2-3b-instruct-qlora-malaysian-16k,8,Thresh,5,Bard,Bard,0,0,0,1,2,4,0,0.182,5478,
meta-llama-llama-3.2-3b-instruct-qlora-malaysian-16k,8,Thresh,6,Bel'Veth,Bel'Veth,0,0,0,1,8,0,0,0.2,5676,
meta-llama-llama-3.2-3b-instruct-qlora-malaysian-16k,8,Thresh,7,Blitzcrank,Blitzcrank,0,0,0,1,3,3,0,0.259,5939,
meta-llama-llama-3.2-3b-instruct-qlora-malaysian-16k,8,Thresh,8,Brand,Brand,0,0,0,1,5,3,0,0.178,6148,
meta-llama-llama-3.2-3b-instruct-qlora-malaysian-16k,8,Thresh,9,Camille,Camille,0,0,0,1,8,1,0,0.213,6395,
meta-llama-llama-3.2-3b-instruct-qlora-malaysian-16k,8,Thresh,10,Camille,Camille,0,0,1,1,9,1,0,0.251,6661,
meta-llama-llama-3.2-3b-instruct-qlora-malaysian-16k,9,Ashe,1,Aatrox,Aatrox,0,0,0,0,0,0,0,0.052,4666,
meta-llama-llama-3.2-3b-instruct-qlora-malaysian-16k,9,Ashe,2,Akali,Akali,0,0,0,1,2,1,0,0.152,4829,
meta-llama-llama-3.2-3b-instruct-qlora-malaysian-16k,9,Ashe,3,Akshan,Akshan,0,0,0,1,5,2,0,0.17,5024,
meta-llama-llama-3.2-3b-instruct-qlora-malaysian-16k,9,Ashe,4,Azir,Azir,0,0,0,1,5,2,0,0.185,5257,
meta-llama-llama-3.2-3b-instruct-qlora-malaysian-16k,9,Ashe,5,K'Sante,K'Sante,0,0,0,1,7,1,0,0.209,5490,
meta-llama-llama-3.2-3b-instruct-qlora-malaysian-16k,9,Ashe,6,Bel'Veth,Bel'Veth,0,0,0,1,5,1,0,0.229,5746,
meta-llama-llama-3.2-3b-instruct-qlora-malaysian-16k,9,Ashe,7,Briar,Briar,0,0,0,1,5,1,0,0.209,5977,
meta-llama-llama-3.2-3b-instruct-qlora-malaysian-16k,9,Ashe,8,Caitlyn,Caitlyn,0,0,0,1,1,3,0,0.216,6208,
meta-llama-llama-3.2-3b-instruct-qlora-malaysian-16k,9,Ashe,9,Camille,Camille,0,0,0,1,5,2,0,0.186,6399,
meta-llama-llama-3.2-3b-instruct-qlora-malaysian-16k,9,Ashe,10,Lucian,Lucian,0,0,0,1,3,2,0,0.213,6635,
meta-llama-llama-3.2-3b-instruct-qlora-malaysian-16k,10,Zilean,1,Aatrox,Aatrox,0,0,0,0,0,1,0,0.051,4666,
meta-llama-llama-3.2-3b-instruct-qlora-malaysian-16k,10,Zilean,2,Ahri,Ahri,0,0,0,1,1,2,0,0.155,4833,
meta-llama-llama-3.2-3b-instruct-qlora-malaysian-16k,10,Zilean,3,Ahri,Ahri,0,0,1,1,6,2,0,0.163,5014,
meta-llama-llama-3.2-3b-instruct-qlora-malaysian-16k,10,Zilean,4,Ahri,Ahri,0,0,1,1,6,2,0,0.223,5273,
meta-llama-llama-3.2-3b-instruct-qlora-malaysian-16k,10,Zilean,5,Ahri,Ahri,0,0,1,1,6,2,0,0.229,5532,
meta-llama-llama-3.2-3b-instruct-qlora-malaysian-16k,10,Zilean,6,Ahri,Ahri,0,0,1,1,6,2,0,0.236,5791,
meta-llama-llama-3.2-3b-instruct-qlora-malaysian-16k,10,Zilean,7,Ahri,Ahri,0,0,1,1,6,2,0,0.239,6050,
meta-llama-llama-3.2-3b-instruct-qlora-malaysian-16k,10,Zilean,8,Ahri,Ahri,0,0,1,1,6,2,0,0.245,6309,
meta-llama-llama-3.2-3b-instruct-qlora-malaysian-16k,10,Zilean,9,Ahri,Ahri,0,0,1,1,6,2,0,0.25,6568,
meta-llama-llama-3.2-3b-instruct-qlora-malaysian-16k,10,Zilean,10,Ahri,Ahri,0,0,1,1,6,2,0,0.254,6827,
meta-llama-llama-3.2-3b-instruct-qlora-malaysian-16k,11,Xin Zhao,1,Aatrox,Aatrox,0,0,0,0,0,2,0,0.051,4666,
meta-llama-llama-3.2-3b-instruct-qlora-malaysian-16k,11,Xin Zhao,2,Akali,Akali,0,0,0,1,2,3,0,0.156,4831,
meta-llama-llama-3.2-3b-instruct-qlora-malaysian-16k,11,Xin Zhao,3,Akshan,Akshan,0,0,0,1,4,3,0,0.167,5026,
meta-llama-llama-3.2-3b-instruct-qlora-malaysian-16k,11,Xin Zhao,4,Azir,Azir,0,0,0,1,6,2,0,0.18,5245,
meta-llama-llama-3.2-3b-instruct-qlora-malaysian-16k,11,Xin Zhao,5,Bard,Bard,0,0,0,1,5,2,0,0.196,5489,
meta-llama-llama-3.2-3b-instruct-qlora-malaysian-16k,11,Xin Zhao,6,Briar,Briar,0,0,0,1,5,2,0,0.204,5719,
meta-llama-llama-3.2-3b-instruct-qlora-malaysian-16k,11,Xin Zhao,7,Caitlyn,Caitlyn,0,0,0,1,6,2,0,0.21,5952,
meta-llama-llama-3.2-3b-instruct-qlora-malaysian-16k,11,Xin Zhao,8,Camille,Camille,0,0,0,1,7,2,0,0.204,6192,
meta-llama-llama-3.2-3b-instruct-qlora-malaysian-16k,11,Xin Zhao,9,Cassiopeia,Cassiopeia,0,0,0,1,8,2,0,0.251,6448,
meta-llama-llama-3.2-3b-instruct-qlora-malaysian-16k,11,Xin Zhao,10,Ezreal,Ezreal,0,0,0,1,6,3,0,0.271,6725,
meta-llama-llama-3.2-3b-instruct-qlora-malaysian-16k,12,Tryndamere,1,Aatrox,Aatrox,0,0,0,0,0,3,0,0.06,4666,
meta-llama-llama-3.2-3b-instruct-qlora-malaysian-16k,12,Tryndamere,2,Akali,Akali,0,0,0,1,2,1,0,0.17,4832,
meta-llama-llama-3.2-3b-instruct-qlora-malaysian-16k,12,Tryndamere,3,Akshan,Akshan,0,0,0,1,4,1,0,0.185,5027,
meta-llama-llama-3.2-3b-instruct-qlora-malaysian-16k,12,Tryndamere,4,Azir,Azir,0,0,0,1,7,1,0,0.192,5245,
meta-llama-llama-3.2-3b-instruct-qlora-malaysian-16k,12,Tryndamere,5,Bard,Bard,0,0,0,1,6,1,0,0.213,5499,
meta-llama-llama-3.2-3b-instruct-qlora-malaysian-16k,12,Tryndamere,6,Bel'Veth,Bel'Veth,0,0,0,1,5,1,0,0.239,5739,
meta-llama-llama-3.2-3b-instruct-qlora-malaysian-16k,12,Tryndamere,7,Blitzcrank,Blitzcrank,0,0,0,1,3,3,0,0.223,5968,
meta-llama-llama-3.2-3b-instruct-qlora-malaysian-16k,12,Tryndamere,8,Brand,Brand,0,0,0,1,7,2,0,0.175,6172,
meta-llama-llama-3.2-3b-instruct-qlora-malaysian-16k,12,Tryndamere,9,Briar,Briar,0,0,0,1,7,1,0,0.266,6440,
meta-llama-llama-3.2-3b-instruct-qlora-malaysian-16k,12,Tryndamere,10,Caitlyn,Caitlyn,0,0,0,1,8,0,0,0.236,6698,
meta-llama-llama-3.2-3b-instruct-qlora-malaysian-16k,13,Pantheon,1,Aatrox,Aatrox,0,0,0,0,0,2,0,0.052,4666,
meta-llama-llama-3.2-3b-instruct-qlora-malaysian-16k,13,Pantheon,2,Akali,Akali,0,0,0,1,1,2,0,0.156,4834,
meta-llama-llama-3.2-3b-instruct-qlora-malaysian-16k,13,Pantheon,3,Akshan,Akshan,0,0,0,1,3,2,0,0.163,5019,
meta-llama-llama-3.2-3b-instruct-qlora-malaysian-16k,13,Pantheon,4,Azir,Azir,0,0,0,1,5,2,0,0.174,5228,
meta-llama-llama-3.2-3b-instruct-qlora-malaysian-16k,13,Pantheon,5,Bard,Bard,0,0,0,1,4,2,0,0.189,5461,
meta-llama-llama-3.2-3b-instruct-qlora-malaysian-16k,13,Pantheon,6,Briar,Briar,0,0,0,1,4,1,0,0.202,5683,
meta-llama-llama-3.2-3b-instruct-qlora-malaysian-16k,13,Pantheon,7,Caitlyn,Caitlyn,0,0,0,1,5,1,0,0.205,5904,
meta-llama-llama-3.2-3b-instruct-qlora-malaysian-16k,13,Pantheon,8,Camille,Camille,0,0,0,1,4,2,0,0.201,6136,
meta-llama-llama-3.2-3b-instruct-qlora-malaysian-16k,13,Pantheon,9,Cassiopeia,Cassiopeia,0,0,0,1,6,2,0,0.236,6362,
meta-llama-llama-3.2-3b-instruct-qlora-malaysian-16k,13,Pantheon,10,Ezreal,Ezreal,0,0,0,1,4,3,0,0.228,6615,
meta-llama-llama-3.2-3b-instruct-qlora-malaysian-16k,14,Vladimir,1,Aatrox,Aatrox,0,0,0,0,0,1,0,0.052,4666,
meta-llama-llama-3.2-3b-instruct-qlora-malaysian-16k,14,Vladimir,2,Akali,Akali,0,0,0,1,3,1,0,0.155,4830,
meta-llama-llama-3.2-3b-instruct-qlora-malaysian-16k,14,Vladimir,3,Akshan,Akshan,0,0,0,1,2,3,0,0.171,5038,
meta-llama-llama-3.2-3b-instruct-qlora-malaysian-16k,14,Vladimir,4,Azir,Azir,0,0,0,1,3,3,0,0.172,5237,
meta-llama-llama-3.2-3b-instruct-qlora-malaysian-16k,14,Vladimir,5,Bard,Bard,0,0,0,1,4,2,0,0.182,5448,
meta-llama-llama-3.2-3b-instruct-qlora-malaysian-16k,14,Vladimir,6,Bel'Veth,Bel'Veth,0,0,0,1,7,0,0,0.209,5666,
meta-llama-llama-3.2-3b-instruct-qlora-malaysian-16k,14,Vladimir,7,Blitzcrank,Blitzcrank,0,0,0,1,6,1,0,0.226,5918,
meta-llama-llama-3.2-3b-instruct-qlora-malaysian-16k,14,Vladimir,8,Brand,Brand,0,0,0,1,5,3,0,0.193,6159,
meta-llama-llama-3.2-3b-instruct-qlora-malaysian-16k,14,Vladimir,9,Cassiopeia,Cassiopeia,0,0,0,1,4,4,0,0.248,6405,
meta-llama-llama-3.2-3b-instruct-qlora-malaysian-16k,14,Vladimir,10,Ezreal,Ezreal,0,0,0,1,3,3,0,0.229,6637,
meta-llama-llama-3.2-3b-instruct-qlora-malaysian-16k,15,Lissandra,1,Aatrox,Aatrox,0,0,0,0,0,1,0,0.052,4666,
meta-llama-llama-3.2-3b-instruct-qlora-malaysian-16k,15,Lissandra,2,Akali,Akali,0,0,0,1,3,1,0,0.151,4829,
meta-llama-llama-3.2-3b-instruct-qlora-malaysian-16k,15,Lissandra,3,Akshan,Akshan,0,0,0,1,4,3,0,0.177,5041,
meta-llama-llama-3.2-3b-instruct-qlora-malaysian-16k,15,Lissandra,4,Azir,Azir,0,0,0,1,4,3,0,0.182,5263,
meta-llama-llama-3.2-3b-instruct-qlora-malaysian-16k,15,Lissandra,5,Katarina,Katarina,0,0,0,1,5,2,0,0.197,5485,
meta-llama-llama-3.2-3b-instruct-qlora-malaysian-16k,15,Lissandra,6,Kassadin,Kassadin,0,0,0,1,6,2,0,0.207,5719,
meta-llama-llama-3.2-3b-instruct-qlora-malaysian-16k,15,Lissandra,7,Kha'Zix,Kha'Zix,0,0,0,1,7,1,0,0.238,5970,
meta-llama-llama-3.2-3b-instruct-qlora-malaysian-16k,15,Lissandra,8,Kennen,Kennen,0,0,0,1,8,1,0,0.211,6223,
meta-llama-llama-3.2-3b-instruct-qlora-malaysian-16k,15,Lissandra,9,Lux,Lux,0,0,0,1,2,3,0,0.239,6486,
meta-llama-llama-3.2-3b-instruct-qlora-malaysian-16k,15,Lissandra,10,Soraka,Soraka,0,0,0,1,3,3,0,0.212,6689,
meta-llama-llama-3.2-3b-instruct-qlora-malaysian-16k,16,Elise,1,Aatrox,Aatrox,0,0,0,0,0,0,0,0.051,4666,
meta-llama-llama-3.2-3b-instruct-qlora-malaysian-16k,16,Elise,2,Akali,Akali,0,0,0,1,2,1,0,0.153,4829,
meta-llama-llama-3.2-3b-instruct-qlora-malaysian-16k,16,Elise,3,Akshan,Akshan,0,0,0,1,5,2,0,0.169,5024,
meta-llama-llama-3.2-3b-instruct-qlora-malaysian-16k,16,Elise,4,Azir,Azir,0,0,0,1,5,2,0,0.185,5257,
meta-llama-llama-3.2-3b-instruct-qlora-malaysian-16k,16,Elise,5,K'Sante,K'Sante,0,0,0,1,7,1,0,0.202,5490,
meta-llama-llama-3.2-3b-instruct-qlora-malaysian-16k,16,Elise,6,Bel'Veth,Bel'Veth,0,0,0,1,5,2,0,0.234,5746,
meta-llama-llama-3.2-3b-instruct-qlora-malaysian-16k,16,Elise,7,Briar,Briar,0,0,0,1,4,2,0,0.21,5978,
meta-llama-llama-3.2-3b-instruct-qlora-malaysian-16k,16,Elise,8,Caitlyn,Caitlyn,0,0,0,1,1,3,0,0.21,6201,
meta-llama-llama-3.2-3b-instruct-qlora-malaysian-16k,16,Elise,9,Camille,Camille,0,0,0,1,6,2,0,0.183,6385,
meta-llama-llama-3.2-3b-instruct-qlora-malaysian-16k,16,Elise,10,Aurelion Sol,Aurelion Sol,0,0,0,1,6,2,0,0.241,6631,
meta-llama-llama-3.2-3b-instruct-qlora-malaysian-16k,17,Ekko,1,Aatrox,Aatrox,0,0,0,0,0,2,0,0.051,4666,
meta-llama-llama-3.2-3b-instruct-qlora-malaysian-16k,17,Ekko,2,Akali,Akali,0,0,0,1,3,2,0,0.158,4831,
meta-llama-llama-3.2-3b-instruct-qlora-malaysian-16k,17,Ekko,3,Akshan,Akshan,0,0,0,1,2,3,0,0.172,5040,
meta-llama-llama-3.2-3b-instruct-qlora-malaysian-16k,17,Ekko,4,Azir,Azir,0,0,0,1,4,2,0,0.173,5236,
meta-llama-llama-3.2-3b-instruct-qlora-malaysian-16k,17,Ekko,5,Bard,Bard,0,0,0,1,4,3,0,0.186,5457,
meta-llama-llama-3.2-3b-instruct-qlora-malaysian-16k,17,Ekko,6,Briar,Briar,0,0,0,1,5,1,0,0.196,5673,
meta-llama-llama-3.2-3b-instruct-qlora-malaysian-16k,17,Ekko,7,Caitlyn,Caitlyn,0,0,0,1,5,2,0,0.21,5905,
meta-llama-llama-3.2-3b-instruct-qlora-malaysian-16k,17,Ekko,8,Camille,Camille,0,0,0,1,6,2,0,0.201,6135,
meta-llama-llama-3.2-3b-instruct-qlora-malaysian-16k,17,Ekko,9,Cassiopeia,Cassiopeia,0,0,0,1,7,1,0,0.248,6381,
meta-llama-llama-3.2-3b-instruct-qlora-malaysian-16k,17,Ekko,10,Ezreal,Ezreal,0,0,0,1,6,2,0,0.265,6650,
meta-llama-llama-3.2-3b-instruct-qlora-malaysian-16k,18,Briar,1,Aatrox,Aatrox,0,0,0,0,0,1,0,0.053,4666,
meta-llama-llama-3.2-3b-instruct-qlora-malaysian-16k,18,Briar,2,Akali,Akali,0,0,0,1,2,2,0,0.155,4830,
meta-llama-llama-3.2-3b-instruct-qlora-malaysian-16k,18,Briar,3,Akshan,Akshan,0,0,0,1,6,0,0,0.169,5025,
meta-llama-llama-3.2-3b-instruct-qlora-malaysian-16k,18,Briar,4,Azir,Azir,0,0,0,1,8,0,0,0.19,5263,
meta-llama-llama-3.2-3b-instruct-qlora-malaysian-16k,18,Briar,5,K'Sante,K'Sante,0,0,0,1,6,1,0,0.241,5529,
meta-llama-llama-3.2-3b-instruct-qlora-malaysian-16k,18,Briar,6,Bel'Veth,Bel'Veth,0,0,0,1,2,3,0,0.22,5769,
meta-llama-llama-3.2-3b-instruct-qlora-malaysian-16k,18,Briar,7,Briar,Briar,0,0,0,0,0,7,1,0.194,5967,
meta-llama-llama-3.2-3b-instruct-qlora-malaysian-16k,19,Mordekaiser,1,Aatrox,Aatrox,0,0,0,0,0,3,0,0.051,4666,
meta-llama-llama-3.2-3b-instruct-qlora-malaysian-16k,19,Mordekaiser,2,Akali,Akali,0,0,0,1,2,2,0,0.156,4832,
meta-llama-llama-3.2-3b-instruct-qlora-malaysian-16k,19,Mordekaiser,3,Akshan,Akshan,0,0,0,1,5,1,0,0.165,5024,
meta-llama-llama-3.2-3b-instruct-qlora-malaysian-16k,19,Mordekaiser,4,Azir,Azir,0,0,0,1,7,1,0,0.186,5252,
meta-llama-llama-3.2-3b-instruct-qlora-malaysian-16k,19,Mordekaiser,5,Bel'Veth,Bel'Veth,0,0,0,1,5,1,0,0.223,5506,
meta-llama-llama-3.2-3b-instruct-qlora-malaysian-16k,19,Mordekaiser,6,Blitzcrank,Blitzcrank,0,0,0,1,3,2,0,0.219,5735,
meta-llama-llama-3.2-3b-instruct-qlora-malaysian-16k,19,Mordekaiser,7,Brand,Brand,0,0,0,1,8,1,0,0.179,5941,
meta-llama-llama-3.2-3b-instruct-qlora-malaysian-16k,19,Mordekaiser,8,Brand,Brand,0,0,1,1,8,1,0,0.246,6218,
meta-llama-llama-3.2-3b-instruct-qlora-malaysian-16k,19,Mordekaiser,9,Brand,Brand,0,0,1,1,8,1,0,0.253,6510,
meta-llama-llama-3.2-3b-instruct-qlora-malaysian-16k,19,Mordekaiser,10,Brand,Brand,0,0,1,1,8,1,0,0.262,6802,
meta-llama-llama-3.2-3b-instruct-qlora-malaysian-16k,20,Diana,1,Aatrox,Aatrox,0,0,0,0,0,1,0,0.053,4666,
meta-llama-llama-3.2-3b-instruct-qlora-malaysian-16k,20,Diana,2,Akali,Akali,0,0,0,1,1,2,0,0.155,4830,
meta-llama-llama-3.2-3b-instruct-qlora-malaysian-16k,20,Diana,3,Akshan,Akshan,0,0,0,1,5,1,0,0.167,5017,
meta-llama-llama-3.2-3b-instruct-qlora-malaysian-16k,20,Diana,4,Azir,Azir,0,0,0,1,6,1,0,0.186,5251,
meta-llama-llama-3.2-3b-instruct-qlora-malaysian-16k,20,Diana,5,K'Sante,K'Sante,0,0,0,1,5,2,0,0.207,5497,
meta-llama-llama-3.2-3b-instruct-qlora-malaysian-16k,20,Diana,6,Bel'Veth,Bel'Veth,0,0,0,1,3,2,0,0.216,5730,
meta-llama-llama-3.2-3b-instruct-qlora-malaysian-16k,20,Diana,7,Briar,Briar,0,0,0,1,2,2,0,0.195,5941,
meta-llama-llama-3.2-3b-instruct-qlora-malaysian-16k,20,Diana,8,Caitlyn,Caitlyn,0,0,0,1,2,2,0,0.197,6140,
meta-llama-llama-3.2-3b-instruct-qlora-malaysian-16k,20,Diana,9,Camille,Camille,0,0,0,1,3,3,0,0.19,6336,
meta-llama-llama-3.2-3b-instruct-qlora-malaysian-16k,20,Diana,10,Aurelion Sol,Aurelion Sol,0,0,0,1,6,1,0,0.223,6549,
meta-llama-llama-3.2-3b-instruct-qlora-malaysian-16k,21,Aatrox,1,Aatrox,Aatrox,0,0,0,0,0,7,1,0.051,4666,
meta-llama-llama-3.2-3b-instruct-qlora-malaysian-16k,22,Zeri,1,Aatrox,Aatrox,0,0,0,0,0,0,0,0.05,4666,
meta-llama-llama-3.2-3b-instruct-qlora-malaysian-16k,22,Zeri,2,Akali,Akali,0,0,0,1,3,1,0,0.152,4829,
meta-llama-llama-3.2-3b-instruct-qlora-malaysian-16k,22,Zeri,3,Akshan,Akshan,0,0,0,1,4,2,0,0.17,5038,
meta-llama-llama-3.2-3b-instruct-qlora-malaysian-16k,22,Zeri,4,Azir,Azir,0,0,0,1,5,2,0,0.182,5257,
meta-llama-llama-3.2-3b-instruct-qlora-malaysian-16k,22,Zeri,5,K'Sante,K'Sante,0,0,0,1,6,2,0,0.2,5490,
meta-llama-llama-3.2-3b-instruct-qlora-malaysian-16k,22,Zeri,6,Bel'Veth,Bel'Veth,0,0,0,1,4,2,0,0.221,5732,
meta-llama-llama-3.2-3b-instruct-qlora-malaysian-16k,22,Zeri,7,Briar,Briar,0,0,0,1,5,1,0,0.203,5949,
meta-llama-llama-3.2-3b-instruct-qlora-malaysian-16k,22,Zeri,8,Caitlyn,Caitlyn,0,0,0,1,1,4,0,0.213,6180,
meta-llama-llama-3.2-3b-instruct-qlora-malaysian-16k,22,Zeri,9,Camille,Camille,0,0,0,1,6,2,0,0.185,6369,
meta-llama-llama-3.2-3b-instruct-qlora-malaysian-16k,22,Zeri,10,Singed,Singed,0,0,0,1,8,1,0,0.218,6615,
meta-llama-llama-3.2-3b-instruct-qlora-malaysian-16k,23,Zac,1,Aatrox,Aatrox,0,0,0,0,0,3,0,0.051,4666,
meta-llama-llama-3.2-3b-instruct-qlora-malaysian-16k,23,Zac,2,Akali,Akali,0,0,0,1,3,1,0,0.153,4831,
meta-llama-llama-3.2-3b-instruct-qlora-malaysian-16k,23,Zac,3,Akshan,Akshan,0,0,0,1,5,1,0,0.169,5036,
meta-llama-llama-3.2-3b-instruct-qlora-malaysian-16k,23,Zac,4,Azir,Azir,0,0,0,1,6,1,0,0.186,5266,
meta-llama-llama-3.2-3b-instruct-qlora-malaysian-16k,23,Zac,5,Bel'Veth,Bel'Veth,0,0,0,1,4,2,0,0.219,5510,
meta-llama-llama-3.2-3b-instruct-qlora-malaysian-16k,23,Zac,6,Blitzcrank,Blitzcrank,0,0,0,1,3,4,0,0.209,5730,
meta-llama-llama-3.2-3b-instruct-qlora-malaysian-16k,23,Zac,7,Brand,Brand,0,0,0,1,10,1,0,0.175,5938,
meta-llama-llama-3.2-3b-instruct-qlora-malaysian-16k,23,Zac,8,Brand,Brand,0,0,1,1,10,1,0,0.25,6241,
meta-llama-llama-3.2-3b-instruct-qlora-malaysian-16k,23,Zac,9,Brand,Brand,0,0,1,1,10,1,0,0.263,6559,
meta-llama-llama-3.2-3b-instruct-qlora-malaysian-16k,23,Zac,10,Brand,Brand,0,0,1,1,10,1,0,0.271,6877,
meta-llama-llama-3.2-3b-instruct-qlora-malaysian-16k,24,Xerath,1,Aatrox,Aatrox,0,0,0,0,0,1,0,0.053,4666,
meta-llama-llama-3.2-3b-instruct-qlora-malaysian-16k,24,Xerath,2,Ahri,Ahri,0,0,0,1,1,3,0,0.156,4833,
meta-llama-llama-3.2-3b-instruct-qlora-malaysian-16k,24,Xerath,3,Ahri,Ahri,0,0,1,1,4,3,0,0.162,5017,
meta-llama-llama-3.2-3b-instruct-qlora-malaysian-16k,24,Xerath,4,Anivia,Anivia,0,0,0,1,3,2,0,0.188,5253,
meta-llama-llama-3.2-3b-instruct-qlora-malaysian-16k,24,Xerath,5,Anivia,Anivia,0,0,1,1,5,2,0,0.184,5465,
meta-llama-llama-3.2-3b-instruct-qlora-malaysian-16k,24,Xerath,6,Anivia,Anivia,0,0,1,1,5,2,0,0.213,5717,
meta-llama-llama-3.2-3b-instruct-qlora-malaysian-16k,24,Xerath,7,Anivia,Anivia,0,0,1,1,5,2,0,0.222,5969,
meta-llama-llama-3.2-3b-instruct-qlora-malaysian-16k,24,Xerath,8,Anivia,Anivia,0,0,1,1,5,2,0,0.223,6221,
meta-llama-llama-3.2-3b-instruct-qlora-malaysian-16k,24,Xerath,9,Anivia,Anivia,0,0,1,1,5,2,0,0.225,6473,
meta-llama-llama-3.2-3b-instruct-qlora-malaysian-16k,24,Xerath,10,Anivia,Anivia,0,0,1,1,5,2,0,0.229,6725,
meta-llama-llama-3.2-3b-instruct-qlora-malaysian-16k,25,Kog'Maw,1,Aatrox,Aatrox,0,0,0,0,0,1,0,0.054,4666,
meta-llama-llama-3.2-3b-instruct-qlora-malaysian-16k,25,Kog'Maw,2,Akali,Akali,0,0,0,1,3,1,0,0.158,4830,
meta-llama-llama-3.2-3b-instruct-qlora-malaysian-16k,25,Kog'Maw,3,Anivia,Anivia,0,0,0,1,4,2,0,0.17,5032,
meta-llama-llama-3.2-3b-instruct-qlora-malaysian-16k,25,Kog'Maw,4,Annie,Annie,0,0,0,1,6,2,0,0.181,5253,
meta-llama-llama-3.2-3b-instruct-qlora-malaysian-16k,25,Kog'Maw,5,Annie,Annie,0,0,1,1,6,2,0,0.196,5503,
meta-llama-llama-3.2-3b-instruct-qlora-malaysian-16k,25,Kog'Maw,6,Annie,Annie,0,0,1,1,6,2,0,0.236,5768,
meta-llama-llama-3.2-3b-instruct-qlora-malaysian-16k,25,Kog'Maw,7,Annie,Annie,0,0,1,1,6,2,0,0.24,6033,
meta-llama-llama-3.2-3b-instruct-qlora-malaysian-16k,25,Kog'Maw,8,Annie,Annie,0,0,1,1,6,2,0,0.247,6298,
meta-llama-llama-3.2-3b-instruct-qlora-malaysian-16k,25,Kog'Maw,9,Annie,Annie,0,0,1,1,6,2,0,0.249,6563,
meta-llama-llama-3.2-3b-instruct-qlora-malaysian-16k,25,Kog'Maw,10,Annie,Annie,0,0,1,1,6,2,0,0.257,6828,
meta-llama-llama-3.2-3b-instruct-qlora-malaysian-16k,26,Dr. Mundo,1,Aatrox,Aatrox,0,0,0,0,0,2,0,0.055,4666,
meta-llama-llama-3.2-3b-instruct-qlora-malaysian-16k,26,Dr. Mundo,2,Akali,Akali,0,0,0,1,1,1,0,0.171,4834,
meta-llama-llama-3.2-3b-instruct-qlora-malaysian-16k,26,Dr. Mundo,3,Akshan,Akshan,0,0,0,1,3,1,0,0.176,5019,
meta-llama-llama-3.2-3b-instruct-qlora-malaysian-16k,26,Dr. Mundo,4,Azir,Azir,0,0,0,1,6,1,0,0.186,5227,
meta-llama-llama-3.2-3b-instruct-qlora-malaysian-16k,26,Dr. Mundo,5,Bel'Veth,Bel'Veth,0,0,0,1,4,1,0,0.235,5471,
meta-llama-llama-3.2-3b-instruct-qlora-malaysian-16k,26,Dr. Mundo,6,Blitzcrank,Blitzcrank,0,0,0,1,1,4,0,0.23,5693,
meta-llama-llama-3.2-3b-instruct-qlora-malaysian-16k,26,Dr. Mundo,7,Briar,Briar,0,0,0,1,5,2,0,0.195,5876,
meta-llama-llama-3.2-3b-instruct-qlora-malaysian-16k,26,Dr. Mundo,8,Caitlyn,Caitlyn,0,0,0,1,8,0,0,0.211,6111,
meta-llama-llama-3.2-3b-instruct-qlora-malaysian-16k,26,Dr. Mundo,9,Camille,Camille,0,0,0,1,7,1,0,0.253,6377,
meta-llama-llama-3.2-3b-instruct-qlora-malaysian-16k,26,Dr. Mundo,10,Camille,Camille,0,0,1,1,7,1,0,0.254,6637,
meta-llama-llama-3.2-3b-instruct-qlora-malaysian-16k,27,Jhin,1,Aatrox,Aatrox,0,0,0,0,0,1,0,0.052,4666,
meta-llama-llama-3.2-3b-instruct-qlora-malaysian-16k,27,Jhin,2,Akali,Akali,0,0,0,1,4,1,0,0.153,4830,
meta-llama-llama-3.2-3b-instruct-qlora-malaysian-16k,27,Jhin,3,Fizz,Fizz,0,0,0,1,4,2,0,0.167,5050,
meta-llama-llama-3.2-3b-instruct-qlora-malaysian-16k,27,Jhin,4,Katarina,Katarina,0,0,0,1,8,0,0,0.189,5267,
meta-llama-llama-3.2-3b-instruct-qlora-malaysian-16k,27,Jhin,5,Kennen,Kennen,0,0,0,1,5,3,0,0.232,5533,
meta-llama-llama-3.2-3b-instruct-qlora-malaysian-16k,27,Jhin,6,Lux,Lux,0,0,0,1,5,2,0,0.183,5766,
meta-llama-llama-3.2-3b-instruct-qlora-malaysian-16k,27,Jhin,7,Anivia,Anivia,0,0,0,1,5,2,0,0.203,6001,
meta-llama-llama-3.2-3b-instruct-qlora-malaysian-16k,27,Jhin,8,Lux,Lux,0,0,1,1,6,2,0,0.21,6233,
meta-llama-llama-3.2-3b-instruct-qlora-malaysian-16k,27,Jhin,9,Anivia,Anivia,0,0,1,1,7,2,0,0.274,6495,
meta-llama-llama-3.2-3b-instruct-qlora-malaysian-16k,27,Jhin,10,Lux,Lux,0,0,1,1,6,2,0,0.263,6767,
meta-llama-llama-3.2-3b-instruct-qlora-malaysian-16k,28,Malzahar,1,Aatrox,Aatrox,0,0,0,0,0,1,0,0.054,4666,
meta-llama-llama-3.2-3b-instruct-qlora-malaysian-16k,28,Malzahar,2,Ahri,Ahri,0,0,0,1,1,3,0,0.161,4833,
meta-llama-llama-3.2-3b-instruct-qlora-malaysian-16k,28,Malzahar,3,Ahri,Ahri,0,0,1,1,5,3,0,0.166,5015,
meta-llama-llama-3.2-3b-instruct-qlora-malaysian-16k,28,Malzahar,4,Anivia,Anivia,0,0,0,1,2,3,0,0.194,5263,
meta-llama-llama-3.2-3b-instruct-qlora-malaysian-16k,28,Malzahar,5,Anivia,Anivia,0,0,1,1,5,3,0,0.179,5459,
meta-llama-llama-3.2-3b-instruct-qlora-malaysian-16k,28,Malzahar,6,Anivia,Anivia,0,0,1,1,5,3,0,0.199,5709,
meta-llama-llama-3.2-3b-instruct-qlora-malaysian-16k,28,Malzahar,7,Anivia,Anivia,0,0,1,1,5,3,0,0.205,5959,
meta-llama-llama-3.2-3b-instruct-qlora-malaysian-16k,28,Malzahar,8,Anivia,Anivia,0,0,1,1,5,3,0,0.209,6209,
meta-llama-llama-3.2-3b-instruct-qlora-malaysian-16k,28,Malzahar,9,Anivia,Anivia,0,0,1,1,5,3,0,0.213,6459,
meta-llama-llama-3.2-3b-instruct-qlora-malaysian-16k,28,Malzahar,10,Anivia,Anivia,0,0,1,1,5,3,0,0.22,6709,
meta-llama-llama-3.2-3b-instruct-qlora-malaysian-16k,29,Soraka,1,Aatrox,Aatrox,0,0,0,0,0,0,0,0.054,4666,
meta-llama-llama-3.2-3b-instruct-qlora-malaysian-16k,29,Soraka,2,Akali,Akali,0,0,0,1,2,1,0,0.153,4829,
meta-llama-llama-3.2-3b-instruct-qlora-malaysian-16k,29,Soraka,3,Akshan,Akshan,0,0,0,1,6,2,0,0.169,5024,
meta-llama-llama-3.2-3b-instruct-qlora-malaysian-16k,29,Soraka,4,Azir,Azir,0,0,0,1,5,2,0,0.193,5267,
meta-llama-llama-3.2-3b-instruct-qlora-malaysian-16k,29,Soraka,5,K'Sante,K'Sante,0,0,0,1,8,1,0,0.2,5500,
meta-llama-llama-3.2-3b-instruct-qlora-malaysian-16k,29,Soraka,6,Bel'Veth,Bel'Veth,0,0,0,1,5,1,0,0.258,5766,
meta-llama-llama-3.2-3b-instruct-qlora-malaysian-16k,29,Soraka,7,Briar,Briar,0,0,0,1,5,1,0,0.208,5997,
meta-llama-llama-3.2-3b-instruct-qlora-malaysian-16k,29,Soraka,8,Ambessa,Ambessa,0,0,0,1,8,1,0,0.203,6228,
meta-llama-llama-3.2-3b-instruct-qlora-malaysian-16k,29,Soraka,9,Aurora,Aurora,0,0,0,1,2,3,0,0.266,6497,
meta-llama-llama-3.2-3b-instruct-qlora-malaysian-16k,29,Soraka,10,Bel'Veth,Bel'Veth,0,0,1,1,8,1,0,0.217,6699,
meta-llama-llama-3.2-3b-instruct-qlora-malaysian-16k,30,Ezreal,1,Aatrox,Aatrox,0,0,0,0,0,1,0,0.05,4666,
meta-llama-llama-3.2-3b-instruct-qlora-malaysian-16k,30,Ezreal,2,Akali,Akali,0,0,0,1,3,1,0,0.154,4830,
meta-llama-llama-3.2-3b-instruct-qlora-malaysian-16k,30,Ezreal,3,Anivia,Anivia,0,0,0,1,4,2,0,0.171,5035,
meta-llama-llama-3.2-3b-instruct-qlora-malaysian-16k,30,Ezreal,4,Annie,Annie,0,0,0,1,5,3,0,0.181,5256,
meta-llama-llama-3.2-3b-instruct-qlora-malaysian-16k,30,Ezreal,5,Azir,Azir,0,0,0,1,4,3,0,0.193,5494,
meta-llama-llama-3.2-3b-instruct-qlora-malaysian-16k,30,Ezreal,6,Bard,Bard,0,0,0,1,3,3,0,0.188,5719,
meta-llama-llama-3.2-3b-instruct-qlora-malaysian-16k,30,Ezreal,7,Bel'Veth,Bel'Veth,0,0,0,1,8,0,0,0.21,5930,
meta-llama-llama-3.2-3b-instruct-qlora-malaysian-16k,30,Ezreal,8,Blitzcrank,Blitzcrank,0,0,0,1,5,2,0,0.264,6197,
meta-llama-llama-3.2-3b-instruct-qlora-malaysian-16k,30,Ezreal,9,Brand,Brand,0,0,0,1,4,3,0,0.194,6431,
meta-llama-llama-3.2-3b-instruct-qlora-malaysian-16k,30,Ezreal,10,Camille,Camille,0,0,0,1,7,2,0,0.214,6669,
microsoft_phi-4-mini-instruct,1,Karma,1,Aatrox,Aatrox,0,0,0,0,0,0,0,3.796,4636,
microsoft_phi-4-mini-instruct,1,Karma,2,Akshan,Akshan,0,0,0,1,3,2,0,0.17,4780,
microsoft_phi-4-mini-instruct,1,Karma,3,"No hay campeones restantes que coincidan con la combinación exacta de atributos VERDE, excepto Recurso (Mana) y Alcance (Ranged), lo cual corresponde a Akshan del roster original. Sin embargo, dado qu",Akshan,0,1,1,1,3,2,0,0.979,4968,"Se reconoció el campeón, pero había texto o puntuación adicional."
microsoft_phi-4-mini-instruct,1,Karma,4,"No hay campeones restantes que coincidan con la combinación exacta de atributos VERDE, excepto Recurso (Mana) y Alcance (Ranged), lo cual corresponde a Akshan del roster original. Sin embargo, dado qu",Akshan,0,1,1,1,3,2,0,1.012,5248,"Se reconoció el campeón, pero había texto o puntuación adicional."
microsoft_phi-4-mini-instruct,1,Karma,5,"Dado las restricciones impuestas, incluyendo que el año debe ser anterior a 2013, y coincidiendo con todos los otros atributos excepto género, especie, regiones (que son grises) y año (que deben estar",,1,1,0,0,0,,0,1.009,5528,No se reconoció ningún campeón del roster.
microsoft_phi-4-mini-instruct,1,Karma,6,Rumble,Rumble,0,0,0,1,5,1,0,0.113,5636,
microsoft_phi-4-mini-instruct,1,Karma,7,Gravemore,,1,1,0,0,0,,0,0.243,5839,No se reconoció ningún campeón del roster.
microsoft_phi-4-mini-instruct,1,Karma,8,"Mis disculpas por la confusión. Dada las restricciones, incluyendo que el año debe ser exacto en 2011 y coincidiendo con Recurso (Mana) y Alcance (Ranged), el campeón correcto es:  Amumu",Amumu,0,1,0,1,6,1,0,0.715,5887,"Se reconoció el campeón, pero había texto o puntuación adicional."
microsoft_phi-4-mini-instruct,1,Karma,9,"Debido a las restricciones impuestas, incluyendo que el año debe ser anterior a 2009, y coincidiendo con todos los demás atributos excepto género (grises), especie (grises) y regiones (grises), no hay",,1,1,0,0,0,,0,1.057,6171,No se reconoció ningún campeón del roster.
microsoft_phi-4-mini-instruct,1,Karma,10,"Mis disculpas por la confusión nuevamente. Dada las restricciones, incluyendo que el año debe ser anterior a 2009, y coincidiendo con todos los demás atributos excepto género (grises), especie (grises",,1,1,0,0,0,,0,0.942,6279,No se reconoció ningún campeón del roster.
microsoft_phi-4-mini-instruct,2,Samira,1,Aatrox,Aatrox,0,0,0,0,0,0,0,0.072,4636,
microsoft_phi-4-mini-instruct,2,Samira,2,Akshan,Akshan,0,0,0,1,1,3,0,0.174,4782,
microsoft_phi-4-mini-instruct,2,Samira,3,"No hay campeones restantes que coincidan con la combinación exacta de atributos positivos, excepto género, posición e especie, los cuales ya han sido descartados como coincidencias grises. La discrepa",Akshan,0,1,1,1,3,3,0,0.965,4946,"Se reconoció el campeón, pero había texto o puntuación adicional."
microsoft_phi-4-mini-instruct,2,Samira,4,"No hay campeones restantes que coincidan con la combinación exacta de atributos positivos, excepto género, posición e especie, los cuales ya han sido descartados como coincidencias grises. La discrepa",Akshan,0,1,1,1,3,3,0,0.997,5225,"Se reconoció el campeón, pero había texto o puntuación adicional."
microsoft_phi-4-mini-instruct,2,Samira,5,"Dado que todos los atributos únicos restantes han sido descartados como coincidencias grises o no coincidentes, y se ha dado retroalimentación incorrecta sobre la fecha del lanzamiento, no puedo propo",,1,1,0,0,0,,0,1.009,5504,No se reconoció ningún campeón del roster.
microsoft_phi-4-mini-instruct,2,Samira,6,"Ah, entiendo la necesidad de corregir mi enfoque. Con los atributos restantes descartados y considerando que el año debe ser anterior a 2021, no puedo proporcionar otro campeón ya que todos en el rost",,1,1,0,0,0,,0,0.904,5612,No se reconoció ningún campeón del roster.
microsoft_phi-4-mini-instruct,2,Samira,7,"Pido disculpas por la confusión previa. Dada la retroalimentación y eliminando los atributos que no coinciden (género, posición e especie), nos quedamos con:  - Especie = Human - Recurso = Mana - Alca",,1,1,0,0,0,,0,0.908,5720,No se reconoció ningún campeón del roster.
microsoft_phi-4-mini-instruct,2,Samira,8,"Pido disculpas por la confusión continua. Con las restricciones actualizadas, buscando una Especie = Human, Recurso = Mana, y Alcance = Ranged en Regiones = Shurima, el campeón adecuado es:  Amumu",Amumu,0,1,0,1,5,1,0,0.741,5828,"Se reconoció el campeón, pero había texto o puntuación adicional."
microsoft_phi-4-mini-instruct,2,Samira,9,"Dado los comentarios sobre violaciones de restricciones, eliminando las características que no coinciden:  - Género = Male -> GRIS · sin coincidencia (descartado) - Posiciones = Jungle -> GRIS · sin c",,1,1,0,0,0,,0,1.046,6103,No se reconoció ningún campeón del roster.
microsoft_phi-4-mini-instruct,2,Samira,10,"Pido disculpas por la confusión continua. Con las restricciones actualizadas y buscando una Especie = Human, Recurso = Mana, Alcance = Ranged en Regiones = Shurima, y considerando que el año debe ser ",,1,1,0,0,0,,0,0.945,6211,No se reconoció ningún campeón del roster.
microsoft_phi-4-mini-instruct,3,Zoe,1,Aatrox,Aatrox,0,0,0,0,0,0,0,0.063,4636,
microsoft_phi-4-mini-instruct,3,Zoe,2,Akshan,Akshan,0,0,0,1,2,3,0,0.173,4780,
microsoft_phi-4-mini-instruct,3,Zoe,3,"No hay campeones restantes que coincidan con la combinación exacta de atributos dados, excepto género (Male), especie (Human) e ítems (Mana). Sin embargo, año (2021) es incorrecto ya que debe ser ante",,1,1,0,0,0,,0,0.97,4955,No se reconoció ningún campeón del roster.
microsoft_phi-4-mini-instruct,3,Zoe,4,Ahmagi,,1,1,0,0,0,,0,0.118,5063,No se reconoció ningún campeón del roster.
microsoft_phi-4-mini-instruct,3,Zoe,5,Aurelion Sol,Aurelion Sol,0,0,0,1,2,3,0,0.128,5110,
microsoft_phi-4-mini-instruct,3,Zoe,6,"No hay campeones restantes que coincidan con la combinación exacta de atributos dados, excepto género (Male), especie (Human) e ítems (Mana). Sin embargo, año (2016) es incorrecto ya que debe ser post",,1,1,0,0,0,,0,0.978,5293,No se reconoció ningún campeón del roster.
microsoft_phi-4-mini-instruct,3,Zoe,7,"Parece que hubo una confusión ya que Aurelion Sol ya ha sido sugerido y no coincide con la información adicional proporcionada para el intento 6 (año posterior a 2016). Dado los atributos restantes, n",Aurelion Sol,0,1,1,1,4,3,0,0.897,5401,"Se reconoció el campeón, pero había texto o puntuación adicional."
microsoft_phi-4-mini-instruct,3,Zoe,8,"No hay campeones restantes que coincidan con la combinación exacta de atributos dados, excepto género (Male), especie (Human) e ítems (Mana). Sin embargo, año (2016) es incorrecto ya que debe ser post",,1,1,0,0,0,,0,1.032,5698,No se reconoció ningún campeón del roster.
microsoft_phi-4-mini-instruct,3,Zoe,9,"Parece que hubo una confusión ya que todos los campeones restantes del roster han sido descartados debido a las condiciones exactas (género Male, especie Human e ítems Mana) y el año debe ser posterio",,1,1,0,0,0,,0,0.964,5806,No se reconoció ningún campeón del roster.
microsoft_phi-4-mini-instruct,3,Zoe,10,"Parece haber una confusión continua. Dadas las condiciones exactas (género Male, especie Human e ítems Mana) y el año debe ser posterior a 2016, no hay campeón adecuado en el roster proporcionado. Los",,1,1,0,0,0,,0,0.949,5914,No se reconoció ningún campeón del roster.
microsoft_phi-4-mini-instruct,4,Nocturne,1,Aatrox,Aatrox,0,0,0,0,0,1,0,0.068,4636,
microsoft_phi-4-mini-instruct,4,Nocturne,2,Akshan,Akshan,0,0,0,1,3,1,0,0.177,4783,
microsoft_phi-4-mini-instruct,4,Nocturne,3,"La respuesta proporcionada no está dentro del roster dado, ya que el roster para Akshan termina en 2021. Por lo tanto, elegir un campeón después de 2021 sería una violación de las restricciones dadas ",Akshan,0,1,1,1,7,1,0,0.998,4966,"Se reconoció el campeón, pero había texto o puntuación adicional."
microsoft_phi-4-mini-instruct,4,Nocturne,4,"La respuesta proporcionada nuevamente no está dentro del roster dado, ya que el registro para Akshan termina en 2021. Debemos volver al intento anterior y seleccionar otro campeón que coincida con los",Akshan,0,1,1,1,7,1,0,1.028,5285,"Se reconoció el campeón, pero había texto o puntuación adicional."
microsoft_phi-4-mini-instruct,4,Nocturne,5,"Dado los comentarios, necesitamos descartar género, posiciones, especie, alcance e regiones debido al GRIS. El recurso debe ser Mana y el año debe estar anterior a 2021. Bajo estas restricciones, no p",,1,1,0,0,0,,0,1.097,5604,No se reconoció ningún campeón del roster.
microsoft_phi-4-mini-instruct,4,Nocturne,6,"Pardon por la confusión, aquí está el siguiente campeón basado en las restricciones (Año anterior a 2021, Mana como recurso) - Malzahar",Malzahar,0,1,0,1,6,1,0,0.562,5712,"Se reconoció el campeón, pero había texto o puntuación adicional."
microsoft_phi-4-mini-instruct,4,Nocturne,7,"Dadas las restricciones (Año anterior a 2011, Mana como recurso) y considerando que géneros masculinos humanos de rango Ranged con Mana no fueron coincidentes desde 2010, no podemos seleccionar ningún",,1,1,0,0,0,,0,1.075,5980,No se reconoció ningún campeón del roster.
microsoft_phi-4-mini-instruct,4,Nocturne,8,"Disculpas por la confusión. Dadas las restricciones (Año anterior a 2010, Mana como recurso) y considerando campeones humanos de rango Ranged con Mana, no hay campeones en el roster proporcionado que ",,1,1,0,0,0,,0,0.973,6088,No se reconoció ningún campeón del roster.
microsoft_phi-4-mini-instruct,4,Nocturne,9,"Disculpas por la confusión en el intento anterior. Dadas las restricciones (Año anterior a 2010, Mana como recurso), no hay campeones masculinos humanos de rango Ranged con Mana listados antes de 2010",,1,1,0,0,0,,0,0.997,6196,No se reconoció ningún campeón del roster.
microsoft_phi-4-mini-instruct,4,Nocturne,10,"Disculpas por la confusión en los intentos anteriores. Dadas las restricciones (Año anterior a 2010, Mana como recurso), no hay campeones masculinos humanos de rango Ranged con Mana listados antes de ",Malzahar,0,1,1,1,7,1,0,0.973,6304,"Se reconoció el campeón, pero había texto o puntuación adicional."
microsoft_phi-4-mini-instruct,5,Veigar,1,Aatrox,Aatrox,0,0,0,0,0,1,0,0.065,4636,
microsoft_phi-4-mini-instruct,5,Veigar,2,Akshan,Akshan,0,0,0,1,1,4,0,0.175,4783,
microsoft_phi-4-mini-instruct,5,Veigar,3,"Error del asistente: la respuesta proporcionada incluye un error al decir que el año del campeón elegido Akshan debe ser anterior a 2013, cuando en realidad debería haber coincidido con el año dado (2",Akshan,0,1,1,1,3,4,0,1.049,4948,"Se reconoció el campeón, pero había texto o puntuación adicional."
microsoft_phi-4-mini-instruct,5,Veigar,4,"Error del asistente: la respuesta proporcionada incluye un error al decir que el año del campeón elegido Akshan debe ser anterior a 2013, cuando en realidad debería haber coincidido con el año dado (2",Akshan,0,1,1,1,3,4,0,1.079,5228,"Se reconoció el campeón, pero había texto o puntuación adicional."
microsoft_phi-4-mini-instruct,5,Veigar,5,"Error del asistente: la respuesta proporcionada incluye un error al decir que el año del campeón elegido Akshan debe ser anterior a 2013, cuando en realidad debería haber coincidido con el año dado (2",Akshan,0,1,1,1,3,4,0,1.025,5508,"Se reconoció el campeón, pero había texto o puntuación adicional."
microsoft_phi-4-mini-instruct,5,Veigar,6,"Error del asistente: la respuesta proporcionada incluye un error al decir que el año del campeón elegido Akshan debe ser anterior a 2013, cuando en realidad debería haber coincidido con el año dado (2",Akshan,0,1,1,1,3,4,0,1.041,5788,"Se reconoció el campeón, pero había texto o puntuación adicional."
microsoft_phi-4-mini-instruct,5,Veigar,7,"Error del asistente: la respuesta proporcionada incluye un error al decir que el año del campeón elegido Akshan debe ser anterior a 2013, cuando en realidad debería haber coincidido con el año dado (2",Akshan,0,1,1,1,3,4,0,1.064,6068,"Se reconoció el campeón, pero había texto o puntuación adicional."
microsoft_phi-4-mini-instruct,5,Veigar,8,"Error del asistente: la respuesta proporcionada incluye un error al decir que el año del campeón elegido Akshan debe ser anterior a 2013, cuando en realidad debería haber coincidido con el año dado (2",Akshan,0,1,1,1,3,4,0,1.087,6348,"Se reconoció el campeón, pero había texto o puntuación adicional."
microsoft_phi-4-mini-instruct,5,Veigar,9,"Error del asistente: la respuesta proporcionada incluye un error al decir que el año del campeón elegido Akshan debe ser anterior a 2013, cuando en realidad debería haber coincidido con el año dado (2",Akshan,0,1,1,1,3,4,0,1.107,6628,"Se reconoció el campeón, pero había texto o puntuación adicional."
microsoft_phi-4-mini-instruct,5,Veigar,10,"Error del asistente: la respuesta proporcionada incluye un error al decir que el año del campeón elegido Akshan debe ser anterior a 2013, cuando en realidad debería haber coincidido con el año dado (2",Akshan,0,1,1,1,3,4,0,1.12,6908,"Se reconoció el campeón, pero había texto o puntuación adicional."
microsoft_phi-4-mini-instruct,6,LeBlanc,1,Aatrox,Aatrox,0,0,0,0,0,0,0,0.064,4636,
microsoft_phi-4-mini-instruct,6,LeBlanc,2,Akshan,Akshan,0,0,0,1,3,3,0,0.174,4780,
microsoft_phi-4-mini-instruct,6,LeBlanc,3,"No hay campeones restantes que coincidan con la combinación exacta de atributos dados, excepto para Especie (Human), Recurso (Mana) y Alcance (Ranged), los cuales ya se habían usado en Akshan. Sin emb",Akshan,0,1,1,1,3,3,0,1.012,4967,"Se reconoció el campeón, pero había texto o puntuación adicional."
microsoft_phi-4-mini-instruct,6,LeBlanc,4,"No hay campeones restantes que coincidan con la combinación exacta de atributos dados, excepto para Especie (Human), Recurso (Mana) y Alcance (Ranged), los cuales ya se habían usado en Akshan. Sin emb",Akshan,0,1,1,1,3,3,0,1.039,5246,"Se reconoció el campeón, pero había texto o puntuación adicional."
microsoft_phi-4-mini-instruct,6,LeBlanc,5,"Sin campeones restantes que coincidan con la combinación exacta de atributos dados, excepto para Especie (Human), Recurso (Mana) y Alcance (Ranged), los cuales ya se habían usado en Akshan. Sin embarg",Akshan,0,1,1,1,3,3,0,1.046,5525,"Se reconoció el campeón, pero había texto o puntuación adicional."
microsoft_phi-4-mini-instruct,6,LeBlanc,6,"Sin campeones restantes que coincidan con la combinación exacta de atributos dados, excepto para Especie (Human), Recurso (Mana) y Alcance (Ranged), los cuales ya se habían usado en Akshan. Sin embarg",Akshan,0,1,1,1,3,3,0,1.066,5804,"Se reconoció el campeón, pero había texto o puntuación adicional."
microsoft_phi-4-mini-instruct,6,LeBlanc,7,"Sin campeones restantes que coincidan con la combinación exacta de atributos dados, excepto para Especie (Human), Recurso (Mana) y Alcance (Ranged), los cuales ya se habían usado en Akshan. Sin embarg",Akshan,0,1,1,1,3,3,0,1.079,6083,"Se reconoció el campeón, pero había texto o puntuación adicional."
microsoft_phi-4-mini-instruct,6,LeBlanc,8,"Sin campeones restantes que coincidan con la combinación exacta de atributos dados, excepto para Especie (Human), Recurso (Mana) y Alcance (Ranged), los cuales ya se habían usado en Akshan. Sin embarg",Akshan,0,1,1,1,3,3,0,1.088,6362,"Se reconoció el campeón, pero había texto o puntuación adicional."
microsoft_phi-4-mini-instruct,6,LeBlanc,9,"Sin campeones restantes que coincidan con la combinación exacta de atributos dados, excepto para Especie (Human), Recurso (Mana) y Alcance (Ranged), los cuales ya se habían usado en Akshan. Sin embarg",Akshan,0,1,1,1,3,3,0,1.109,6641,"Se reconoció el campeón, pero había texto o puntuación adicional."
microsoft_phi-4-mini-instruct,6,LeBlanc,10,"Sin campeones restantes que coincidan con la combinación exacta de atributos dados, excepto para Especie (Human), Recurso (Mana) y Alcance (Ranged), los cuales ya se habían usado en Akshan. Sin embarg",Akshan,0,1,1,1,3,3,0,1.119,6920,"Se reconoció el campeón, pero había texto o puntuación adicional."
microsoft_phi-4-mini-instruct,7,Morgana,1,Aatrox,Aatrox,0,0,0,0,0,0,0,0.064,4636,
microsoft_phi-4-mini-instruct,7,Morgana,2,Akshan,Akshan,0,0,0,1,3,2,0,0.177,4780,
microsoft_phi-4-mini-instruct,7,Morgana,3,"No hay campeones restantes que coincidan con la combinación exacta de atributos VERDE, excepto Recurso (Mana) y Alcance (Ranged), lo cual corresponde a Akshan del roster original. Sin embargo, dado qu",Akshan,0,1,1,1,3,2,0,1.009,4968,"Se reconoció el campeón, pero había texto o puntuación adicional."
microsoft_phi-4-mini-instruct,7,Morgana,4,"No hay campeones restantes que coincidan con la combinación exacta de atributos VERDE, excepto Recurso (Mana) y Alcance (Ranged), lo cual corresponde a Akshan del roster original. Sin embargo, dado qu",Akshan,0,1,1,1,3,2,0,1.035,5248,"Se reconoció el campeón, pero había texto o puntuación adicional."
microsoft_phi-4-mini-instruct,7,Morgana,5,"Dado las restricciones impuestas, incluyendo que el año debe ser anterior a 2013, y coincidiendo con todos los otros atributos excepto género, especie, regiones (que son grises) y año (que deben estar",,1,1,0,0,0,,0,1.043,5528,No se reconoció ningún campeón del roster.
microsoft_phi-4-mini-instruct,7,Morgana,6,Rumble,Rumble,0,0,0,1,5,0,0,0.111,5636,
microsoft_phi-4-mini-instruct,7,Morgana,7,Gragas,Gragas,0,0,0,1,4,1,0,0.222,5839,
microsoft_phi-4-mini-instruct,7,Morgana,8,Gragas,Gragas,0,0,1,1,6,1,0,0.225,6038,
microsoft_phi-4-mini-instruct,7,Morgana,9,"No hay campeones restantes que coincidan con la combinación exacta de atributos VERDE, excepto Recurso (Mana) y Alcance (Ranged), lo cual corresponde a Gragas del roster original. Sin embargo, dado qu",Gragas,0,1,1,1,6,1,0,1.092,6274,"Se reconoció el campeón, pero había texto o puntuación adicional."
microsoft_phi-4-mini-instruct,7,Morgana,10,"No hay campeones restantes que coincidan con la combinación exacta de atributos VERDE, excepto Recurso (Mana) y Alcance (Ranged), lo cual corresponde a Gragas del roster original. Sin embargo, dado qu",Gragas,0,1,1,1,6,1,0,1.107,6588,"Se reconoció el campeón, pero había texto o puntuación adicional."
microsoft_phi-4-mini-instruct,8,Thresh,1,Aatrox,Aatrox,0,0,0,0,0,2,0,0.063,4636,
microsoft_phi-4-mini-instruct,8,Thresh,2,Ahri,Ahri,0,0,0,1,2,2,0,0.172,4781,
microsoft_phi-4-mini-instruct,8,Thresh,3,Aatrox,Aatrox,0,0,1,1,7,2,0,0.204,4955,
microsoft_phi-4-mini-instruct,8,Thresh,4,Aatrox,Aatrox,0,0,1,1,7,2,0,0.244,5202,
microsoft_phi-4-mini-instruct,8,Thresh,5,"Dado que ya he utilizado Aatrox completamente, cometí un error al repetirlo. Intentemos nuevamente.  Aurore",Aatrox,0,1,1,1,7,2,0,0.561,5449,"Se reconoció el campeón, pero había texto o puntuación adicional."
microsoft_phi-4-mini-instruct,8,Thresh,6,Urgot,Urgot,0,0,0,1,2,3,0,0.281,5735,
microsoft_phi-4-mini-instruct,8,Thresh,7,Urgot,Urgot,0,0,1,1,4,3,0,0.215,5922,
microsoft_phi-4-mini-instruct,8,Thresh,8,"Parece que me he encontrado en un bucle, ya propuesto Urgot varias veces sin éxito. Dado los criterios actuales, no puedo proporcionar otro campeón del roster porque todos los atributos relevantes han",Urgot,0,1,1,1,4,3,0,1.062,6146,"Se reconoció el campeón, pero había texto o puntuación adicional."
microsoft_phi-4-mini-instruct,8,Thresh,9,"Pido disculpas por la confusión anterior. Dado los criterios actuales, no puedo proporcionar otro campeón del roster porque todos los atributos relevantes han sido descartados.  Si hay cambios o nuevo",,1,1,0,0,0,,0,0.904,6448,No se reconoció ningún campeón del roster.
microsoft_phi-4-mini-instruct,8,Thresh,10,"Pido disculpas por la confusión anterior. Dada las restricciones, no puedo proporcionar otro campeón.  Si hay nuevos criterios o cambios, estaré encantado de intentar nuevamente.",,1,1,0,0,0,,0,0.581,6542,No se reconoció ningún campeón del roster.
microsoft_phi-4-mini-instruct,9,Ashe,1,Aatrox,Aatrox,0,0,0,0,0,0,0,0.064,4636,
microsoft_phi-4-mini-instruct,9,Ashe,2,Akshan,Akshan,0,0,0,1,3,2,0,0.174,4780,
microsoft_phi-4-mini-instruct,9,Ashe,3,"No hay campeones restantes que coincidan con las restricciones dadas (género, posición, especie, año). Parece haber un error ya que no se puede seleccionar ningún campeón del roster con todas las cond",,1,1,0,0,0,,0,0.727,4966,No se reconoció ningún campeón del roster.
microsoft_phi-4-mini-instruct,9,Ashe,4,Ahmiu,,1,1,0,0,0,,0,0.118,5053,No se reconoció ningún campeón del roster.
microsoft_phi-4-mini-instruct,9,Ashe,5,Aurelion Sol,Aurelion Sol,0,0,0,1,4,2,0,0.131,5100,
microsoft_phi-4-mini-instruct,9,Ashe,6,"No hay campeones restantes que coincidan con las restricciones dadas (género, posición, especie, año). Parece haber un error ya que no se puede seleccionar ningún campeón del roster con todas las cond",,1,1,0,0,0,,0,0.744,5303,No se reconoció ningún campeón del roster.
microsoft_phi-4-mini-instruct,9,Ashe,7,"Pardon for the confusion earlier, let's try again with fresh feedback:  Feedback del intento 7: - Género = Male -> GRIS · sin coincidencia - Posiciones = Middle -> GRIS · sin coincidencia - Especie = ",,1,1,0,0,0,,0,0.915,5390,No se reconoció ningún campeón del roster.
microsoft_phi-4-mini-instruct,9,Ashe,8,"Mis disculpas por la confusión. Dada las restricciones, no puedo proporcionar otro nombre porque todas coinciden con Akshan y ya lo he mencionado en los intentos anteriores. Si hay más feedback especí",Akshan,0,1,1,1,4,2,0,0.834,5498,"Se reconoció el campeón, pero había texto o puntuación adicional."
microsoft_phi-4-mini-instruct,9,Ashe,9,"Pido disculpas por cualquier confusión, pero según las restricciones proporcionadas y el roster disponible, no puedo sugerir otro campeón porque todas coinciden con Akshan, que ya ha sido propuesto si",Akshan,0,1,1,1,4,2,0,1.057,5780,"Se reconoció el campeón, pero había texto o puntuación adicional."
microsoft_phi-4-mini-instruct,9,Ashe,10,"Pido disculpas por cualquier confusión, pero según las restricciones proporcionadas y el roster disponible, no puedo sugerir otro campeón porque todas coinciden con Akshan, que ya ha sido propuesto si",Akshan,0,1,1,1,4,2,0,1.083,6069,"Se reconoció el campeón, pero había texto o puntuación adicional."
microsoft_phi-4-mini-instruct,10,Zilean,1,Aatrox,Aatrox,0,0,0,0,0,1,0,0.063,4636,
microsoft_phi-4-mini-instruct,10,Zilean,2,Akshan,Akshan,0,0,0,1,1,3,0,0.174,4783,
microsoft_phi-4-mini-instruct,10,Zilean,3,"Error por parte del asistente; Akshan ya había sido elegido, pero dado los nuevos comentarios de feedback, debemos elegir otro campeón.  Con base en la coincidencia exacta para género, especie (con un",Akshan,0,1,1,1,2,3,0,0.999,4951,"Se reconoció el campeón, pero había texto o puntuación adicional."
microsoft_phi-4-mini-instruct,10,Zilean,4,"Error por parte del asistente; la repetición de Akshan fue un error, y ahora abordaremos el problema con los criterios corregidos.  Dado que las posiciones no son una restricción (son grises) pero el ",Akshan,0,1,1,1,2,3,0,1.024,5222,"Se reconoció el campeón, pero había texto o puntuación adicional."
microsoft_phi-4-mini-instruct,10,Zilean,5,"Error por parte del asistente; la repetición de Akshan fue un error, y ahora abordaremos el problema con los criterios corregidos.  Dado que las posiciones no son una restricción (son grises) pero el ",Akshan,0,1,1,1,2,3,0,1.041,5493,"Se reconoció el campeón, pero había texto o puntuación adicional."
microsoft_phi-4-mini-instruct,10,Zilean,6,"Error por parte del asistente; la repetición de Akshan fue un error, y ahora abordaremos el problema con los criterios corregidos.  Dado que las posiciones no son una restricción (son grises) pero el ",Akshan,0,1,1,1,2,3,0,1.07,5764,"Se reconoció el campeón, pero había texto o puntuación adicional."
microsoft_phi-4-mini-instruct,10,Zilean,7,"Error por parte del asistente; la repetición de Akshan fue un error, y ahora abordaremos el problema con los criterios corregidos.  Dado que las posiciones no son una restricción (son grises) pero el ",Akshan,0,1,1,1,2,3,0,1.074,6035,"Se reconoció el campeón, pero había texto o puntuación adicional."
microsoft_phi-4-mini-instruct,10,Zilean,8,"Error por parte del asistente; la repetición de Akshan fue un error, y ahora abordaremos el problema con los criterios corregidos.  Dado que las posiciones no son una restricción (son grises) pero el ",Akshan,0,1,1,1,2,3,0,1.084,6306,"Se reconoció el campeón, pero había texto o puntuación adicional."
microsoft_phi-4-mini-instruct,10,Zilean,9,"Error por parte del asistente; la repetición de Akshan fue un error, y ahora abordaremos el problema con los criterios corregidos.  Dado que las posiciones no son una restricción (son grises) pero el ",Akshan,0,1,1,1,2,3,0,1.096,6577,"Se reconoció el campeón, pero había texto o puntuación adicional."
microsoft_phi-4-mini-instruct,10,Zilean,10,"Error por parte del asistente; la repetición de Akshan fue un error, y ahora abordaremos el problema con los criterios corregidos.  Dado que las posiciones no son una restricción (son grises) pero el ",Akshan,0,1,1,1,2,3,0,1.11,6848,"Se reconoció el campeón, pero había texto o puntuación adicional."
microsoft_phi-4-mini-instruct,11,Xin Zhao,1,Aatrox,Aatrox,0,0,0,0,0,2,0,0.064,4636,
microsoft_phi-4-mini-instruct,11,Xin Zhao,2,Ahri,Ahri,0,0,0,1,2,1,0,0.176,4782,
microsoft_phi-4-mini-instruct,11,Xin Zhao,3,Aatrox,Aatrox,0,0,1,1,6,2,0,0.207,4955,
microsoft_phi-4-mini-instruct,11,Xin Zhao,4,Aatrox,Aatrox,0,0,1,1,6,2,0,0.24,5194,
microsoft_phi-4-mini-instruct,11,Xin Zhao,5,"Dado que la repetición del problema persiste y no se han proporcionado nuevos atributos para ayudar a desvincular al campeón Aatrox, no puedo ofrecer un nuevo nombre de campeón. Por favor, proporciona",Aatrox,0,1,1,1,6,2,0,0.927,5433,"Se reconoció el campeón, pero había texto o puntuación adicional."
microsoft_phi-4-mini-instruct,11,Xin Zhao,6,"Dado la naturaleza repetitiva del problema y la ausencia de nuevas restricciones para desvincular al campeón Aatrox, no puedo proporcionar un nuevo nombre de campeón. Si hay nuevos atributos o detalle",Aatrox,0,1,1,1,6,2,0,1.023,5739,"Se reconoció el campeón, pero había texto o puntuación adicional."
microsoft_phi-4-mini-instruct,11,Xin Zhao,7,"Dado la repetición del problema con Aatrox y la falta de nuevas restricciones para ayudarme a identificar otro campeón, no puedo proporcionar un nuevo nombre de campeón. Si hay nuevos atributos o deta",Aatrox,0,1,1,1,6,2,0,1.0,6051,"Se reconoció el campeón, pero había texto o puntuación adicional."
microsoft_phi-4-mini-instruct,11,Xin Zhao,8,"Dado la continuidad del problema con Aatrox, incluso después de múltiples intentos, y sin nuevas restricciones para ayudarme a identificar otro campeón, no puedo proporcionar un nuevo nombre de campeó",Aatrox,0,1,1,1,6,2,0,1.088,6360,"Se reconoció el campeón, pero había texto o puntuación adicional."
microsoft_phi-4-mini-instruct,11,Xin Zhao,9,"Dado la continuidad del problema con Aatrox, incluso después de múltiples intentos, y sin nuevas restricciones para ayudarme a identificar otro campeón, no puedo proporcionar un nuevo nombre de campeó",Aatrox,0,1,1,1,6,2,0,1.11,6674,"Se reconoció el campeón, pero había texto o puntuación adicional."
microsoft_phi-4-mini-instruct,11,Xin Zhao,10,"Dado la continuidad del problema con Aatrox, incluso después de múltiples intentos, y sin nuevas restricciones para ayudarme a identificar otro campeón, no puedo proporcionar un nuevo nombre de campeó",Aatrox,0,1,1,1,6,2,0,1.123,6988,"Se reconoció el campeón, pero había texto o puntuación adicional."
microsoft_phi-4-mini-instruct,12,Tryndamere,1,Aatrox,Aatrox,0,0,0,0,0,3,0,0.063,4636,
microsoft_phi-4-mini-instruct,12,Tryndamere,2,Ahri,Ahri,0,0,0,1,3,0,0,0.175,4783,
microsoft_phi-4-mini-instruct,12,Tryndamere,3,"Aatrox (debería seguir coincidiendo, pero dado que ya se usó Aatrox para el primer intento sin recibir ningún feedback válido, procederé con un otro candidato del roster.)  Akali",,1,1,0,0,0,,0,0.728,4963,"La respuesta menciona más de un campeón: Aatrox, Akali"
microsoft_phi-4-mini-instruct,12,Tryndamere,4,Akashi,,1,1,0,0,0,,0,0.111,5055,No se reconoció ningún campeón del roster.
microsoft_phi-4-mini-instruct,12,Tryndamere,5,Galio,Galio,0,0,0,1,3,2,0,0.112,5101,
microsoft_phi-4-mini-instruct,12,Tryndamere,6,La respuesta anterior fue inválida: No se proporcionó un nombre del roster. Intenta de nuevo; este fue el intento 6 de 10. Responde únicamente con un nombre del roster.,,1,1,0,0,0,,0,0.763,5283,No se reconoció ningún campeón del roster.
microsoft_phi-4-mini-instruct,12,Tryndamere,7,Veigar,Veigar,0,0,0,1,6,2,0,0.11,5367,
microsoft_phi-4-mini-instruct,12,Tryndamere,8,La respuesta anterior fue inválida: No se proporcionó un nombre del roster. Intenta de nuevo; este fue el intento 8 de 10. Responde únicamente con un nombre del roster.,,1,1,0,0,0,,0,0.746,5589,No se reconoció ningún campeón del roster.
microsoft_phi-4-mini-instruct,12,Tryndamere,9,Ahmi,,1,1,0,0,0,,0,0.121,5673,No se reconoció ningún campeón del roster.
microsoft_phi-4-mini-instruct,12,Tryndamere,10,Ahri,Ahri,0,0,1,1,10,0,0,0.126,5719,
microsoft_phi-4-mini-instruct,13,Pantheon,1,Aatrox,Aatrox,0,0,0,0,0,2,0,0.069,4636,
microsoft_phi-4-mini-instruct,13,Pantheon,2,Ahri,Ahri,0,0,0,1,2,1,0,0.206,4784,
microsoft_phi-4-mini-instruct,13,Pantheon,3,"Aatrox (de nuevo elegido, pero sigue cumpliendo con los criterios basados en la información proporcionada.) Sin embargo, dado que Ahri fue incorrectamente seleccionado basado en las restricciones no c",,1,1,0,0,0,,0,1.055,4955,"La respuesta menciona más de un campeón: Aatrox, Akali, Ahri"
microsoft_phi-4-mini-instruct,13,Pantheon,4,Akali,Akali,0,0,0,1,5,2,0,0.116,5072,
microsoft_phi-4-mini-instruct,13,Pantheon,5,"La respuesta anterior fue inválida; no proporcioné una selección válida basada en las restricciones dadas. Intentemos nuevamente:  Dado que Akali ya fue descartada debido a incompatibilidades, vamos a",,1,1,0,0,0,,0,1.067,5279,"La respuesta menciona más de un campeón: Akali, Azir"
microsoft_phi-4-mini-instruct,13,Pantheon,6,"Disculpas por la confusión. Basado en los criterios restantes (Género Male, Mana, Ranged) y asumiendo que necesitamos seguir con una selección única:  Aurelion Sol (seleccionado nuevamente, cumpliendo",Aurelion Sol,0,1,0,1,5,2,0,0.949,5392,"Se reconoció el campeón, pero había texto o puntuación adicional."
microsoft_phi-4-mini-instruct,13,Pantheon,7,"Dadas las restricciones corregidas (Género Male, Mana, Ranged) y considerando que el año exacto no debe ser anterior a 2016:  No hay campeones restantes del roster que coincidan exactamente con los cr",,1,1,0,0,0,,0,1.078,5685,No se reconoció ningún campeón del roster.
microsoft_phi-4-mini-instruct,13,Pantheon,8,"Disculpas por la confusión en el intento anterior. Basado en los criterios corregidos (Género Male, Mana, Ranged) y considerando que el año exacto no debe ser anterior a 2016:  Aurelion Sol (seleccion",Aurelion Sol,0,1,1,1,6,2,0,0.972,5793,"Se reconoció el campeón, pero había texto o puntuación adicional."
microsoft_phi-4-mini-instruct,13,Pantheon,9,"Dadas las restricciones corregidas (Género Male, Mana, Ranged) y considerando que el año exacto no debe ser anterior a 2016:  No parece haber campeones restantes del roster que coincidan exactamente c",,1,1,0,0,0,,0,1.13,6112,No se reconoció ningún campeón del roster.
microsoft_phi-4-mini-instruct,13,Pantheon,10,"Disculpas por la confusión en los intentos anteriores. Dadas las restricciones corregidas (Género Male, Mana, Ranged) y considerando que el año exacto no debe ser anterior a 2016:  Parece haber habido",,1,1,0,0,0,,0,0.971,6220,No se reconoció ningún campeón del roster.
microsoft_phi-4-mini-instruct,14,Vladimir,1,Aatrox,Aatrox,0,0,0,0,0,1,0,0.063,4636,
microsoft_phi-4-mini-instruct,14,Vladimir,2,Akshan,Akshan,0,0,0,1,2,3,0,0.182,4781,
microsoft_phi-4-mini-instruct,14,Vladimir,3,"No hay campeones restantes que coincidan con las restricciones exactas (género, posiciones, coincidencia parcial de especie) del roster proporcionado. Por favor, proporciona más información o elimina ",,1,1,0,0,0,,0,0.79,4958,No se reconoció ningún campeón del roster.
microsoft_phi-4-mini-instruct,14,Vladimir,4,Ahmi,,1,1,0,0,0,,0,0.123,5047,No se reconoció ningún campeón del roster.
microsoft_phi-4-mini-instruct,14,Vladimir,5,Aurelion Sol,Aurelion Sol,0,0,0,1,3,3,0,0.139,5093,
microsoft_phi-4-mini-instruct,14,Vladimir,6,"No hay campeones restantes que coincidan con las restricciones exactas (género, posiciones, alcance) del roster proporcionado. Por favor, proporciona más información o elimina algunas restricciones pa",,1,1,0,0,0,,0,0.772,5286,No se reconoció ningún campeón del roster.
microsoft_phi-4-mini-instruct,14,Vladimir,7,"No puedo proporcionar respuestas adicionales ya que las condiciones actuales no coinciden con ninguno de los campeones disponibles en el roster proporcionado. Por favor, ajusta las restricciones para ",,1,1,0,0,0,,0,0.613,5371,No se reconoció ningún campeón del roster.
microsoft_phi-4-mini-instruct,14,Vladimir,8,Nicolassa,,1,1,0,0,0,,0,0.128,5453,No se reconoció ningún campeón del roster.
microsoft_phi-4-mini-instruct,14,Vladimir,9,Ahri,Ahri,0,0,0,1,2,2,0,0.113,5500,
microsoft_phi-4-mini-instruct,14,Vladimir,10,"No puedo proporcionar respuestas adicionales ya que las condiciones actuales no coinciden con ninguno de los campeones disponibles en el roster proporcionado. Por favor, ajusta las restricciones para ",,1,1,0,0,0,,0,0.708,5671,No se reconoció ningún campeón del roster.
microsoft_phi-4-mini-instruct,15,Lissandra,1,Aatrox,Aatrox,0,0,0,0,0,1,0,0.07,4636,
microsoft_phi-4-mini-instruct,15,Lissandra,2,Akshan,Akshan,0,0,0,1,3,3,0,0.183,4780,
microsoft_phi-4-mini-instruct,15,Lissandra,3,"GRIS (ninguna selección que coincida con todas las restricciones, incluyendo la restricción actualizada del año)",,1,1,0,0,0,,0,0.501,4968,No se reconoció ningún campeón del roster.
microsoft_phi-4-mini-instruct,15,Lissandra,4,Aatrox,Aatrox,0,0,1,1,9,1,0,0.123,5035,
microsoft_phi-4-mini-instruct,15,Lissandra,5,Aatrox,Aatrox,0,0,1,1,9,1,0,0.29,5301,
microsoft_phi-4-mini-instruct,15,Lissandra,6,Aatrox,Aatrox,0,0,1,1,9,1,0,0.289,5567,
microsoft_phi-4-mini-instruct,15,Lissandra,7,"Dado que todas las restricciones ya han sido proporcionadas y no coinciden con ningún otro campeón del roster, no puedo proponer un nuevo campeón sin violar la regla de no repetir campeones o proponer",,1,1,0,0,0,,0,1.146,5833,No se reconoció ningún campeón del roster.
microsoft_phi-4-mini-instruct,15,Lissandra,8,"Pido disculpas por cualquier confusión. Dada las restricciones y el feedback proporcionado, no puedo proponer otro campeón del roster ya que Aatrox es el único en la lista que coincida con los atribut",Aatrox,0,1,1,1,9,1,0,0.948,5941,"Se reconoció el campeón, pero había texto o puntuación adicional."
microsoft_phi-4-mini-instruct,15,Lissandra,9,"Pido disculpas por cualquier confusión. Dada las restricciones y el feedback proporcionado, no puedo proponer otro campeón del roster ya que Aatrox es el único en la lista que coincida con los atribut",Aatrox,0,1,1,1,9,1,0,1.193,6284,"Se reconoció el campeón, pero había texto o puntuación adicional."
microsoft_phi-4-mini-instruct,15,Lissandra,10,"Pido disculpas por cualquier confusión. Dada las restricciones y el feedback proporcionado, no puedo proponer otro campeón del roster ya que Aatrox es el único en la lista que coincida con los atribut",Aatrox,0,1,1,1,9,1,0,1.19,6627,"Se reconoció el campeón, pero había texto o puntuación adicional."
microsoft_phi-4-mini-instruct,16,Elise,1,Aatrox,Aatrox,0,0,0,0,0,0,0,0.064,4636,
microsoft_phi-4-mini-instruct,16,Elise,2,Akshan,Akshan,0,0,0,1,3,2,0,0.177,4780,
microsoft_phi-4-mini-instruct,16,Elise,3,"No hay campeones restantes que coincidan con las restricciones dadas (género, posición, especie, año). Parece haber un error ya que no se puede seleccionar ningún campeón del roster con todas las cond",,1,1,0,0,0,,0,0.746,4966,No se reconoció ningún campeón del roster.
microsoft_phi-4-mini-instruct,16,Elise,4,Ahmiu,,1,1,0,0,0,,0,0.119,5053,No se reconoció ningún campeón del roster.
microsoft_phi-4-mini-instruct,16,Elise,5,Aurelion Sol,Aurelion Sol,0,0,0,1,4,2,0,0.132,5100,
microsoft_phi-4-mini-instruct,16,Elise,6,"No hay campeones restantes que coincidan con las restricciones dadas (género, posición, especie, año). Parece haber un error ya que no se puede seleccionar ningún campeón del roster con todas las cond",,1,1,0,0,0,,0,0.751,5303,No se reconoció ningún campeón del roster.
microsoft_phi-4-mini-instruct,16,Elise,7,"Pardon for the confusion earlier, let's try again with fresh feedback:  Feedback del intento 7: - Género = Male -> GRIS · sin coincidencia - Posiciones = Middle -> GRIS · sin coincidencia - Especie = ",,1,1,0,0,0,,0,0.897,5390,No se reconoció ningún campeón del roster.
microsoft_phi-4-mini-instruct,16,Elise,8,"Mis disculpas por la confusión. Dada las restricciones, no puedo proporcionar otro nombre porque todas coinciden con Akshan y ya lo he mencionado en los intentos anteriores. Si hay más feedback especí",Akshan,0,1,1,1,4,2,0,0.833,5498,"Se reconoció el campeón, pero había texto o puntuación adicional."
microsoft_phi-4-mini-instruct,16,Elise,9,"Pido disculpas por cualquier confusión, pero según las restricciones proporcionadas y el roster disponible, no puedo sugerir otro campeón porque todas coinciden con Akshan, que ya ha sido propuesto si",Akshan,0,1,1,1,4,2,0,1.069,5780,"Se reconoció el campeón, pero había texto o puntuación adicional."
microsoft_phi-4-mini-instruct,16,Elise,10,"Pido disculpas por cualquier confusión, pero según las restricciones proporcionadas y el roster disponible, no puedo sugerir otro campeón porque todas coinciden con Akshan, que ya ha sido propuesto si",Akshan,0,1,1,1,4,2,0,1.079,6069,"Se reconoció el campeón, pero había texto o puntuación adicional."
microsoft_phi-4-mini-instruct,17,Ekko,1,Aatrox,Aatrox,0,0,0,0,0,2,0,0.063,4636,
microsoft_phi-4-mini-instruct,17,Ekko,2,Ahri,Ahri,0,0,0,1,3,1,0,0.178,4782,
microsoft_phi-4-mini-instruct,17,Ekko,3,Akali,Akali,0,0,0,1,6,2,0,0.197,4967,
microsoft_phi-4-mini-instruct,17,Ekko,4,Ambessa,Ambessa,0,0,0,1,5,2,0,0.218,5185,
microsoft_phi-4-mini-instruct,17,Ekko,5,"(Aucun campeón no se ajusta al roster proporcionado, por lo que hay un error en las instrucciones del seguimiento o la necesidad de más información para continuar.)",,1,1,0,0,0,,0,0.629,5391,No se reconoció ningún campeón del roster.
microsoft_phi-4-mini-instruct,17,Ekko,6,Aurelion Sol,Aurelion Sol,0,0,0,1,4,2,0,0.138,5467,
microsoft_phi-4-mini-instruct,17,Ekko,7,"(Aucun campeón no se ajusta al roster proporcionado, por lo que hay un error en las instrucciones del seguimiento o la necesidad de más información para continuar.)",,1,1,0,0,0,,0,0.615,5671,No se reconoció ningún campeón del roster.
microsoft_phi-4-mini-instruct,17,Ekko,8,Aurelion Sol,Aurelion Sol,0,0,1,1,6,2,0,0.137,5747,
microsoft_phi-4-mini-instruct,17,Ekko,9,"(Aucun campeón no se ajusta al roster proporcionado, por lo que hay un error en las instrucciones del seguimiento o la necesidad de más información para continuar.)",,1,1,0,0,0,,0,0.636,5989,No se reconoció ningún campeón del roster.
microsoft_phi-4-mini-instruct,17,Ekko,10,"Pido disculpas por cualquier confusión, pero según las reglas proporcionadas y los campeones disponibles en el roster dado, no puedo proporcionar más nombres ya que todas las coincidencias coinciden o",,1,1,0,0,0,,0,0.922,6065,No se reconoció ningún campeón del roster.
microsoft_phi-4-mini-instruct,18,Briar,1,Aatrox,Aatrox,0,0,0,0,0,1,0,0.065,4636,
microsoft_phi-4-mini-instruct,18,Briar,2,Akshan,Akshan,0,0,0,1,3,0,0,0.174,4781,
microsoft_phi-4-mini-instruct,18,Briar,3,"No hay campeones restantes que coincidan con las restricciones grises dadas, excepto Akshan, quien ya fue propuesto y descartado debido al año anterior (↑). Como no queda otro campeón para elegir, no ",Akshan,0,1,1,1,8,0,0,1.015,4962,"Se reconoció el campeón, pero había texto o puntuación adicional."
microsoft_phi-4-mini-instruct,18,Briar,4,"No hay campeones restantes que coincidan con las restricciones grises dadas, excepto Akshan, quien ya fue propuesto y descartado debido al año anterior (↑). Como no queda otro campeón para elegir, no ",Akshan,0,1,1,1,8,0,0,1.157,5290,"Se reconoció el campeón, pero había texto o puntuación adicional."
microsoft_phi-4-mini-instruct,18,Briar,5,"Dado que todas las restricciones grises se han aplicado al Akshan, quien fue propuesto anteriormente, no puedo proporcionar un nuevo campeón del roster League of Legends. Parece haber una confusión ya",Akshan,0,1,1,1,8,0,0,1.156,5618,"Se reconoció el campeón, pero había texto o puntuación adicional."
microsoft_phi-4-mini-instruct,18,Briar,6,"Dado que todas las restricciones grises se han aplicado al Akshan, quien ya fue propuesto anteriormente, no puedo proporcionar un nuevo campeón del roster League of Legends. Parece haber una confusión",Akshan,0,1,1,1,8,0,0,1.14,5946,"Se reconoció el campeón, pero había texto o puntuación adicional."
microsoft_phi-4-mini-instruct,18,Briar,7,"Dado que todas las restricciones grises se han aplicado al Akshan, quien ya fue propuesto anteriormente, no puedo proporcionar un nuevo campeón del roster League of Legends. Parece haber una confusión",Akshan,0,1,1,1,8,0,0,1.15,6274,"Se reconoció el campeón, pero había texto o puntuación adicional."
microsoft_phi-4-mini-instruct,18,Briar,8,"Dado que todas las restricciones grises se han aplicado al Akshan, quien ya fue propuesto anteriormente, no puedo proporcionar un nuevo campeón del roster League of Legends. Parece haber una confusión",Akshan,0,1,1,1,8,0,0,1.173,6602,"Se reconoció el campeón, pero había texto o puntuación adicional."
microsoft_phi-4-mini-instruct,18,Briar,9,"Dado que todas las restricciones grises se han aplicado al Akshan, quien ya fue propuesto anteriormente, no puedo proporcionar un nuevo campeón del roster League of Legends. Parece haber una confusión",Akshan,0,1,1,1,8,0,0,1.202,6930,"Se reconoció el campeón, pero había texto o puntuación adicional."
microsoft_phi-4-mini-instruct,18,Briar,10,"Dado que todas las restricciones grises se han aplicado al Akshan, quien ya fue propuesto anteriormente, no puedo proporcionar un nuevo campeón del roster League of Legends. Parece haber una confusión",Akshan,0,1,1,1,8,0,0,1.196,7258,"Se reconoció el campeón, pero había texto o puntuación adicional."
microsoft_phi-4-mini-instruct,19,Mordekaiser,1,Aatrox,Aatrox,0,0,0,0,0,3,0,0.065,4636,
microsoft_phi-4-mini-instruct,19,Mordekaiser,2,Ahri,Ahri,0,0,0,1,3,0,0,0.176,4783,
microsoft_phi-4-mini-instruct,19,Mordekaiser,3,"Aatrox (debería seguir coincidiendo, pero dado que ya se usó Aatrox para el primer intento sin recibir ningún feedback válido, procederé con un otro candidato del roster.)  Akali",,1,1,0,0,0,,0,0.736,4963,"La respuesta menciona más de un campeón: Aatrox, Akali"
microsoft_phi-4-mini-instruct,19,Mordekaiser,4,Akashi,,1,1,0,0,0,,0,0.111,5055,No se reconoció ningún campeón del roster.
microsoft_phi-4-mini-instruct,19,Mordekaiser,5,Galio,Galio,0,0,0,1,3,3,0,0.106,5101,
microsoft_phi-4-mini-instruct,19,Mordekaiser,6,"La respuesta anterior fue inválida ya que se proporcionó una evaluación del campeonato, no un nuevo nombre. Intenta de nuevo; este es el intento 6 de 10. Responde únicamente con el nombre del campeón ",,1,1,0,0,0,,0,0.796,5283,No se reconoció ningún campeón del roster.
microsoft_phi-4-mini-instruct,19,Mordekaiser,7,Veigar,Veigar,0,0,0,1,7,1,0,0.108,5374,
microsoft_phi-4-mini-instruct,19,Mordekaiser,8,"La respuesta anterior fue inválida ya que se proporcionó una evaluación del campeonato, no un nuevo nombre. Intenta de nuevo; este es el intento 8 de 10. Responde únicamente con el nombre del campeón ",,1,1,0,0,0,,0,0.842,5611,No se reconoció ningún campeón del roster.
microsoft_phi-4-mini-instruct,19,Mordekaiser,9,Ahmi,,1,1,0,0,0,,0,0.111,5702,No se reconoció ningún campeón del roster.
microsoft_phi-4-mini-instruct,19,Mordekaiser,10,Malcom,,1,1,0,0,0,,0,0.112,5748,No se reconoció ningún campeón del roster.
microsoft_phi-4-mini-instruct,20,Diana,1,Aatrox,Aatrox,0,0,0,0,0,1,0,0.065,4636,
microsoft_phi-4-mini-instruct,20,Diana,2,Akshan,Akshan,0,0,0,1,4,1,0,0.173,4781,
microsoft_phi-4-mini-instruct,20,Diana,3,"No hay campeones restantes que coincidan con las restricciones dadas (Género, Posiciones, Especie, Año). Parece haber un error ya que no se puede seleccionar ningún campeón basado en la información pr",,1,1,0,0,0,,0,0.945,4979,No se reconoció ningún campeón del roster.
microsoft_phi-4-mini-instruct,20,Diana,4,"Ahmi  Pido disculpas por la confusión. Eligi el Ahri, que coincide con Género (Female), Posiciones (Middle) y Especie (Vastayan). Sin embargo, parece haber una mala interpretación ya que Ahri no está ",Ahri,0,1,0,1,2,2,0,0.899,5082,"Se reconoció el campeón, pero había texto o puntuación adicional."
microsoft_phi-4-mini-instruct,20,Diana,5,"No hay campeones restantes que coincidan con las restricciones dadas (Género, Posiciones, Especie) después del tercer intento. Los requisitos parecen estar incorrectamente interpretados o no correspon",,1,1,0,0,0,,0,1.018,5334,No se reconoció ningún campeón del roster.
microsoft_phi-4-mini-instruct,20,Diana,6,"Ahri  Pido disculpas por la confusión y cualquier malentendido. Sin embargo, Ahri no está en el roster proporcionado. Todos los campeones restantes basados solo en Género (Female), Posiciones (Middle)",Ahri,0,1,1,1,5,2,0,0.917,5442,"Se reconoció el campeón, pero había texto o puntuación adicional."
microsoft_phi-4-mini-instruct,20,Diana,7,"Pido disculpas por cualquier confusión anterior. Basado en los requisitos proporcionados (Género: Female, Posiciones: Middle, Año: Después de 2011), no hay campeones restantes que coincidan exactament",,1,1,0,0,0,,0,1.092,5743,No se reconoció ningún campeón del roster.
microsoft_phi-4-mini-instruct,20,Diana,8,"Pido disculpas por cualquier malentendido. Dado que Ahri ya ha sido propuesto y no coincide con todas las restricciones, revisemos los requisitos:  - Género = Female -> Verdad - Posiciones = Middle ->",Ahri,0,1,1,1,5,2,0,0.957,5851,"Se reconoció el campeón, pero había texto o puntuación adicional."
microsoft_phi-4-mini-instruct,20,Diana,9,"Pido disculpas por cualquier confusión anterior. Dado que Ahri no coincide completamente con las restricciones, especialmente la Especie (Vastayan), revisemos los requisitos nuevamente:  - Género = Fe",Ahri,0,1,1,1,5,2,0,1.105,6152,"Se reconoció el campeón, pero había texto o puntuación adicional."
microsoft_phi-4-mini-instruct,20,Diana,10,"Pido disculpas por cualquier malentendido anterior. Dado que no hay campeones restantes que coincidan exactamente con las restricciones proporcionadas (Género: Female, Posiciones: Middle, Recurso: Man",,1,1,0,0,0,,0,1.145,6453,No se reconoció ningún campeón del roster.
microsoft_phi-4-mini-instruct,21,Aatrox,1,Aatrox,Aatrox,0,0,0,0,0,7,1,0.069,4636,
microsoft_phi-4-mini-instruct,22,Zeri,1,Aatrox,Aatrox,0,0,0,0,0,0,0,0.068,4636,
microsoft_phi-4-mini-instruct,22,Zeri,2,Akshan,Akshan,0,0,0,1,2,2,0,0.189,4780,
microsoft_phi-4-mini-instruct,22,Zeri,3,"No hay campeones restantes que coincidan con la coincidencia exacta del recurso, género, posición, especie, región y año propuesto. Por favor, proporciona más información o elimina restricciones para ",,1,1,0,0,0,,0,0.84,4954,No se reconoció ningún campeón del roster.
microsoft_phi-4-mini-instruct,22,Zeri,4,Aatrox,Aatrox,0,0,1,1,9,0,0,0.121,5044,
microsoft_phi-4-mini-instruct,22,Zeri,5,"No hay campeones restantes que coincidan con la coincidencia exacta del recurso, género, posición, especie, región y año propuesto. Por favor, proporciona más información o elimina restricciones para ",,1,1,0,0,0,,0,0.88,5312,No se reconoció ningún campeón del roster.
microsoft_phi-4-mini-instruct,22,Zeri,6,Aatrox,Aatrox,0,0,1,1,9,0,0,0.125,5402,
microsoft_phi-4-mini-instruct,22,Zeri,7,"No hay campeones restantes que coincidan con la coincidencia exacta del recurso, género, posición, especie, región y año propuesto. Por favor, proporciona más información o elimina restricciones para ",,1,1,0,0,0,,0,0.877,5670,No se reconoció ningún campeón del roster.
microsoft_phi-4-mini-instruct,22,Zeri,8,Aatrox,Aatrox,0,0,1,1,9,0,0,0.125,5760,
microsoft_phi-4-mini-instruct,22,Zeri,9,"No hay campeones restantes que coincidan con la coincidencia exacta del recurso, género, posición, especie, región y año propuesto. Por favor, proporciona más información o elimina restricciones para ",,1,1,0,0,0,,0,0.898,6028,No se reconoció ningún campeón del roster.
microsoft_phi-4-mini-instruct,22,Zeri,10,Aatrox,Aatrox,0,0,1,1,9,0,0,0.128,6118,
microsoft_phi-4-mini-instruct,23,Zac,1,Aatrox,Aatrox,0,0,0,0,0,3,0,0.069,4636,
microsoft_phi-4-mini-instruct,23,Zac,2,Ahri,Ahri,0,0,0,1,3,0,0,0.19,4782,
microsoft_phi-4-mini-instruct,23,Zac,3,Akali,Akali,0,0,0,1,5,1,0,0.207,4965,
microsoft_phi-4-mini-instruct,23,Zac,4,Anivia,Anivia,0,0,0,1,7,0,0,0.22,5171,
microsoft_phi-4-mini-instruct,23,Zac,5,Aurelion Sol,Aurelion Sol,0,0,0,1,6,1,0,0.256,5397,
microsoft_phi-4-mini-instruct,23,Zac,6,Azir,Azir,0,0,0,1,6,1,0,0.226,5621,
microsoft_phi-4-mini-instruct,23,Zac,7,Kalista,Kalista,0,0,0,1,6,0,0,0.231,5840,
microsoft_phi-4-mini-instruct,23,Zac,8,Kled,Kled,0,0,0,1,2,2,0,0.227,6056,
microsoft_phi-4-mini-instruct,23,Zac,9,Kai'Sa,Kai'Sa,0,0,0,1,9,0,0,0.224,6233,
microsoft_phi-4-mini-instruct,23,Zac,10,Kayn,Kayn,0,0,0,1,4,3,0,0.262,6487,
microsoft_phi-4-mini-instruct,24,Xerath,1,Aatrox,Aatrox,0,0,0,0,0,1,0,0.063,4636,
microsoft_phi-4-mini-instruct,24,Xerath,2,Akshan,Akshan,0,0,0,1,1,4,0,0.177,4783,
microsoft_phi-4-mini-instruct,24,Xerath,3,"La partida ha cometido una violación al responder un nombre nuevamente. Por favor, proporciona la nueva entrada del desafío para continuar.",,1,1,0,0,0,,0,0.504,4950,No se reconoció ningún campeón del roster.
microsoft_phi-4-mini-instruct,24,Xerath,4,Ahmiu,,1,1,0,0,0,,0,0.123,5019,No se reconoció ningún campeón del roster.
microsoft_phi-4-mini-instruct,24,Xerath,5,Aurelion Sol,Aurelion Sol,0,0,0,1,2,3,0,0.129,5066,
microsoft_phi-4-mini-instruct,24,Xerath,6,"La partida ha cometido una violación al responder un nombre nuevamente. Por favor, proporciona la nueva entrada del desafío para continuar.",,1,1,0,0,0,,0,0.494,5252,No se reconoció ningún campeón del roster.
microsoft_phi-4-mini-instruct,24,Xerath,7,Ahmiu,,1,1,0,0,0,,0,0.128,5321,No se reconoció ningún campeón del roster.
microsoft_phi-4-mini-instruct,24,Xerath,8,Aurelion Sol,Aurelion Sol,0,0,1,1,4,3,0,0.139,5368,
microsoft_phi-4-mini-instruct,24,Xerath,9,"La partida ha cometido una violación al responder un nombre nuevamente. Por favor, proporciona la nueva entrada del desafío para continuar.",,1,1,0,0,0,,0,0.538,5591,No se reconoció ningún campeón del roster.
microsoft_phi-4-mini-instruct,24,Xerath,10,Ahmiu,,1,1,0,0,0,,0,0.126,5660,No se reconoció ningún campeón del roster.
microsoft_phi-4-mini-instruct,25,Kog'Maw,1,Aatrox,Aatrox,0,0,0,0,0,1,0,0.063,4636,
microsoft_phi-4-mini-instruct,25,Kog'Maw,2,Akshan,Akshan,0,0,0,1,2,3,0,0.172,4781,
microsoft_phi-4-mini-instruct,25,Kog'Maw,3,"No hay campeones restantes que coincidan con todas las condiciones grises, excepto regiones y año. Por favor, proporciona más restricciones o descarta estas variables para continuar con la adivinación",,1,1,0,0,0,,0,0.669,4956,No se reconoció ningún campeón del roster.
microsoft_phi-4-mini-instruct,25,Kog'Maw,4,Ahmiu,,1,1,0,0,0,,0,0.122,5039,No se reconoció ningún campeón del roster.
microsoft_phi-4-mini-instruct,25,Kog'Maw,5,Aurelion Sol,Aurelion Sol,0,0,0,1,3,3,0,0.133,5086,
microsoft_phi-4-mini-instruct,25,Kog'Maw,6,"No hay campeones restantes que coincidan con todas las condiciones grises, excepto género, recurso, alcance, regiones (si se descarta) y año. Con los criterios actuales, no puedo adivinar un campeón q",,1,1,0,0,0,,0,1.066,5280,No se reconoció ningún campeón del roster.
microsoft_phi-4-mini-instruct,25,Kog'Maw,7,Aurelion Sol,Aurelion Sol,0,0,1,1,4,3,0,0.144,5388,
microsoft_phi-4-mini-instruct,25,Kog'Maw,8,"No puedo proporcionar más respuestas del mismo tipo ya que coincidiría con Aurelion Sol, quien fue descartado como respuesta inválida anteriormente. Para continuar la adivinación, necesito descartar l",Aurelion Sol,0,1,1,1,4,3,0,0.945,5608,"Se reconoció el campeón, pero había texto o puntuación adicional."
microsoft_phi-4-mini-instruct,25,Kog'Maw,9,"Reconozco la repetición del problema y la corrección de los criterios. Sin embargo, dado que Aurelion Sol ya fue descartado basándose en las restricciones grises (posiciones, especie, regiones), no pu",Aurelion Sol,0,1,1,1,4,3,0,1.046,5894,"Se reconoció el campeón, pero había texto o puntuación adicional."
microsoft_phi-4-mini-instruct,25,Kog'Maw,10,"Reconozco la necesidad de una nueva dirección para continuar la adivinación, excluyendo las restricciones grises (posiciones, especie, regiones). Con los criterios ajustados, procederé a proponer un n",,1,1,0,0,0,,0,1.061,6190,No se reconoció ningún campeón del roster.
microsoft_phi-4-mini-instruct,26,Dr. Mundo,1,Aatrox,Aatrox,0,0,0,0,0,2,0,0.063,4636,
microsoft_phi-4-mini-instruct,26,Dr. Mundo,2,Ahri,Ahri,0,0,0,1,2,0,0,0.176,4784,
microsoft_phi-4-mini-instruct,26,Dr. Mundo,3,"Aatrox (de nuevo elegido, pero sigue cumpliendo con los criterios basados en la información proporcionada.)",Aatrox,0,1,1,1,4,2,0,0.478,4954,"Se reconoció el campeón, pero había texto o puntuación adicional."
microsoft_phi-4-mini-instruct,26,Dr. Mundo,4,"Dado las reiteradas violaciones de restricciones, proporcionaré una respuesta correcta basada únicamente en los criterios válidos:  - Género = Male -> VERDE · coincidencia exacta - Posiciones = Top ->",,1,1,0,0,0,,0,1.015,5211,No se reconoció ningún campeón del roster.
microsoft_phi-4-mini-instruct,26,Dr. Mundo,5,Urgot,Urgot,0,0,0,1,3,1,0,0.108,5319,
microsoft_phi-4-mini-instruct,26,Dr. Mundo,6,La respuesta correcta basada únicamente en los criterios válidos para el intento 6 sería:  - Género = Male -> VERDE · coincidencia exacta - Posiciones = Top -> AMARILLO · coincidencia parcial - Especi,,1,1,0,0,0,,0,1.003,5517,No se reconoció ningún campeón del roster.
microsoft_phi-4-mini-instruct,26,Dr. Mundo,7,Urbanek,,1,1,0,0,0,,0,0.123,5625,No se reconoció ningún campeón del roster.
microsoft_phi-4-mini-instruct,26,Dr. Mundo,8,Ahri,Ahri,0,0,1,1,9,0,0,0.108,5671,
microsoft_phi-4-mini-instruct,26,Dr. Mundo,9,"Aatrox (de nuevo elegido, pero sigue cumpliendo con los criterios válidos basados únicamente en la información proporcionada.)",Aatrox,0,1,1,1,4,2,0,0.631,5931,"Se reconoció el campeón, pero había texto o puntuación adicional."
microsoft_phi-4-mini-instruct,26,Dr. Mundo,10,"Dado las reiteradas violaciones de restricciones, proporcionaré una respuesta correcta basada únicamente en los criterios válidos:  - Género = Male -> VERDE · coincidencia exacta - Posiciones = Top ->",,1,1,0,0,0,,0,1.065,6191,No se reconoció ningún campeón del roster.
microsoft_phi-4-mini-instruct,27,Jhin,1,Aatrox,Aatrox,0,0,0,0,0,1,0,0.063,4636,
microsoft_phi-4-mini-instruct,27,Jhin,2,Akshan,Akshan,0,0,0,1,1,3,0,0.174,4781,
microsoft_phi-4-mini-instruct,27,Jhin,3,Error por parte del asistente: La respuesta proporcionada no siguió la restricción de responder únicamente con el nombre del campeón. Aquí está la respuesta correcta:  Akshan,Akshan,0,1,1,1,3,3,0,0.598,4946,"Se reconoció el campeón, pero había texto o puntuación adicional."
microsoft_phi-4-mini-instruct,27,Jhin,4,Error por parte del asistente: La respuesta proporcionada no siguió la restricción de responder únicamente con el nombre del campeón. Aquí está la respuesta correcta:  Dado que ya se propuso Akshan en,Akshan,0,1,1,1,3,3,0,0.997,5196,"Se reconoció el campeón, pero había texto o puntuación adicional."
microsoft_phi-4-mini-instruct,27,Jhin,5,Misen (Misenesis),,1,1,0,0,0,,0,0.281,5475,No se reconoció ningún campeón del roster.
microsoft_phi-4-mini-instruct,27,Jhin,6,Yorick,Yorick,0,0,0,1,4,2,0,0.122,5526,
microsoft_phi-4-mini-instruct,27,Jhin,7,Error por parte del asistente: La respuesta proporcionada no siguió la restricción de responder únicamente con el nombre del campeón. Aquí está la respuesta correcta:  Dado que ya se propuso Yorick en,Yorick,0,1,1,1,5,2,0,1.022,5728,"Se reconoció el campeón, pero había texto o puntuación adicional."
microsoft_phi-4-mini-instruct,27,Jhin,8,Error por parte del asistente: La respuesta proporcionada no siguió la restricción de responder únicamente con el nombre del campeón. Aquí está la respuesta correcta:  Dado que ya se propuso Viami (Va,Malzahar,0,1,0,1,3,3,0,1.048,6031,"Se reconoció el campeón, pero había texto o puntuación adicional."
microsoft_phi-4-mini-instruct,27,Jhin,9,Error por parte del asistente: La respuesta proporcionada no siguió la restricción de responder únicamente con el nombre del campeón. Aquí está la respuesta correcta:  Dado que ya se propuso Malzahar ,,1,1,0,0,0,,0,0.985,6303,"La respuesta menciona más de un campeón: Malzahar, Pantheon"
microsoft_phi-4-mini-instruct,27,Jhin,10,Ishkat (Ikko-Ikkan),,1,1,0,0,0,,0,0.227,6411,No se reconoció ningún campeón del roster.
microsoft_phi-4-mini-instruct,28,Malzahar,1,Aatrox,Aatrox,0,0,0,0,0,1,0,0.062,4636,
microsoft_phi-4-mini-instruct,28,Malzahar,2,Akshan,Akshan,0,0,0,1,1,4,0,0.174,4783,
microsoft_phi-4-mini-instruct,28,Malzahar,3,"Error del asistente: la respuesta proporcionada incluye un error al decir que el año debe ser anterior a 2013, pero luego selecciona Akshan, cuyo lanzamiento es en 2021, lo cual no cumple con las rest",Akshan,0,1,1,1,1,4,0,0.976,4952,"Se reconoció el campeón, pero había texto o puntuación adicional."
microsoft_phi-4-mini-instruct,28,Malzahar,4,"Error del asistente: la respuesta proporcionada no cumple con las restricciones ya que Akshan, lanzado en 2021, debe ser descartado debido al año incorrecto. Se necesita un nuevo candidato con coincid",Akshan,0,1,1,1,1,4,0,0.993,5213,"Se reconoció el campeón, pero había texto o puntuación adicional."
microsoft_phi-4-mini-instruct,28,Malzahar,5,"Error del asistente: la respuesta proporcionada no cumple con las restricciones ya que Akshan, lanzado en 2021, debe ser descartado debido al año incorrecto. Se necesita un nuevo candidato con coincid",Akshan,0,1,1,1,1,4,0,1.007,5474,"Se reconoció el campeón, pero había texto o puntuación adicional."
microsoft_phi-4-mini-instruct,28,Malzahar,6,"Error del asistente: la respuesta proporcionada no cumple con las restricciones ya que Akshan, lanzado en 2021, debe ser descartado debido al año incorrecto. Se necesita un nuevo candidato con coincid",Akshan,0,1,1,1,1,4,0,1.025,5735,"Se reconoció el campeón, pero había texto o puntuación adicional."
microsoft_phi-4-mini-instruct,28,Malzahar,7,"Error del asistente: la respuesta proporcionada no cumple con las restricciones ya que Akshan, lanzado en 2021, debe ser descartado debido al año incorrecto. Se necesita un nuevo candidato con coincid",Akshan,0,1,1,1,1,4,0,1.04,5996,"Se reconoció el campeón, pero había texto o puntuación adicional."
microsoft_phi-4-mini-instruct,28,Malzahar,8,"Error del asistente: la respuesta proporcionada no cumple con las restricciones ya que Akshan, lanzado en 2021, debe ser descartado debido al año incorrecto. Se necesita un nuevo candidato con coincid",Akshan,0,1,1,1,1,4,0,1.058,6257,"Se reconoció el campeón, pero había texto o puntuación adicional."
microsoft_phi-4-mini-instruct,28,Malzahar,9,"Error del asistente: la respuesta proporcionada no cumple con las restricciones ya que Akshan, lanzado en 2021, debe ser descartado debido al año incorrecto. Se necesita un nuevo candidato con coincid",Akshan,0,1,1,1,1,4,0,1.073,6518,"Se reconoció el campeón, pero había texto o puntuación adicional."
microsoft_phi-4-mini-instruct,28,Malzahar,10,"Error del asistente: la respuesta proporcionada no cumple con las restricciones ya que Akshan, lanzado en 2021, debe ser descartado debido al año incorrecto. Dadas todas las coincidencias exactas exce",Akshan,0,1,1,1,1,4,0,1.087,6779,"Se reconoció el campeón, pero había texto o puntuación adicional."
microsoft_phi-4-mini-instruct,29,Soraka,1,Aatrox,Aatrox,0,0,0,0,0,0,0,0.064,4636,
microsoft_phi-4-mini-instruct,29,Soraka,2,Akshan,Akshan,0,0,0,1,3,2,0,0.173,4780,
microsoft_phi-4-mini-instruct,29,Soraka,3,"No hay campeones restantes que coincidan con las restricciones dadas (género, posición, especie, año). Parece haber un error ya que no se puede seleccionar ningún campeón del roster restante que coinc",,1,1,0,0,0,,0,0.995,4964,No se reconoció ningún campeón del roster.
microsoft_phi-4-mini-instruct,29,Soraka,4,Ahmiu,,1,1,0,0,0,,0,0.119,5071,No se reconoció ningún campeón del roster.
microsoft_phi-4-mini-instruct,29,Soraka,5,"Parece haber una confusión, ya que Ahmiu no es parte del roster oficial de League of Legends. Por favor, proporciona las restricciones correctas o intenta nuevamente.",,1,1,0,0,0,,0,0.53,5118,No se reconoció ningún campeón del roster.
microsoft_phi-4-mini-instruct,29,Soraka,6,Malzahar,Malzahar,0,0,0,1,4,2,0,0.119,5197,
microsoft_phi-4-mini-instruct,29,Soraka,7,"No hay campeones restantes que coincidan con las restricciones dadas (género, posición, especie, año). Las únicas condiciones no cumplidas son género masculino, posición media y años anteriores a 2010",,1,1,0,0,0,,0,1.019,5399,No se reconoció ningún campeón del roster.
microsoft_phi-4-mini-instruct,29,Soraka,8,"Disculpas por la confusión. Basándome en las restricciones dadas (género masculino, posición media y año antes de 2010), aquí está el siguiente campeón:  Damian(próximamente Irelia)  Sin embargo, dado",Irelia,0,1,0,1,5,2,0,0.901,5507,"Se reconoció el campeón, pero había texto o puntuación adicional."
microsoft_phi-4-mini-instruct,29,Soraka,9,"Sin embargo, dado que las restricciones requieren un género femenino (que Irelia cumple), una posición media o top (Irelia lo tiene) y recurso mana (con qué Irelia se empareja), pero también requiere ",Irelia,0,1,1,1,5,2,0,1.051,5798,"Se reconoció el campeón, pero había texto o puntuación adicional."
microsoft_phi-4-mini-instruct,29,Soraka,10,"Sin embargo, dado que las restricciones requieren un género femenino (que Irelia cumple), una posición media o top (Irelia lo tiene) y recurso mana (con qué Irelia se empareja), pero también requiere ",Irelia,0,1,1,1,5,2,0,1.095,6103,"Se reconoció el campeón, pero había texto o puntuación adicional."
microsoft_phi-4-mini-instruct,30,Ezreal,1,Aatrox,Aatrox,0,0,0,0,0,1,0,0.063,4636,
microsoft_phi-4-mini-instruct,30,Ezreal,2,Akshan,Akshan,0,0,0,1,2,3,0,0.174,4781,
microsoft_phi-4-mini-instruct,30,Ezreal,3,"No hay campeones restantes que coincidan con todas las restricciones correctas (género, posición, especie, recurso, alcance) excepto los años y regiones, que ya no son relevantes después del primer er",,1,1,0,0,0,,0,0.991,4958,No se reconoció ningún campeón del roster.
microsoft_phi-4-mini-instruct,30,Ezreal,4,Senna,Senna,0,0,0,1,2,2,0,0.106,5066,
microsoft_phi-4-mini-instruct,30,Ezreal,5,"No hay campeones restantes que coincidan con todas las restricciones correctas (género, posición, especie, recurso, alcance) excepto los años y regiones, que ya no son relevantes después del primer er",,1,1,0,0,0,,0,0.996,5247,No se reconoció ningún campeón del roster.
microsoft_phi-4-mini-instruct,30,Ezreal,6,Aurelion Sol,Aurelion Sol,0,0,0,1,3,3,0,0.134,5355,
microsoft_phi-4-mini-instruct,30,Ezreal,7,"No hay campeones restantes que coincidan con todas las restricciones correctas (género, posición, especie, recurso, alcance) excepto los años y regiones, que ya no son relevantes después del primer er",,1,1,0,0,0,,0,1.01,5549,No se reconoció ningún campeón del roster.
microsoft_phi-4-mini-instruct,30,Ezreal,8,Aurelion Sol,Aurelion Sol,0,0,1,1,4,3,0,0.137,5657,
microsoft_phi-4-mini-instruct,30,Ezreal,9,"No puedo proporcionar más nombres ya que cada atributo descartado no ayuda a reducir la búsqueda dentro del roster dado, siguiendo las reglas establecidas (coincidencia exacta o parcial) y excluyendo ",,1,1,0,0,0,,0,1.038,5877,No se reconoció ningún campeón del roster.
microsoft_phi-4-mini-instruct,30,Ezreal,10,"Pido disculpas por la confusión. Dada las restricciones y siguiendo correctamente las coincidencias exactas o parciales, sin considerar años y regiones, no puedo proporcionar más nombres ya que he ago",,1,1,0,0,0,,0,0.925,5985,No se reconoció ningún campeón del roster.
ministral-3-3b-instruct-2512,1,Karma,1,Ahri,Ahri,0,0,0,0,0,5,0,2.814,5246,
ministral-3-3b-instruct-2512,1,Karma,2,Aurora,Aurora,0,0,0,1,3,3,0,0.178,5399,
ministral-3-3b-instruct-2512,1,Karma,3,Ivern,Ivern,0,0,0,1,5,1,0,0.206,5605,
ministral-3-3b-instruct-2512,1,Karma,4,Karma,Karma,0,0,0,0,0,7,1,0.224,5833,
ministral-3-3b-instruct-2512,2,Samira,1,Ahri,Ahri,0,0,0,0,0,3,0,0.055,5246,
ministral-3-3b-instruct-2512,2,Samira,2,Aurora,Aurora,0,0,0,1,2,3,0,0.193,5394,
ministral-3-3b-instruct-2512,2,Samira,3,Ambessa,Ambessa,0,0,0,1,4,2,0,0.2,5583,
ministral-3-3b-instruct-2512,2,Samira,4,Akali,Akali,0,0,0,1,7,2,0,0.217,5794,
ministral-3-3b-instruct-2512,2,Samira,5,Irelia,Irelia,0,0,0,1,6,2,0,0.247,6031,
ministral-3-3b-instruct-2512,2,Samira,6,Karma,Karma,0,0,0,1,4,3,0,0.236,6265,
ministral-3-3b-instruct-2512,2,Samira,7,Lux,Lux,0,0,0,1,3,3,0,0.231,6479,
ministral-3-3b-instruct-2512,2,Samira,8,Sona,Sona,0,0,0,1,4,3,0,0.232,6682,
ministral-3-3b-instruct-2512,2,Samira,9,Neeko,Neeko,0,0,0,1,3,3,0,0.239,6897,
ministral-3-3b-instruct-2512,2,Samira,10,Xayah,Xayah,0,0,0,1,4,4,0,0.234,7097,
ministral-3-3b-instruct-2512,3,Zoe,1,Ahri,Ahri,0,0,0,0,0,4,0,0.046,5246,
ministral-3-3b-instruct-2512,3,Zoe,2,Aurora,Aurora,0,0,0,1,2,3,0,0.18,5396,
ministral-3-3b-instruct-2512,3,Zoe,3,Neeko,Neeko,0,0,0,1,2,3,0,0.2,5586,
ministral-3-3b-instruct-2512,3,Zoe,4,Karma,Karma,0,0,0,1,3,3,0,0.203,5776,
ministral-3-3b-instruct-2512,3,Zoe,5,Karma,Karma,0,0,1,1,3,3,0,0.213,5980,
ministral-3-3b-instruct-2512,3,Zoe,6,Karma *(revisado para cumplir restricciones)* → **Xayah**,,1,1,0,0,0,,0,0.4,6200,"La respuesta menciona más de un campeón: Karma, Xayah"
ministral-3-3b-instruct-2512,3,Zoe,7,Karma *(revisado para cumplir restricciones)* → **Xayah** no cumple todas las condiciones.  **Intento válido:** **Jhin**,,1,1,0,0,0,,0,0.492,6265,"La respuesta menciona más de un campeón: Karma, Xayah, Jhin"
ministral-3-3b-instruct-2512,3,Zoe,8,"Karma *(revisado)* → **Xayah** no cumple todas las restricciones.  **Intento válido:** **Neeko**  *(Ajuste: Posiciones = Middle, Especie = Vastayan, Año = 2018 ↓, pero año debe ser ↑ desde ",,1,1,0,0,0,,0,0.883,6349,"La respuesta menciona más de un campeón: Karma, Neeko, Xayah"
ministral-3-3b-instruct-2512,3,Zoe,9,Aurora,Aurora,0,0,1,1,4,3,0,0.114,6465,
ministral-3-3b-instruct-2512,3,Zoe,10,Aurora *(revisado)* → **Illaoi**,,1,1,0,0,0,,0,0.381,6697,"La respuesta menciona más de un campeón: Aurora, Illaoi"
ministral-3-3b-instruct-2512,4,Nocturne,1,Ahri,Ahri,0,0,0,0,0,2,0,0.047,5246,
ministral-3-3b-instruct-2512,4,Nocturne,2,Annie,Annie,0,0,0,1,4,1,0,0.176,5391,
ministral-3-3b-instruct-2512,4,Nocturne,3,Lux,Lux,0,0,0,1,5,1,0,0.21,5603,
ministral-3-3b-instruct-2512,4,Nocturne,4,Sona,Sona,0,0,0,1,6,1,0,0.221,5822,
ministral-3-3b-instruct-2512,4,Nocturne,5,Karma,Karma,0,0,0,1,5,2,0,0.229,6053,
ministral-3-3b-instruct-2512,4,Nocturne,6,Jhin,Jhin,0,0,0,1,4,1,0,0.225,6269,
ministral-3-3b-instruct-2512,4,Nocturne,7,Sivir,Sivir,0,0,0,1,5,1,0,0.223,6477,
ministral-3-3b-instruct-2512,4,Nocturne,8,Xayah,Xayah,0,0,0,1,6,1,0,0.234,6692,
ministral-3-3b-instruct-2512,4,Nocturne,9,Aurora,Aurora,0,0,0,1,5,1,0,0.246,6920,
ministral-3-3b-instruct-2512,4,Nocturne,10,Illaoi,Illaoi,0,0,0,1,4,2,0,0.262,7141,
ministral-3-3b-instruct-2512,5,Veigar,1,Ahri,Ahri,0,0,0,0,0,3,0,0.046,5246,
ministral-3-3b-instruct-2512,5,Veigar,2,Aurora,Aurora,0,0,0,1,4,2,0,0.178,5395,
ministral-3-3b-instruct-2512,5,Veigar,3,Anivia,Anivia,0,0,0,1,2,4,0,0.208,5607,
ministral-3-3b-instruct-2512,5,Veigar,4,Ashe,Ashe,0,0,0,1,3,3,0,0.2,5792,
ministral-3-3b-instruct-2512,5,Veigar,5,Lissandra,Lissandra,0,0,0,1,4,3,0,0.223,5988,
ministral-3-3b-instruct-2512,5,Veigar,6,Annie,Annie,0,0,0,1,2,4,0,0.223,6202,
ministral-3-3b-instruct-2512,5,Veigar,7,Lux,Lux,0,0,0,1,5,2,0,0.216,6395,
ministral-3-3b-instruct-2512,5,Veigar,8,Soraka,Soraka,0,0,0,1,4,3,0,0.247,6619,
ministral-3-3b-instruct-2512,5,Veigar,9,Morgana,Morgana,0,0,0,1,5,3,0,0.231,6825,
ministral-3-3b-instruct-2512,5,Veigar,10,Leona,Leona,0,0,0,1,7,1,0,0.248,7053,
ministral-3-3b-instruct-2512,6,LeBlanc,1,Ahri,Ahri,0,0,0,0,0,4,0,0.047,5246,
ministral-3-3b-instruct-2512,6,LeBlanc,2,Annie,Annie,0,0,0,0,0,4,0,0.179,5397,
ministral-3-3b-instruct-2512,6,LeBlanc,3,Karma,Karma,0,0,0,1,3,3,0,0.185,5557,
ministral-3-3b-instruct-2512,6,LeBlanc,4,Karma,Karma,0,0,1,1,3,3,0,0.21,5762,
ministral-3-3b-instruct-2512,6,LeBlanc,5,Karma *(revisado para cumplir restricciones)* → **Irelia**,,1,1,0,0,0,,0,0.409,5983,"La respuesta menciona más de un campeón: Irelia, Karma"
ministral-3-3b-instruct-2512,6,LeBlanc,6,Karma *(revisado para cumplir restricciones)* → **Sona**,,1,1,0,0,0,,0,0.286,6050,"La respuesta menciona más de un campeón: Karma, Sona"
ministral-3-3b-instruct-2512,6,LeBlanc,7,Karma *(revisado para cumplir restricciones)* → **Lux**,,1,1,0,0,0,,0,0.284,6115,"La respuesta menciona más de un campeón: Karma, Lux"
ministral-3-3b-instruct-2512,6,LeBlanc,8,"Karma *(revisado para cumplir restricciones)* → **Karma**  *(No cumplo las restricciones por repetir y no ajustar posiciones a *Middle* exacto).*  **Intento válido:** **Sett** *(especie: Vastayan, per",,1,1,0,0,0,,0,0.876,6179,"La respuesta menciona más de un campeón: Karma, Sett"
ministral-3-3b-instruct-2512,6,LeBlanc,9,Karma *(revisado)* → **Rakan**,,1,1,0,0,0,,0,0.239,6291,"La respuesta menciona más de un campeón: Karma, Rakan"
ministral-3-3b-instruct-2512,6,LeBlanc,10,**Sona**,Sona,0,1,0,1,2,4,0,0.137,6352,"Se reconoció el campeón, pero había texto o puntuación adicional."
ministral-3-3b-instruct-2512,7,Morgana,1,Ahri,Ahri,0,0,0,0,0,3,0,0.045,5246,
ministral-3-3b-instruct-2512,7,Morgana,2,Annie,Annie,0,0,0,0,0,4,0,0.18,5397,
ministral-3-3b-instruct-2512,7,Morgana,3,Ashe,Ashe,0,0,0,0,0,4,0,0.183,5556,
ministral-3-3b-instruct-2512,7,Morgana,4,Lissandra,Lissandra,0,0,0,1,2,3,0,0.198,5713,
ministral-3-3b-instruct-2512,7,Morgana,5,Leona,Leona,0,0,0,1,2,2,0,0.21,5909,
ministral-3-3b-instruct-2512,7,Morgana,6,Morgana,Morgana,0,0,0,0,0,7,1,0.208,6102,
ministral-3-3b-instruct-2512,8,Thresh,1,Ahri,Ahri,0,0,0,0,0,2,0,0.046,5246,
ministral-3-3b-instruct-2512,8,Thresh,2,Aurora,Aurora,0,0,0,1,3,2,0,0.176,5392,
ministral-3-3b-instruct-2512,8,Thresh,3,Anivia,Anivia,0,0,0,1,4,2,0,0.201,5589,
ministral-3-3b-instruct-2512,8,Thresh,4,Nami,Nami,0,0,0,1,2,3,0,0.209,5796,
ministral-3-3b-instruct-2512,8,Thresh,5,Karma,Karma,0,0,0,1,5,2,0,0.211,5985,
ministral-3-3b-instruct-2512,8,Thresh,6,Sona,Sona,0,0,0,1,4,3,0,0.227,6206,
ministral-3-3b-instruct-2512,8,Thresh,7,Lux,Lux,0,0,0,1,6,2,0,0.229,6419,
ministral-3-3b-instruct-2512,8,Thresh,8,Karma,Karma,0,0,1,1,6,2,0,0.246,6652,
ministral-3-3b-instruct-2512,8,Thresh,9,Karma *(revisado según restricciones: ahora priorizo posiciones AMARILLO como Middle y ajusto año a posterior a 2011)*  **Corrección:** **Rakan**,,1,1,0,0,0,,0,0.777,6901,"La respuesta menciona más de un campeón: Karma, Rakan"
ministral-3-3b-instruct-2512,8,Thresh,10,"Karma *(solo nombre exacto, ajustado a restricciones)*",Karma,0,1,1,1,6,2,0,0.289,6992,"Se reconoció el campeón, pero había texto o puntuación adicional."
ministral-3-3b-instruct-2512,9,Ashe,1,Ahri,Ahri,0,0,0,0,0,3,0,0.05,5246,
ministral-3-3b-instruct-2512,9,Ashe,2,Annie,Annie,0,0,0,1,1,4,0,0.181,5395,
ministral-3-3b-instruct-2512,9,Ashe,3,Ashe,Ashe,0,0,0,0,0,7,1,0.199,5577,
ministral-3-3b-instruct-2512,10,Zilean,1,Ahri,Ahri,0,0,0,0,0,2,0,0.049,5246,
ministral-3-3b-instruct-2512,10,Zilean,2,Annie,Annie,0,0,0,1,2,4,0,0.197,5393,
ministral-3-3b-instruct-2512,10,Zilean,3,Annie,Annie,0,0,1,1,2,4,0,0.234,5585,
ministral-3-3b-instruct-2512,10,Zilean,4,Lux,Lux,0,0,0,1,3,3,0,0.238,5793,
ministral-3-3b-instruct-2512,10,Zilean,5,Sona,Sona,0,0,0,1,3,4,0,0.235,5997,
ministral-3-3b-instruct-2512,10,Zilean,6,Lux,Lux,0,0,1,1,5,3,0,0.246,6202,
ministral-3-3b-instruct-2512,10,Zilean,7,Soraka,Soraka,0,0,0,1,3,4,0,0.256,6443,
ministral-3-3b-instruct-2512,10,Zilean,8,Soraka,Soraka,0,0,1,1,4,4,0,0.242,6644,
ministral-3-3b-instruct-2512,10,Zilean,9,"Soraka  *(No cumples con las restricciones de género, especie o regiones del feedback anterior).* **Próximo intento válido:**  **Lux** *(revisado para cumplir con todas las condiciones: género GRIS de",,1,1,0,0,0,,0,1.065,6873,"La respuesta menciona más de un campeón: Soraka, Lux"
ministral-3-3b-instruct-2512,10,Zilean,10,Lulu,Lulu,0,0,0,1,3,3,0,0.119,6985,
ministral-3-3b-instruct-2512,11,Xin Zhao,1,Ahri,Ahri,0,0,0,0,0,1,0,0.047,5246,
ministral-3-3b-instruct-2512,11,Xin Zhao,2,Annie,Annie,0,0,0,1,3,1,0,0.177,5393,
ministral-3-3b-instruct-2512,11,Xin Zhao,3,Lux,Lux,0,0,0,1,3,2,0,0.203,5592,
ministral-3-3b-instruct-2512,11,Xin Zhao,4,Lux,Lux,0,0,1,1,3,2,0,0.206,5789,
ministral-3-3b-instruct-2512,11,Xin Zhao,5,Sona,Sona,0,0,0,1,3,2,0,0.22,6002,
ministral-3-3b-instruct-2512,11,Xin Zhao,6,Soraka,Soraka,0,0,0,1,4,1,0,0.227,6200,
ministral-3-3b-instruct-2512,11,Xin Zhao,7,Soraka,Soraka,0,0,1,1,5,1,0,0.239,6409,
ministral-3-3b-instruct-2512,11,Xin Zhao,8,"Soraka *(revisado según restricciones: año anterior a 2009 no aplica, pero como no cumple género/posiciones/alcance, busco otro compatible con **Mana**, **Ionia/Targon** y **↑2010**)*  **Lux**",,1,1,0,0,0,,0,1.028,6646,"La respuesta menciona más de un campeón: Soraka, Lux"
ministral-3-3b-instruct-2512,11,Xin Zhao,9,Soraka *(no cumple género/posiciones/alcance) → **Sett***)  **Sett**,,1,1,0,0,0,,0,0.396,6758,"La respuesta menciona más de un campeón: Soraka, Sett"
ministral-3-3b-instruct-2512,11,Xin Zhao,10,Sona,Sona,0,0,1,1,3,2,0,0.114,6830,
ministral-3-3b-instruct-2512,12,Tryndamere,1,Ahri,Ahri,0,0,0,0,0,0,0,0.049,5246,
ministral-3-3b-instruct-2512,12,Tryndamere,2,Annie,Annie,0,0,0,1,4,1,0,0.175,5389,
ministral-3-3b-instruct-2512,12,Tryndamere,3,Lux,Lux,0,0,0,1,5,0,0,0.206,5595,
ministral-3-3b-instruct-2512,12,Tryndamere,4,Soraka,Soraka,0,0,0,1,5,1,0,0.227,5813,
ministral-3-3b-instruct-2512,12,Tryndamere,5,Soraka,Soraka,0,0,1,1,6,1,0,0.23,6025,
ministral-3-3b-instruct-2512,12,Tryndamere,6,Morgana,Morgana,0,0,0,1,5,1,0,0.258,6265,
ministral-3-3b-instruct-2512,12,Tryndamere,7,Leona,Leona,0,0,0,1,5,1,0,0.254,6486,
ministral-3-3b-instruct-2512,12,Tryndamere,8,Leona,Leona,0,0,1,1,5,1,0,0.256,6704,
ministral-3-3b-instruct-2512,12,Tryndamere,9,Taric,Taric,0,0,0,1,3,3,0,0.271,6938,
ministral-3-3b-instruct-2512,12,Tryndamere,10,Taric,Taric,0,0,1,1,3,3,0,0.256,7137,
ministral-3-3b-instruct-2512,13,Pantheon,1,Ahri,Ahri,0,0,0,0,0,1,0,0.056,5246,
ministral-3-3b-instruct-2512,13,Pantheon,2,Annie,Annie,0,0,0,1,3,1,0,0.189,5391,
ministral-3-3b-instruct-2512,13,Pantheon,3,Lux,Lux,0,0,0,1,3,2,0,0.22,5588,
ministral-3-3b-instruct-2512,13,Pantheon,4,Lux,Lux,0,0,1,1,4,2,0,0.225,5785,
ministral-3-3b-instruct-2512,13,Pantheon,5,Sona,Sona,0,0,0,1,3,2,0,0.246,6009,
ministral-3-3b-instruct-2512,13,Pantheon,6,Soraka,Soraka,0,0,0,1,4,1,0,0.248,6207,
ministral-3-3b-instruct-2512,13,Pantheon,7,Soraka,Soraka,0,0,1,1,5,1,0,0.26,6418,
ministral-3-3b-instruct-2512,13,Pantheon,8,Lux,Lux,0,0,1,1,4,2,0,0.271,6657,
ministral-3-3b-instruct-2512,13,Pantheon,9,Sona,Sona,0,0,1,1,3,2,0,0.263,6881,
ministral-3-3b-instruct-2512,13,Pantheon,10,Lux,Lux,0,0,1,1,4,2,0,0.263,7096,
ministral-3-3b-instruct-2512,14,Vladimir,1,Ahri,Ahri,0,0,0,0,0,2,0,0.059,5246,
ministral-3-3b-instruct-2512,14,Vladimir,2,Annie,Annie,0,0,0,1,2,2,0,0.2,5393,
ministral-3-3b-instruct-2512,14,Vladimir,3,Lux,Lux,0,0,0,1,3,2,0,0.209,5583,
ministral-3-3b-instruct-2512,14,Vladimir,4,Sona,Sona,0,0,0,1,4,2,0,0.206,5779,
ministral-3-3b-instruct-2512,14,Vladimir,5,Karma,Karma,0,0,0,1,6,1,0,0.215,5985,
ministral-3-3b-instruct-2512,14,Vladimir,6,Karma,Karma,0,0,1,1,6,1,0,0.232,6218,
ministral-3-3b-instruct-2512,14,Vladimir,7,"Karma *(revisado según restricciones: priorizo especies que coincidan parcialmente con ""Human, Spiritualist"" y año ↓2011)*  **Soraka**",,1,1,0,0,0,,0,0.711,6467,"La respuesta menciona más de un campeón: Soraka, Karma"
ministral-3-3b-instruct-2512,14,Vladimir,8,Karma *(corregido)*,Karma,0,1,1,1,6,1,0,0.179,6554,"Se reconoció el campeón, pero había texto o puntuación adicional."
ministral-3-3b-instruct-2512,14,Vladimir,9,"**Soraka** *(revisado: cumple especie ""Human"" + año ↓2011, aunque género no coincide)*  --- *Nota: Como no hay campeones que cumplan todas las restricciones exactas (género/recurso/regiones), revisaré",Soraka,0,1,0,1,6,1,0,1.09,6825,"Se reconoció el campeón, pero había texto o puntuación adicional."
ministral-3-3b-instruct-2512,14,Vladimir,10,"**Soraka** *(revisado: priorizo especies ""Celestial"" + año ↑2009, aunque género no coincide)*  --- *Nota final: Solo queda **Soraka** como opción válida bajo restricciones parciales.*",Soraka,0,1,1,1,7,1,0,0.896,7132,"Se reconoció el campeón, pero había texto o puntuación adicional."
ministral-3-3b-instruct-2512,15,Lissandra,1,Ahri,Ahri,0,0,0,0,0,4,0,0.048,5246,
ministral-3-3b-instruct-2512,15,Lissandra,2,Aurora,Aurora,0,0,0,1,2,4,0,0.179,5396,
ministral-3-3b-instruct-2512,15,Lissandra,3,Neeko,Neeko,0,0,0,1,3,3,0,0.199,5588,
ministral-3-3b-instruct-2512,15,Lissandra,4,Karma,Karma,0,0,0,1,4,3,0,0.207,5790,
ministral-3-3b-instruct-2512,15,Lissandra,5,Karma,Karma,0,0,1,1,4,3,0,0.218,6006,
ministral-3-3b-instruct-2512,15,Lissandra,6,Karma *(revisado para cumplir restricciones: ajustando año y regiones válidas)*  **Intento correcto:** **Xayah**,,1,1,0,0,0,,0,0.571,6238,"La respuesta menciona más de un campeón: Karma, Xayah"
ministral-3-3b-instruct-2512,15,Lissandra,7,"Karma *(revisado para ajustar año y regiones válidas según feedback)*  **Intento correcto:** **Aurora**  --- *(Ajuste: Aunque Karma cumple género, especie parcial y rango, no encaja en el año posterio",,1,1,0,0,0,,0,1.053,6316,"La respuesta menciona más de un campeón: Aurora, Karma"
ministral-3-3b-instruct-2512,15,Lissandra,8,Xayah,Xayah,0,0,0,1,4,3,0,0.123,6428,
ministral-3-3b-instruct-2512,15,Lissandra,9,"Xayah *(revisado para ajustar año y regiones válidas según feedback)*  **Intento correcto:** **Aurora**  --- *(Ajuste final: Solo **Aurora** cumple género, rango y año (2024 ↓), pero no regiones ni es",,1,1,0,0,0,,0,1.118,6636,"La respuesta menciona más de un campeón: Aurora, Xayah"
ministral-3-3b-instruct-2512,15,Lissandra,10,Aurora,Aurora,0,0,1,1,3,4,0,0.122,6748,
ministral-3-3b-instruct-2512,16,Elise,1,Ahri,Ahri,0,0,0,0,0,3,0,0.055,5246,
ministral-3-3b-instruct-2512,16,Elise,2,Aurora,Aurora,0,0,0,1,2,3,0,0.184,5394,
ministral-3-3b-instruct-2512,16,Elise,3,Ambessa,Ambessa,0,0,0,1,4,1,0,0.229,5583,
ministral-3-3b-instruct-2512,16,Elise,4,Illaoi,Illaoi,0,0,0,1,3,2,0,0.255,5794,
ministral-3-3b-instruct-2512,16,Elise,5,Irelia,Irelia,0,0,0,1,5,2,0,0.244,5992,
ministral-3-3b-instruct-2512,16,Elise,6,Karma,Karma,0,0,0,1,3,3,0,0.247,6215,
ministral-3-3b-instruct-2512,16,Elise,7,Sona,Sona,0,0,0,1,3,3,0,0.229,6418,
ministral-3-3b-instruct-2512,16,Elise,8,Xayah,Xayah,0,0,0,1,3,3,0,0.229,6622,
ministral-3-3b-instruct-2512,16,Elise,9,Jhin,Jhin,0,0,0,1,4,2,0,0.228,6822,
ministral-3-3b-instruct-2512,16,Elise,10,**Yasuo**,Yasuo,0,1,0,1,7,0,0,0.282,7033,"Se reconoció el campeón, pero había texto o puntuación adicional."
ministral-3-3b-instruct-2512,17,Ekko,1,Ahri,Ahri,0,0,0,0,0,1,0,0.046,5246,
ministral-3-3b-instruct-2512,17,Ekko,2,Aurora,Aurora,0,0,0,1,3,1,0,0.176,5392,
ministral-3-3b-instruct-2512,17,Ekko,3,Illaoi,Illaoi,0,0,0,1,1,3,0,0.218,5588,
ministral-3-3b-instruct-2512,17,Ekko,4,Illaoi,Illaoi,0,0,1,1,3,3,0,0.207,5764,
ministral-3-3b-instruct-2512,17,Ekko,5,Irelia,Irelia,0,0,0,1,4,2,0,0.234,5978,
ministral-3-3b-instruct-2512,17,Ekko,6,Sett,Sett,0,0,0,1,5,2,0,0.225,6193,
ministral-3-3b-instruct-2512,17,Ekko,7,Kayn,Kayn,0,0,0,1,2,3,0,0.234,6418,
ministral-3-3b-instruct-2512,17,Ekko,8,Zaahen,Zaahen,0,0,0,1,3,3,0,0.248,6629,
ministral-3-3b-instruct-2512,17,Ekko,9,Zaahen,Zaahen,0,0,1,1,4,3,0,0.244,6834,
ministral-3-3b-instruct-2512,17,Ekko,10,Zaen Zah'dum,,1,1,0,0,0,,0,0.291,7068,No se reconoció ningún campeón del roster.
ministral-3-3b-instruct-2512,18,Briar,1,Ahri,Ahri,0,0,0,0,0,1,0,0.046,5246,
ministral-3-3b-instruct-2512,18,Briar,2,Aurora,Aurora,0,0,0,1,4,1,0,0.176,5390,
ministral-3-3b-instruct-2512,18,Briar,3,Ambessa,Ambessa,0,0,0,1,2,2,0,0.206,5595,
ministral-3-3b-instruct-2512,18,Briar,4,Gwen,Gwen,0,0,0,1,3,2,0,0.203,5785,
ministral-3-3b-instruct-2512,18,Briar,5,Karma,Karma,0,0,0,1,7,1,0,0.212,5984,
ministral-3-3b-instruct-2512,18,Briar,6,Neeko,Neeko,0,0,0,1,6,1,0,0.24,6224,
ministral-3-3b-instruct-2512,18,Briar,7,Xayah,Xayah,0,0,0,1,6,1,0,0.238,6453,
ministral-3-3b-instruct-2512,18,Briar,8,Rakan,Rakan,0,0,0,1,6,1,0,0.239,6679,
ministral-3-3b-instruct-2512,18,Briar,9,Illaoi,Illaoi,0,0,0,1,4,2,0,0.256,6905,
ministral-3-3b-instruct-2512,18,Briar,10,K'Sante,K'Sante,0,0,0,1,5,1,0,0.251,7116,
ministral-3-3b-instruct-2512,19,Mordekaiser,1,Ahri,Ahri,0,0,0,0,0,0,0,0.045,5246,
ministral-3-3b-instruct-2512,19,Mordekaiser,2,Annie,Annie,0,0,0,1,4,0,0,0.174,5389,
ministral-3-3b-instruct-2512,19,Mordekaiser,3,Lux,Lux,0,0,0,1,5,1,0,0.207,5594,
ministral-3-3b-instruct-2512,19,Mordekaiser,4,Lux,Lux,0,0,1,1,6,1,0,0.213,5807,
ministral-3-3b-instruct-2512,19,Mordekaiser,5,Sona,Sona,0,0,0,1,6,1,0,0.233,6047,
ministral-3-3b-instruct-2512,19,Mordekaiser,6,Lux,Lux,0,0,1,1,6,1,0,0.23,6272,
ministral-3-3b-instruct-2512,19,Mordekaiser,7,"Lux  *(No puedo repetir campeones ni violar restricciones, pero como no hay opciones válidas bajo los nuevos filtros, intentaré ajustar:)*  **Intento 7:** Soraka",,1,1,0,0,0,,0,0.769,6512,"La respuesta menciona más de un campeón: Soraka, Lux"
ministral-3-3b-instruct-2512,19,Mordekaiser,8,"Lux  *(No puedo repetir, pero bajo las restricciones actuales no hay otro campeón que cumpla año exacto **2010** y regiones **Demacia** con género/posiciones/recurso/alcance/especie descartados. Revis",Lux,0,1,1,1,6,1,0,0.884,6603,"Se reconoció el campeón, pero había texto o puntuación adicional."
ministral-3-3b-instruct-2512,19,Mordekaiser,9,"Lux  *(No hay opciones válidas bajo las restricciones actuales, pero como **Soraka** cumple año (2009) y género/posiciones son parciales, ajustaré a un campeón alternativo que sí encaja en regiones De",,1,1,0,0,0,,0,1.11,6921,"La respuesta menciona más de un campeón: Soraka, Lux"
ministral-3-3b-instruct-2512,19,Mordekaiser,10,Lux  *(No hay campeones válidos que cumplan todas las restricciones exactas bajo el feedback actual. **Revisión final:**)  **Intento 9 (últimos ajustes):** **Lux**  --- *Nota: Como no hay opciones com,Lux,0,1,1,1,6,1,0,0.914,7033,"Se reconoció el campeón, pero había texto o puntuación adicional."
ministral-3-3b-instruct-2512,20,Diana,1,Ahri,Ahri,0,0,0,0,0,2,0,0.048,5246,
ministral-3-3b-instruct-2512,20,Diana,2,Aurora,Aurora,0,0,0,1,2,2,0,0.179,5394,
ministral-3-3b-instruct-2512,20,Diana,3,Aurora,Aurora,0,0,1,1,4,2,0,0.2,5582,
ministral-3-3b-instruct-2512,20,Diana,4,"Aurora *(repetido, ignóralo)*  **Intento válido:** Aurora no cumple con las restricciones de alcance/especie/regiones. Próximo intento:  **Ambessa**",,1,1,0,0,0,,0,0.754,5811,"La respuesta menciona más de un campeón: Ambessa, Aurora"
ministral-3-3b-instruct-2512,20,Diana,5,"Aurora *(repetido)*  **Intento válido:** Ionia|Freljord → **No coinciden en regiones/especie**, por lo que descartamos opciones como *Aurora* (es Vastayan, no Ionia/Freljord).  **Nuevo intento:** **Ne",,1,1,0,0,0,,0,0.889,5903,"La respuesta menciona más de un campeón: Aurora, Neeko"
ministral-3-3b-instruct-2512,20,Diana,6,"Aurora *(repetido)*  **Intento válido:** No cumple con regiones/especie (ambas GRIS). Próximo intento:  **Neeko** *(es Vastayan, pero no coincide en alcance ni año)* → **No**.  **Opción correcta según",,1,1,0,0,0,,0,0.876,6014,"La respuesta menciona más de un campeón: Aurora, Neeko"
ministral-3-3b-instruct-2512,20,Diana,7,Aurora  --- **Intento válido (según feedback):** - **Género:** Female ✅ - **Posiciones:** Middle/Top (Ambar) ✅ - **Recurso:** Mana ✅ - **Año:** 2011↑ → **,Aurora,0,1,1,1,4,2,0,0.888,6126,"Se reconoció el campeón, pero había texto o puntuación adicional."
ministral-3-3b-instruct-2512,20,Diana,8,"Aurora *(repetido, descartado)*  **Intento válido (cumple género, recurso y año):** **Aurora** no cumple alcance/especie/regiones.  --- **Opción correcta según restricciones:** **Aurora** → **No** (es",Aurora,0,1,1,1,4,2,0,1.035,6434,"Se reconoció el campeón, pero había texto o puntuación adicional."
ministral-3-3b-instruct-2512,20,Diana,9,"Aurora *(repetido)*  --- **Intento válido (cumple género, recurso y año <2024):** **Aurora** → **No** (Vastayan).  **Próximo intento:** **Aurora** no cumple alcance/especie/regiones.  --- **O",Aurora,0,1,1,1,4,2,0,1.04,6742,"Se reconoció el campeón, pero había texto o puntuación adicional."
ministral-3-3b-instruct-2512,20,Diana,10,"Aurora  --- **Intento válido (últimas opciones que cumplen género, recurso y año <2024):** **Aurora** → **No cumple alcance/especie/regiones**.  --- **Última opción posible según restricciones:** **Au",Aurora,0,1,1,1,4,2,0,1.061,7051,"Se reconoció el campeón, pero había texto o puntuación adicional."
ministral-3-3b-instruct-2512,21,Aatrox,1,Ahri,Ahri,0,0,0,0,0,0,0,0.049,5246,
ministral-3-3b-instruct-2512,21,Aatrox,2,Aurora,Aurora,0,0,0,1,5,0,0,0.176,5388,
ministral-3-3b-instruct-2512,21,Aatrox,3,Ambessa,Ambessa,0,0,0,1,2,2,0,0.213,5603,
ministral-3-3b-instruct-2512,21,Aatrox,4,Kai'Sa,Kai'Sa,0,0,0,1,6,0,0,0.23,5790,
ministral-3-3b-instruct-2512,21,Aatrox,5,Kled,Kled,0,0,0,1,1,3,0,0.234,6019,
ministral-3-3b-instruct-2512,21,Aatrox,6,Zaahen,Zaahen,0,0,0,1,3,3,0,0.216,6195,
ministral-3-3b-instruct-2512,21,Aatrox,7,Nasus,Nasus,0,0,0,1,3,3,0,0.225,6399,
ministral-3-3b-instruct-2512,21,Aatrox,8,K'Sante,K'Sante,0,0,0,1,4,3,0,0.241,6601,
ministral-3-3b-instruct-2512,21,Aatrox,9,Zaahen,Zaahen,0,0,1,1,3,3,0,0.298,6814,
ministral-3-3b-instruct-2512,21,Aatrox,10,Aatrox,Aatrox,0,0,0,0,0,7,1,0.301,7035,
ministral-3-3b-instruct-2512,22,Zeri,1,Ahri,Ahri,0,0,0,0,0,3,0,0.06,5246,
ministral-3-3b-instruct-2512,22,Zeri,2,Aurora,Aurora,0,0,0,1,2,3,0,0.197,5394,
ministral-3-3b-instruct-2512,22,Zeri,3,Ambessa,Ambessa,0,0,0,1,4,1,0,0.211,5583,
ministral-3-3b-instruct-2512,22,Zeri,4,Irelia,Irelia,0,0,0,1,5,2,0,0.231,5792,
ministral-3-3b-instruct-2512,22,Zeri,5,Karma,Karma,0,0,0,1,3,3,0,0.231,6015,
ministral-3-3b-instruct-2512,22,Zeri,6,Xayah,Xayah,0,0,0,1,2,4,0,0.236,6218,
ministral-3-3b-instruct-2512,22,Zeri,7,Jhin,Jhin,0,0,0,1,3,3,0,0.227,6405,
ministral-3-3b-instruct-2512,22,Zeri,8,Xayah,Xayah,0,0,1,1,3,4,0,0.235,6605,
ministral-3-3b-instruct-2512,22,Zeri,9,Nami,Nami,0,0,0,1,4,3,0,0.251,6822,
ministral-3-3b-instruct-2512,22,Zeri,10,Aurora,Aurora,0,0,1,1,5,3,0,0.258,7037,
ministral-3-3b-instruct-2512,23,Zac,1,Ahri,Ahri,0,0,0,0,0,0,0,0.05,5246,
ministral-3-3b-instruct-2512,23,Zac,2,Aurora,Aurora,0,0,0,1,5,0,0,0.181,5388,
ministral-3-3b-instruct-2512,23,Zac,3,Ambessa,Ambessa,0,0,0,1,3,1,0,0.217,5601,
ministral-3-3b-instruct-2512,23,Zac,4,Garen,Garen,0,0,0,1,3,2,0,0.213,5797,
ministral-3-3b-instruct-2512,23,Zac,5,K'Sante,K'Sante,0,0,0,1,3,2,0,0.233,5994,
ministral-3-3b-instruct-2512,23,Zac,6,Nasus,Nasus,0,0,0,1,4,2,0,0.21,6188,
ministral-3-3b-instruct-2512,23,Zac,7,Zaahen,Zaahen,0,0,0,1,3,2,0,0.238,6396,
ministral-3-3b-instruct-2512,23,Zac,8,Jax,Jax,0,0,0,1,4,2,0,0.227,6597,
ministral-3-3b-instruct-2512,23,Zac,9,Rammus,Rammus,0,0,0,1,5,2,0,0.252,6815,
ministral-3-3b-instruct-2512,23,Zac,10,Kai'Sa,Kai'Sa,0,0,0,1,7,0,0,0.277,7038,
ministral-3-3b-instruct-2512,24,Xerath,1,Ahri,Ahri,0,0,0,0,0,3,0,0.047,5246,
ministral-3-3b-instruct-2512,24,Xerath,2,Aurora,Aurora,0,0,0,1,3,2,0,0.178,5395,
ministral-3-3b-instruct-2512,24,Xerath,3,Anivia,Anivia,0,0,0,1,3,2,0,0.21,5598,
ministral-3-3b-instruct-2512,24,Xerath,4,Ashe,Ashe,0,0,0,1,3,2,0,0.212,5797,
ministral-3-3b-instruct-2512,24,Xerath,5,Nami,Nami,0,0,0,1,3,2,0,0.216,5999,
ministral-3-3b-instruct-2512,24,Xerath,6,Karma,Karma,0,0,0,1,3,4,0,0.221,6204,
ministral-3-3b-instruct-2512,24,Xerath,7,Karma,Karma,0,0,1,1,3,4,0,0.229,6403,
ministral-3-3b-instruct-2512,24,Xerath,8,Lux,Lux,0,0,0,1,3,3,0,0.236,6618,
ministral-3-3b-instruct-2512,24,Xerath,9,Sona,Sona,0,0,0,1,5,2,0,0.242,6820,
ministral-3-3b-instruct-2512,24,Xerath,10,Karma,Karma,0,0,1,1,3,4,0,0.254,7047,
ministral-3-3b-instruct-2512,25,Kog'Maw,1,Ahri,Ahri,0,0,0,0,0,2,0,0.047,5246,
ministral-3-3b-instruct-2512,25,Kog'Maw,2,Annie,Annie,0,0,0,1,2,2,0,0.184,5393,
ministral-3-3b-instruct-2512,25,Kog'Maw,3,Lux,Lux,0,0,0,1,3,3,0,0.204,5580,
ministral-3-3b-instruct-2512,25,Kog'Maw,4,Sona,Sona,0,0,0,1,4,3,0,0.213,5777,
ministral-3-3b-instruct-2512,25,Kog'Maw,5,Lux,Lux,0,0,1,1,4,3,0,0.215,5986,
ministral-3-3b-instruct-2512,25,Kog'Maw,6,Lissandra,Lissandra,0,0,0,1,4,2,0,0.241,6210,
ministral-3-3b-instruct-2512,25,Kog'Maw,7,Annie,Annie,0,0,1,1,5,2,0,0.233,6422,
ministral-3-3b-instruct-2512,25,Kog'Maw,8,Lux,Lux,0,0,1,1,4,3,0,0.249,6663,
ministral-3-3b-instruct-2512,25,Kog'Maw,9,"Lux  *(No puedo repetir campeones ni violar restricciones, pero como no hay opciones válidas que cumplan todas las condiciones exactas (género, posiciones, especie, regiones), revisaré la combinación ",,1,1,0,0,0,,0,1.04,6887,"La respuesta menciona más de un campeón: Sona, Lux"
ministral-3-3b-instruct-2512,25,Kog'Maw,10,Lulu,Lulu,0,0,0,1,3,2,0,0.121,6999,
ministral-3-3b-instruct-2512,26,Dr. Mundo,1,Ahri,Ahri,0,0,0,0,0,0,0,0.051,5246,
ministral-3-3b-instruct-2512,26,Dr. Mundo,2,Annie,Annie,0,0,0,1,4,1,0,0.178,5389,
ministral-3-3b-instruct-2512,26,Dr. Mundo,3,Lux,Lux,0,0,0,1,5,0,0,0.209,5595,
ministral-3-3b-instruct-2512,26,Dr. Mundo,4,Soraka,Soraka,0,0,0,1,5,1,0,0.254,5813,
ministral-3-3b-instruct-2512,26,Dr. Mundo,5,Soraka,Soraka,0,0,1,1,6,1,0,0.246,6025,
ministral-3-3b-instruct-2512,26,Dr. Mundo,6,Morgana,Morgana,0,0,0,1,5,1,0,0.241,6265,
ministral-3-3b-instruct-2512,26,Dr. Mundo,7,Leona,Leona,0,0,0,1,5,1,0,0.235,6486,
ministral-3-3b-instruct-2512,26,Dr. Mundo,8,Leona,Leona,0,0,1,1,5,1,0,0.236,6704,
ministral-3-3b-instruct-2512,26,Dr. Mundo,9,Taric,Taric,0,0,0,1,3,3,0,0.25,6938,
ministral-3-3b-instruct-2512,26,Dr. Mundo,10,Taric,Taric,0,0,1,1,3,3,0,0.234,7137,
ministral-3-3b-instruct-2512,27,Jhin,1,Ahri,Ahri,0,0,0,0,0,3,0,0.049,5246,
ministral-3-3b-instruct-2512,27,Jhin,2,Aurora,Aurora,0,0,0,1,4,2,0,0.179,5394,
ministral-3-3b-instruct-2512,27,Jhin,3,Neeko,Neeko,0,0,0,1,4,2,0,0.207,5602,
ministral-3-3b-instruct-2512,27,Jhin,4,Karma,Karma,0,0,0,1,3,4,0,0.213,5810,
ministral-3-3b-instruct-2512,27,Jhin,5,Jhin,Jhin,0,0,0,0,0,7,1,0.213,6012,
ministral-3-3b-instruct-2512,28,Malzahar,1,Ahri,Ahri,0,0,0,0,0,3,0,0.047,5246,
ministral-3-3b-instruct-2512,28,Malzahar,2,Aurora,Aurora,0,0,0,1,4,2,0,0.179,5395,
ministral-3-3b-instruct-2512,28,Malzahar,3,Anivia,Anivia,0,0,0,1,2,3,0,0.212,5607,
ministral-3-3b-instruct-2512,28,Malzahar,4,Karma,Karma,0,0,0,1,4,2,0,0.199,5791,
ministral-3-3b-instruct-2512,28,Malzahar,5,Karma,Karma,0,0,1,1,4,2,0,0.219,6004,
ministral-3-3b-instruct-2512,28,Malzahar,6,Karma *(revisado para cumplir restricciones)* → **Annie**,,1,1,0,0,0,,0,0.407,6233,"La respuesta menciona más de un campeón: Annie, Karma"
ministral-3-3b-instruct-2512,28,Malzahar,7,Sona,Sona,0,0,0,1,3,3,0,0.107,6297,
ministral-3-3b-instruct-2512,28,Malzahar,8,Lux,Lux,0,0,0,1,4,3,0,0.221,6495,
ministral-3-3b-instruct-2512,28,Malzahar,9,Sona,Sona,0,0,1,1,4,3,0,0.23,6705,
ministral-3-3b-instruct-2512,28,Malzahar,10,Lux,Lux,0,0,1,1,4,3,0,0.244,6931,
ministral-3-3b-instruct-2512,29,Soraka,1,Ahri,Ahri,0,0,0,0,0,3,0,0.047,5246,
ministral-3-3b-instruct-2512,29,Soraka,2,Annie,Annie,0,0,0,1,1,4,0,0.178,5397,
ministral-3-3b-instruct-2512,29,Soraka,3,Lux,Lux,0,0,0,1,3,3,0,0.197,5577,
ministral-3-3b-instruct-2512,29,Soraka,4,Soraka,Soraka,0,0,0,0,0,7,1,0.222,5783,
ministral-3-3b-instruct-2512,30,Ezreal,1,Ahri,Ahri,0,0,0,0,0,2,0,0.047,5246,
ministral-3-3b-instruct-2512,30,Ezreal,2,Annie,Annie,0,0,0,1,2,3,0,0.18,5393,
ministral-3-3b-instruct-2512,30,Ezreal,3,Lux,Lux,0,0,0,1,2,4,0,0.2,5582,
ministral-3-3b-instruct-2512,30,Ezreal,4,Sona,Sona,0,0,0,1,3,4,0,0.202,5769,
ministral-3-3b-instruct-2512,30,Ezreal,5,Lux,Lux,0,0,1,1,3,4,0,0.211,5968,
ministral-3-3b-instruct-2512,30,Ezreal,6,Lux *(revisado según restricciones)* → **Soraka**,,1,1,0,0,0,,0,0.48,6182,"La respuesta menciona más de un campeón: Soraka, Lux"
ministral-3-3b-instruct-2512,30,Ezreal,7,Lux  *(Ajustado a cumplir restricciones sin repetir y manteniendo solo el nombre válido).*,Lux,0,1,1,1,3,4,0,0.415,6246,"Se reconoció el campeón, pero había texto o puntuación adicional."
ministral-3-3b-instruct-2512,30,Ezreal,8,"Lux *(repetido, no válido)* → **Soraka** *(no cumple género ni regiones)*  --- **Intento correcto según restricciones:** **Lux** *(solo nombre, sin repetición y ajustado a año 2010)*.  *(Nota: No hay ",,1,1,0,0,0,,0,1.135,6498,"La respuesta menciona más de un campeón: Soraka, Lux"
ministral-3-3b-instruct-2512,30,Ezreal,9,"Lux  --- **Corrección final:** *(cumple género GRIS, posiciones GRIS, año VERDE y recurso/alcance VERDE)* *(No se repite y sigue restricciones técnicas)*",Lux,0,1,1,1,3,4,0,0.722,6610,"Se reconoció el campeón, pero había texto o puntuación adicional."
ministral-3-3b-instruct-2512,30,Ezreal,10,"Lux *(repetido)* → **No hay opción válida bajo restricciones actuales**  --- **Alternativa forzada (cumple año exacto 2010, especie/recurso/alcance):** **Soraka** *(pero género/regiones no coinciden)*",,1,1,0,0,0,,0,1.038,6885,"La respuesta menciona más de un campeón: Soraka, Lux"
ministral-3-8b-instruct-2512,1,Karma,1,Ahri,Ahri,0,0,0,0,0,5,0,6.816,5246,
ministral-3-8b-instruct-2512,1,Karma,2,Lissandra,Lissandra,0,0,0,1,2,3,0,0.354,5399,
ministral-3-8b-instruct-2512,1,Karma,3,Karma,Karma,0,0,0,0,0,7,1,0.362,5595,
ministral-3-8b-instruct-2512,2,Samira,1,Ahri,Ahri,0,0,0,0,0,3,0,0.087,5246,
ministral-3-8b-instruct-2512,2,Samira,2,Lissandra,Lissandra,0,0,0,1,1,3,0,0.353,5394,
ministral-3-8b-instruct-2512,2,Samira,3,Xayah,Xayah,0,0,0,1,2,4,0,0.349,5572,
ministral-3-8b-instruct-2512,2,Samira,4,Kai'Sa,Kai'Sa,0,0,0,0,0,4,0,0.41,5759,
ministral-3-8b-instruct-2512,2,Samira,5,Zeri,Zeri,0,0,0,0,0,4,0,0.346,5920,
ministral-3-8b-instruct-2512,2,Samira,6,Ezreal,Ezreal,0,0,0,1,2,3,0,0.343,6074,
ministral-3-8b-instruct-2512,2,Samira,7,Lux,Lux,0,0,0,1,3,3,0,0.383,6263,
ministral-3-8b-instruct-2512,2,Samira,8,Samira,Samira,0,0,0,0,0,7,1,0.385,6465,
ministral-3-8b-instruct-2512,3,Zoe,1,Ahri,Ahri,0,0,0,0,0,4,0,0.08,5246,
ministral-3-8b-instruct-2512,3,Zoe,2,Lissandra,Lissandra,0,0,0,0,0,4,0,0.357,5396,
ministral-3-8b-instruct-2512,3,Zoe,3,Karma,Karma,0,0,0,1,3,3,0,0.359,5551,
ministral-3-8b-instruct-2512,3,Zoe,4,Syndra,Syndra,0,0,0,1,2,4,0,0.426,5755,
ministral-3-8b-instruct-2512,3,Zoe,5,Lux,Lux,0,0,0,1,2,3,0,0.375,5948,
ministral-3-8b-instruct-2512,3,Zoe,6,Zoe,Zoe,0,0,0,0,0,7,1,0.38,6141,
ministral-3-8b-instruct-2512,4,Nocturne,1,Ahri,Ahri,0,0,0,0,0,2,0,0.085,5246,
ministral-3-8b-instruct-2512,4,Nocturne,2,Lux,Lux,0,0,0,1,4,1,0,0.326,5391,
ministral-3-8b-instruct-2512,4,Nocturne,3,Anivia,Anivia,0,0,0,1,4,1,0,0.371,5598,
ministral-3-8b-instruct-2512,4,Nocturne,4,Lissandra,Lissandra,0,0,0,1,6,1,0,0.401,5805,
ministral-3-8b-instruct-2512,4,Nocturne,5,Morgana,Morgana,0,0,0,1,6,1,0,0.398,6036,
ministral-3-8b-instruct-2512,4,Nocturne,6,Sona,Sona,0,0,0,1,6,1,0,0.413,6273,
ministral-3-8b-instruct-2512,4,Nocturne,7,Karma,Karma,0,0,0,1,5,2,0,0.413,6504,
ministral-3-8b-instruct-2512,4,Nocturne,8,Zoe,Zoe,0,0,0,1,6,1,0,0.409,6720,
ministral-3-8b-instruct-2512,4,Nocturne,9,Cassiopeia,Cassiopeia,0,0,0,1,5,1,0,0.525,6948,
ministral-3-8b-instruct-2512,4,Nocturne,10,LeBlanc,LeBlanc,0,0,0,1,6,1,0,0.456,7176,
ministral-3-8b-instruct-2512,5,Veigar,1,Ahri,Ahri,0,0,0,0,0,3,0,0.081,5246,
ministral-3-8b-instruct-2512,5,Veigar,2,Karma,Karma,0,0,0,1,4,2,0,0.33,5395,
ministral-3-8b-instruct-2512,5,Veigar,3,Lux,Lux,0,0,0,1,3,2,0,0.376,5606,
ministral-3-8b-instruct-2512,5,Veigar,4,Morgana,Morgana,0,0,0,1,4,3,0,0.368,5804,
ministral-3-8b-instruct-2512,5,Veigar,5,Sona,Sona,0,0,0,1,5,2,0,0.386,6020,
ministral-3-8b-instruct-2512,5,Veigar,6,Veigar,Veigar,0,0,0,0,0,7,1,0.396,6243,
ministral-3-8b-instruct-2512,6,LeBlanc,1,Ahri,Ahri,0,0,0,0,0,4,0,0.078,5246,
ministral-3-8b-instruct-2512,6,LeBlanc,2,Karma,Karma,0,0,0,1,3,3,0,0.327,5397,
ministral-3-8b-instruct-2512,6,LeBlanc,3,Lux,Lux,0,0,0,1,1,4,0,0.367,5602,
ministral-3-8b-instruct-2512,6,LeBlanc,4,Morgana,Morgana,0,0,0,1,3,3,0,0.371,5782,
ministral-3-8b-instruct-2512,6,LeBlanc,5,Syndra,Syndra,0,0,0,1,2,4,0,0.476,5994,
ministral-3-8b-instruct-2512,6,LeBlanc,6,Veigar,Veigar,0,0,0,1,2,3,0,0.4,6189,
ministral-3-8b-instruct-2512,6,LeBlanc,7,Lissandra,Lissandra,0,0,0,1,1,4,0,0.417,6384,
ministral-3-8b-instruct-2512,6,LeBlanc,8,Zoe,Zoe,0,0,0,1,2,4,0,0.378,6569,
ministral-3-8b-instruct-2512,6,LeBlanc,9,Cassiopeia,Cassiopeia,0,0,0,0,0,6,0,0.459,6762,
ministral-3-8b-instruct-2512,6,LeBlanc,10,LeBlanc,LeBlanc,0,0,0,0,0,7,1,0.397,6929,
ministral-3-8b-instruct-2512,7,Morgana,1,Ahri,Ahri,0,0,0,0,0,3,0,0.083,5246,
ministral-3-8b-instruct-2512,7,Morgana,2,Karma,Karma,0,0,0,1,2,4,0,0.327,5397,
ministral-3-8b-instruct-2512,7,Morgana,3,Lux,Lux,0,0,0,0,0,4,0,0.366,5592,
ministral-3-8b-instruct-2512,7,Morgana,4,Morgana,Morgana,0,0,0,0,0,7,1,0.341,5750,
ministral-3-8b-instruct-2512,8,Thresh,1,Ahri,Ahri,0,0,0,0,0,2,0,0.085,5246,
ministral-3-8b-instruct-2512,8,Thresh,2,Lux,Lux,0,0,0,1,3,2,0,0.324,5392,
ministral-3-8b-instruct-2512,8,Thresh,3,Neeko,Neeko,0,0,0,1,3,2,0,0.361,5592,
ministral-3-8b-instruct-2512,8,Thresh,4,Karma,Karma,0,0,0,1,5,2,0,0.369,5791,
ministral-3-8b-instruct-2512,8,Thresh,5,Sona,Sona,0,0,0,1,4,3,0,0.393,6014,
ministral-3-8b-instruct-2512,8,Thresh,6,Lulu,Lulu,0,0,0,1,1,3,0,0.392,6227,
ministral-3-8b-instruct-2512,8,Thresh,7,Seraphine,Seraphine,0,0,0,1,4,2,0,0.392,6400,
ministral-3-8b-instruct-2512,8,Thresh,8,Zoe,Zoe,0,0,0,1,4,2,0,0.404,6616,
ministral-3-8b-instruct-2512,8,Thresh,9,Morgana,Morgana,0,0,0,1,6,2,0,0.399,6820,
ministral-3-8b-instruct-2512,8,Thresh,10,Vel'Koz,Vel'Koz,0,0,0,0,0,4,0,0.481,7061,
ministral-3-8b-instruct-2512,9,Ashe,1,Ahri,Ahri,0,0,0,0,0,3,0,0.08,5246,
ministral-3-8b-instruct-2512,9,Ashe,2,Karma,Karma,0,0,0,1,3,3,0,0.328,5395,
ministral-3-8b-instruct-2512,9,Ashe,3,Sona,Sona,0,0,0,1,1,3,0,0.37,5601,
ministral-3-8b-instruct-2512,9,Ashe,4,Lux,Lux,0,0,0,1,3,3,0,0.391,5783,
ministral-3-8b-instruct-2512,9,Ashe,5,Morgana,Morgana,0,0,0,1,2,4,0,0.379,5989,
ministral-3-8b-instruct-2512,9,Ashe,6,Leona,Leona,0,0,0,1,3,2,0,0.379,6188,
ministral-3-8b-instruct-2512,9,Ashe,7,Soraka,Soraka,0,0,0,1,1,4,0,0.407,6390,
ministral-3-8b-instruct-2512,9,Ashe,8,Janna,Janna,0,0,0,0,0,4,0,0.369,6569,
ministral-3-8b-instruct-2512,9,Ashe,9,Zilean,Zilean,0,0,0,1,2,3,0,0.385,6724,
ministral-3-8b-instruct-2512,9,Ashe,10,Lulu,Lulu,0,0,0,1,1,3,0,0.397,6923,
ministral-3-8b-instruct-2512,10,Zilean,1,Ahri,Ahri,0,0,0,0,0,2,0,0.078,5246,
ministral-3-8b-instruct-2512,10,Zilean,2,Cassiopeia,Cassiopeia,0,0,0,1,2,2,0,0.399,5393,
ministral-3-8b-instruct-2512,10,Zilean,3,LeBlanc,LeBlanc,0,0,0,1,3,2,0,0.401,5590,
ministral-3-8b-instruct-2512,10,Zilean,4,Veigar,Veigar,0,0,0,1,1,4,0,0.393,5793,
ministral-3-8b-instruct-2512,10,Zilean,5,Twisted Fate,Twisted Fate,0,0,0,1,1,5,0,0.412,5977,
ministral-3-8b-instruct-2512,10,Zilean,6,Ezreal,Ezreal,0,0,0,1,2,4,0,0.39,6158,
ministral-3-8b-instruct-2512,10,Zilean,7,Corki,Corki,0,0,0,1,4,4,0,0.432,6350,
ministral-3-8b-instruct-2512,10,Zilean,8,Ryze,Ryze,0,0,0,1,2,4,0,0.437,6566,
ministral-3-8b-instruct-2512,10,Zilean,9,Veigar,Veigar,0,0,1,1,4,4,0,0.419,6762,
ministral-3-8b-instruct-2512,10,Zilean,10,Vel'Koz,Vel'Koz,0,0,0,1,2,4,0,0.52,7000,
ministral-3-8b-instruct-2512,11,Xin Zhao,1,Ahri,Ahri,0,0,0,0,0,1,0,0.092,5246,
ministral-3-8b-instruct-2512,11,Xin Zhao,2,Soraka,Soraka,0,0,0,1,2,1,0,0.381,5393,
ministral-3-8b-instruct-2512,11,Xin Zhao,3,Lux,Lux,0,0,0,1,3,2,0,0.378,5576,
ministral-3-8b-instruct-2512,11,Xin Zhao,4,Morgana,Morgana,0,0,0,1,4,1,0,0.399,5773,
ministral-3-8b-instruct-2512,11,Xin Zhao,5,Karma,Karma,0,0,0,1,4,1,0,0.41,5991,
ministral-3-8b-instruct-2512,11,Xin Zhao,6,Sona,Sona,0,0,0,1,3,2,0,0.415,6203,
ministral-3-8b-instruct-2512,11,Xin Zhao,7,Leona,Leona,0,0,0,1,3,2,0,0.409,6401,
ministral-3-8b-instruct-2512,11,Xin Zhao,8,Janna,Janna,0,0,0,1,5,1,0,0.418,6600,
ministral-3-8b-instruct-2512,11,Xin Zhao,9,Cassiopeia,Cassiopeia,0,0,0,1,5,2,0,0.497,6819,
ministral-3-8b-instruct-2512,11,Xin Zhao,10,Katarina,Katarina,0,0,0,1,4,2,0,0.444,7047,
ministral-3-8b-instruct-2512,12,Tryndamere,1,Ahri,Ahri,0,0,0,0,0,0,0,0.083,5246,
ministral-3-8b-instruct-2512,12,Tryndamere,2,Soraka,Soraka,0,0,0,1,4,1,0,0.346,5389,
ministral-3-8b-instruct-2512,12,Tryndamere,3,Leona,Leona,0,0,0,1,5,1,0,0.364,5590,
ministral-3-8b-instruct-2512,12,Tryndamere,4,Morgana,Morgana,0,0,0,1,6,1,0,0.382,5808,
ministral-3-8b-instruct-2512,12,Tryndamere,5,Katarina,Katarina,0,0,0,1,2,2,0,0.419,6040,
ministral-3-8b-instruct-2512,12,Tryndamere,6,Riven,Riven,0,0,0,1,4,2,0,0.365,6224,
ministral-3-8b-instruct-2512,12,Tryndamere,7,Garen,Garen,0,0,0,1,3,3,0,0.397,6437,
ministral-3-8b-instruct-2512,12,Tryndamere,8,Tryndamere,Tryndamere,0,0,0,0,0,7,1,0.439,6638,
ministral-3-8b-instruct-2512,13,Pantheon,1,Ahri,Ahri,0,0,0,0,0,1,0,0.081,5246,
ministral-3-8b-instruct-2512,13,Pantheon,2,Soraka,Soraka,0,0,0,1,3,1,0,0.348,5391,
ministral-3-8b-instruct-2512,13,Pantheon,3,Lux,Lux,0,0,0,1,3,2,0,0.361,5587,
ministral-3-8b-instruct-2512,13,Pantheon,4,Morgana,Morgana,0,0,0,1,5,1,0,0.374,5784,
ministral-3-8b-instruct-2512,13,Pantheon,5,Sona,Sona,0,0,0,1,3,2,0,0.478,6015,
ministral-3-8b-instruct-2512,13,Pantheon,6,Karma,Karma,0,0,0,1,5,1,0,0.409,6213,
ministral-3-8b-instruct-2512,13,Pantheon,7,Lissandra,Lissandra,0,0,0,1,4,1,0,0.446,6436,
ministral-3-8b-instruct-2512,13,Pantheon,8,Veigar,Veigar,0,0,0,1,3,2,0,0.398,6646,
ministral-3-8b-instruct-2512,13,Pantheon,9,Ryze,Ryze,0,0,0,1,4,2,0,0.409,6850,
ministral-3-8b-instruct-2512,13,Pantheon,10,Syndra,Syndra,0,0,0,1,6,1,0,0.438,7064,
ministral-3-8b-instruct-2512,14,Vladimir,1,Ahri,Ahri,0,0,0,0,0,2,0,0.081,5246,
ministral-3-8b-instruct-2512,14,Vladimir,2,Cassiopeia,Cassiopeia,0,0,0,1,2,4,0,0.398,5393,
ministral-3-8b-instruct-2512,14,Vladimir,3,LeBlanc,LeBlanc,0,0,0,1,2,4,0,0.387,5589,
ministral-3-8b-instruct-2512,14,Vladimir,4,Morgana,Morgana,0,0,0,1,5,1,0,0.361,5779,
ministral-3-8b-instruct-2512,14,Vladimir,5,Syndra,Syndra,0,0,0,1,5,2,0,0.421,6012,
ministral-3-8b-instruct-2512,14,Vladimir,6,Veigar,Veigar,0,0,0,1,3,3,0,0.401,6239,
ministral-3-8b-instruct-2512,14,Vladimir,7,Ryze,Ryze,0,0,0,1,2,4,0,0.395,6452,
ministral-3-8b-instruct-2512,14,Vladimir,8,Swain,Swain,0,0,0,1,2,4,0,0.379,6645,
ministral-3-8b-instruct-2512,14,Vladimir,9,Kassadin,Kassadin,0,0,0,1,4,2,0,0.407,6838,
ministral-3-8b-instruct-2512,14,Vladimir,10,Zed,Zed,0,0,0,1,5,2,0,0.424,7059,
ministral-3-8b-instruct-2512,15,Lissandra,1,Ahri,Ahri,0,0,0,0,0,4,0,0.081,5246,
ministral-3-8b-instruct-2512,15,Lissandra,2,Lissandra,Lissandra,0,0,0,0,0,7,1,0.353,5396,
ministral-3-8b-instruct-2512,16,Elise,1,Ahri,Ahri,0,0,0,0,0,3,0,0.082,5246,
ministral-3-8b-instruct-2512,16,Elise,2,Lissandra,Lissandra,0,0,0,1,1,3,0,0.35,5394,
ministral-3-8b-instruct-2512,16,Elise,3,Ashe,Ashe,0,0,0,1,2,3,0,0.35,5573,
ministral-3-8b-instruct-2512,16,Elise,4,Senna,Senna,0,0,0,1,2,3,0,0.366,5766,
ministral-3-8b-instruct-2512,16,Elise,5,Lux,Lux,0,0,0,1,2,3,0,0.37,5961,
ministral-3-8b-instruct-2512,16,Elise,6,Xayah,Xayah,0,0,0,1,4,3,0,0.367,6153,
ministral-3-8b-instruct-2512,16,Elise,7,Caitlyn,Caitlyn,0,0,0,1,2,3,0,0.415,6364,
ministral-3-8b-instruct-2512,16,Elise,8,Ezreal,Ezreal,0,0,0,1,4,2,0,0.406,6552,
ministral-3-8b-instruct-2512,16,Elise,9,Miss Fortune,Miss Fortune,0,0,0,1,2,3,0,0.399,6761,
ministral-3-8b-instruct-2512,16,Elise,10,Yunara,Yunara,0,0,0,1,3,3,0,0.416,6950,
ministral-3-8b-instruct-2512,17,Ekko,1,Ahri,Ahri,0,0,0,0,0,1,0,0.081,5246,
ministral-3-8b-instruct-2512,17,Ekko,2,Lissandra,Lissandra,0,0,0,1,2,1,0,0.349,5392,
ministral-3-8b-instruct-2512,17,Ekko,3,Syndra,Syndra,0,0,0,1,4,1,0,0.377,5577,
ministral-3-8b-instruct-2512,17,Ekko,4,Lux,Lux,0,0,0,1,3,1,0,0.373,5786,
ministral-3-8b-instruct-2512,17,Ekko,5,Zoe,Zoe,0,0,0,1,2,1,0,0.372,5985,
ministral-3-8b-instruct-2512,17,Ekko,6,Karma,Karma,0,0,0,1,4,1,0,0.369,6168,
ministral-3-8b-instruct-2512,17,Ekko,7,Morgana,Morgana,0,0,0,1,4,1,0,0.393,6378,
ministral-3-8b-instruct-2512,17,Ekko,8,Seraphine,Seraphine,0,0,0,1,3,1,0,0.423,6595,
ministral-3-8b-instruct-2512,17,Ekko,9,LeBlanc,LeBlanc,0,0,0,1,3,1,0,0.422,6799,
ministral-3-8b-instruct-2512,17,Ekko,10,Cassiopeia,Cassiopeia,0,0,0,1,4,1,0,0.47,7001,
ministral-3-8b-instruct-2512,18,Briar,1,Ahri,Ahri,0,0,0,0,0,1,0,0.078,5246,
ministral-3-8b-instruct-2512,18,Briar,2,Aurora,Aurora,0,0,0,1,4,1,0,0.323,5390,
ministral-3-8b-instruct-2512,18,Briar,3,Ambessa,Ambessa,0,0,0,1,2,2,0,0.37,5595,
ministral-3-8b-instruct-2512,18,Briar,4,Camille,Camille,0,0,0,1,3,2,0,0.383,5785,
ministral-3-8b-instruct-2512,18,Briar,5,Fiora,Fiora,0,0,0,1,4,2,0,0.39,5980,
ministral-3-8b-instruct-2512,18,Briar,6,Riven,Riven,0,0,0,1,4,2,0,0.385,6186,
ministral-3-8b-instruct-2512,18,Briar,7,Illaoi,Illaoi,0,0,0,1,4,2,0,0.419,6400,
ministral-3-8b-instruct-2512,18,Briar,8,Yone,Yone,0,0,0,1,5,1,0,0.393,6610,
ministral-3-8b-instruct-2512,18,Briar,9,Katarina,Katarina,0,0,0,1,4,3,0,0.459,6829,
ministral-3-8b-instruct-2512,18,Briar,10,Diana,Diana,0,0,0,1,5,2,0,0.441,7041,
ministral-3-8b-instruct-2512,19,Mordekaiser,1,Ahri,Ahri,0,0,0,0,0,0,0,0.091,5246,
ministral-3-8b-instruct-2512,19,Mordekaiser,2,Soraka,Soraka,0,0,0,1,4,0,0,0.372,5389,
ministral-3-8b-instruct-2512,19,Mordekaiser,3,Lux,Lux,0,0,0,1,4,1,0,0.389,5589,
ministral-3-8b-instruct-2512,19,Mordekaiser,4,Karma,Karma,0,0,0,1,7,0,0,0.393,5790,
ministral-3-8b-instruct-2512,19,Mordekaiser,5,Morgana,Morgana,0,0,0,1,7,0,0,0.429,6029,
ministral-3-8b-instruct-2512,19,Mordekaiser,6,Leona,Leona,0,0,0,1,6,1,0,0.442,6274,
ministral-3-8b-instruct-2512,19,Mordekaiser,7,Janna,Janna,0,0,0,1,6,0,0,0.437,6502,
ministral-3-8b-instruct-2512,19,Mordekaiser,8,"Leona (no cumple alcance melee, error previo) **Corrección válida según restricciones:** **Rammus**",,1,1,0,0,0,,0,1.165,6729,"La respuesta menciona más de un campeón: Rammus, Leona"
ministral-3-8b-instruct-2512,19,Mordekaiser,9,Alistar,Alistar,0,0,0,1,3,2,0,0.217,6807,
ministral-3-8b-instruct-2512,19,Mordekaiser,10,Braum,Braum,0,0,0,1,4,2,0,0.431,7011,
ministral-3-8b-instruct-2512,20,Diana,1,Ahri,Ahri,0,0,0,0,0,2,0,0.093,5246,
ministral-3-8b-instruct-2512,20,Diana,2,Lissandra,Lissandra,0,0,0,1,1,2,0,0.377,5394,
ministral-3-8b-instruct-2512,20,Diana,3,Morgana,Morgana,0,0,0,1,2,2,0,0.376,5572,
ministral-3-8b-instruct-2512,20,Diana,4,Karma,Karma,0,0,0,1,3,2,0,0.367,5772,
ministral-3-8b-instruct-2512,20,Diana,5,Lux,Lux,0,0,0,1,2,2,0,0.381,5974,
ministral-3-8b-instruct-2512,20,Diana,6,Sona,Sona,0,0,0,1,3,2,0,0.369,6165,
ministral-3-8b-instruct-2512,20,Diana,7,Seraphine,Seraphine,0,0,0,1,3,2,0,0.408,6366,
ministral-3-8b-instruct-2512,20,Diana,8,LeBlanc,LeBlanc,0,0,0,1,2,2,0,0.416,6571,
ministral-3-8b-instruct-2512,20,Diana,9,Syndra,Syndra,0,0,0,1,2,3,0,0.414,6764,
ministral-3-8b-instruct-2512,20,Diana,10,Veigar,Veigar,0,0,0,1,3,1,0,0.387,6953,
ministral-3-8b-instruct-2512,21,Aatrox,1,Ahri,Ahri,0,0,0,0,0,0,0,0.079,5246,
ministral-3-8b-instruct-2512,21,Aatrox,2,Aurora,Aurora,0,0,0,1,5,0,0,0.323,5388,
ministral-3-8b-instruct-2512,21,Aatrox,3,Ambessa,Ambessa,0,0,0,1,2,2,0,0.372,5603,
ministral-3-8b-instruct-2512,21,Aatrox,4,Fiora,Fiora,0,0,0,1,3,2,0,0.384,5790,
ministral-3-8b-instruct-2512,21,Aatrox,5,Illaoi,Illaoi,0,0,0,1,3,2,0,0.388,5981,
ministral-3-8b-instruct-2512,21,Aatrox,6,Camille,Camille,0,0,0,1,5,2,0,0.4,6177,
ministral-3-8b-instruct-2512,21,Aatrox,7,Riven,Riven,0,0,0,1,4,3,0,0.402,6397,
ministral-3-8b-instruct-2512,21,Aatrox,8,Garen,Garen,0,0,0,1,3,4,0,0.418,6610,
ministral-3-8b-instruct-2512,21,Aatrox,9,Yone,Yone,0,0,0,1,5,3,0,0.448,6811,
ministral-3-8b-instruct-2512,21,Aatrox,10,Jax,Jax,0,0,0,1,4,2,0,0.457,7042,
ministral-3-8b-instruct-2512,22,Zeri,1,Ahri,Ahri,0,0,0,0,0,3,0,0.094,5246,
ministral-3-8b-instruct-2512,22,Zeri,2,Lissandra,Lissandra,0,0,0,1,1,3,0,0.361,5394,
ministral-3-8b-instruct-2512,22,Zeri,3,Xayah,Xayah,0,0,0,1,2,4,0,0.356,5572,
ministral-3-8b-instruct-2512,22,Zeri,4,Kai'Sa,Kai'Sa,0,0,0,0,0,4,0,0.431,5759,
ministral-3-8b-instruct-2512,22,Zeri,5,Zeri,Zeri,0,0,0,0,0,7,1,0.376,5918,
ministral-3-8b-instruct-2512,23,Zac,1,Ahri,Ahri,0,0,0,0,0,0,0,0.087,5246,
ministral-3-8b-instruct-2512,23,Zac,2,Aurora,Aurora,0,0,0,1,5,0,0,0.335,5388,
ministral-3-8b-instruct-2512,23,Zac,3,Sivir,Sivir,0,0,0,1,4,0,0,0.384,5601,
ministral-3-8b-instruct-2512,23,Zac,4,Kai'Sa,Kai'Sa,0,0,0,1,6,0,0,0.417,5800,
ministral-3-8b-instruct-2512,23,Zac,5,Caitlyn,Caitlyn,0,0,0,1,6,0,0,0.41,6028,
ministral-3-8b-instruct-2512,23,Zac,6,Ezreal,Ezreal,0,0,0,1,6,1,0,0.396,6250,
ministral-3-8b-instruct-2512,23,Zac,7,Lucian,Lucian,0,0,0,1,4,2,0,0.405,6477,
ministral-3-8b-instruct-2512,23,Zac,8,Jinx,Jinx,0,0,0,1,6,2,0,0.393,6680,
ministral-3-8b-instruct-2512,23,Zac,9,Twitch,Twitch,0,0,0,1,5,2,0,0.412,6905,
ministral-3-8b-instruct-2512,23,Zac,10,Ziggs,Ziggs,0,0,0,1,4,2,0,0.441,7127,
ministral-3-8b-instruct-2512,24,Xerath,1,Ahri,Ahri,0,0,0,0,0,3,0,0.079,5246,
ministral-3-8b-instruct-2512,24,Xerath,2,Karma,Karma,0,0,0,1,2,4,0,0.325,5395,
ministral-3-8b-instruct-2512,24,Xerath,3,Lux,Lux,0,0,0,1,3,3,0,0.355,5582,
ministral-3-8b-instruct-2512,24,Xerath,4,Morgana,Morgana,0,0,0,1,4,3,0,0.365,5784,
ministral-3-8b-instruct-2512,24,Xerath,5,Sona,Sona,0,0,0,1,5,2,0,0.395,6004,
ministral-3-8b-instruct-2512,24,Xerath,6,Lissandra,Lissandra,0,0,0,1,4,2,0,0.42,6230,
ministral-3-8b-instruct-2512,24,Xerath,7,Neeko,Neeko,0,0,0,1,3,3,0,0.397,6445,
ministral-3-8b-instruct-2512,24,Xerath,8,Zoe,Zoe,0,0,0,1,5,2,0,0.395,6648,
ministral-3-8b-instruct-2512,24,Xerath,9,Twisted Fate,Twisted Fate,0,0,0,1,3,3,0,0.439,6871,
ministral-3-8b-instruct-2512,24,Xerath,10,Ezreal,Ezreal,0,0,0,1,3,3,0,0.406,7080,
ministral-3-8b-instruct-2512,25,Kog'Maw,1,Ahri,Ahri,0,0,0,0,0,2,0,0.079,5246,
ministral-3-8b-instruct-2512,25,Kog'Maw,2,Cassiopeia,Cassiopeia,0,0,0,1,2,3,0,0.397,5393,
ministral-3-8b-instruct-2512,25,Kog'Maw,3,Lux,Lux,0,0,0,1,3,3,0,0.362,5586,
ministral-3-8b-instruct-2512,25,Kog'Maw,4,Ezreal,Ezreal,0,0,0,1,1,5,0,0.365,5783,
ministral-3-8b-instruct-2512,25,Kog'Maw,5,Miss Fortune,Miss Fortune,0,0,0,1,3,4,0,0.352,5961,
ministral-3-8b-instruct-2512,25,Kog'Maw,6,Draven,Draven,0,0,0,1,3,4,0,0.365,6155,
ministral-3-8b-instruct-2512,25,Kog'Maw,7,Jinx,Jinx,0,0,0,1,4,3,0,0.376,6357,
ministral-3-8b-instruct-2512,25,Kog'Maw,8,Teemo,Teemo,0,0,0,1,2,3,0,0.396,6570,
ministral-3-8b-instruct-2512,25,Kog'Maw,9,Corki,Corki,0,0,0,1,5,3,0,0.409,6758,
ministral-3-8b-instruct-2512,25,Kog'Maw,10,Ezreal,Ezreal,0,0,1,1,2,5,0,0.415,6985,
ministral-3-8b-instruct-2512,26,Dr. Mundo,1,Ahri,Ahri,0,0,0,0,0,0,0,0.082,5246,
ministral-3-8b-instruct-2512,26,Dr. Mundo,2,Soraka,Soraka,0,0,0,1,4,1,0,0.347,5389,
ministral-3-8b-instruct-2512,26,Dr. Mundo,3,Leona,Leona,0,0,0,1,5,1,0,0.358,5590,
ministral-3-8b-instruct-2512,26,Dr. Mundo,4,Morgana,Morgana,0,0,0,1,6,1,0,0.375,5808,
ministral-3-8b-instruct-2512,26,Dr. Mundo,5,Katarina,Katarina,0,0,0,1,2,2,0,0.414,6040,
ministral-3-8b-instruct-2512,26,Dr. Mundo,6,Riven,Riven,0,0,0,1,4,1,0,0.364,6224,
ministral-3-8b-instruct-2512,26,Dr. Mundo,7,Fiora,Fiora,0,0,0,1,4,1,0,0.417,6437,
ministral-3-8b-instruct-2512,26,Dr. Mundo,8,Garen,Garen,0,0,0,1,3,2,0,0.392,6645,
ministral-3-8b-instruct-2512,26,Dr. Mundo,9,Jax,Jax,0,0,0,1,1,4,0,0.391,6846,
ministral-3-8b-instruct-2512,26,Dr. Mundo,10,Gangplank,Gangplank,0,0,0,1,2,3,0,0.43,7030,
ministral-3-8b-instruct-2512,27,Jhin,1,Ahri,Ahri,0,0,0,0,0,3,0,0.078,5246,
ministral-3-8b-instruct-2512,27,Jhin,2,Lux,Lux,0,0,0,1,4,2,0,0.324,5394,
ministral-3-8b-instruct-2512,27,Jhin,3,Syndra,Syndra,0,0,0,1,2,3,0,0.394,5605,
ministral-3-8b-instruct-2512,27,Jhin,4,Zeri,Zeri,0,0,0,1,2,3,0,0.354,5792,
ministral-3-8b-instruct-2512,27,Jhin,5,Ezreal,Ezreal,0,0,0,1,2,4,0,0.359,5979,
ministral-3-8b-instruct-2512,27,Jhin,6,Jhin,Jhin,0,0,0,0,0,7,1,0.366,6171,
ministral-3-8b-instruct-2512,28,Malzahar,1,Ahri,Ahri,0,0,0,0,0,3,0,0.079,5246,
ministral-3-8b-instruct-2512,28,Malzahar,2,Karma,Karma,0,0,0,1,4,2,0,0.326,5395,
ministral-3-8b-instruct-2512,28,Malzahar,3,Lux,Lux,0,0,0,1,2,3,0,0.37,5608,
ministral-3-8b-instruct-2512,28,Malzahar,4,Morgana,Morgana,0,0,0,1,4,2,0,0.358,5796,
ministral-3-8b-instruct-2512,28,Malzahar,5,Sona,Sona,0,0,0,1,3,3,0,0.398,6016,
ministral-3-8b-instruct-2512,28,Malzahar,6,Veigar,Veigar,0,0,0,1,1,4,0,0.376,6214,
ministral-3-8b-instruct-2512,28,Malzahar,7,Corki,Corki,0,0,0,1,3,4,0,0.396,6401,
ministral-3-8b-instruct-2512,28,Malzahar,8,Ezreal,Ezreal,0,0,0,1,2,4,0,0.39,6608,
ministral-3-8b-instruct-2512,28,Malzahar,9,Zoe,Zoe,0,0,0,1,4,3,0,0.387,6795,
ministral-3-8b-instruct-2512,28,Malzahar,10,Twisted Fate,Twisted Fate,0,0,0,1,3,3,0,0.443,7007,
ministral-3-8b-instruct-2512,29,Soraka,1,Ahri,Ahri,0,0,0,0,0,3,0,0.081,5246,
ministral-3-8b-instruct-2512,29,Soraka,2,Karma,Karma,0,0,0,1,2,3,0,0.333,5397,
ministral-3-8b-instruct-2512,29,Soraka,3,Sona,Sona,0,0,0,1,1,4,0,0.368,5592,
ministral-3-8b-instruct-2512,29,Soraka,4,Lux,Lux,0,0,0,1,4,3,0,0.352,5775,
ministral-3-8b-instruct-2512,29,Soraka,5,Morgana,Morgana,0,0,0,1,4,4,0,0.38,5990,
ministral-3-8b-instruct-2512,29,Soraka,6,Janna,Janna,0,0,0,0,0,5,0,0.393,6211,
ministral-3-8b-instruct-2512,29,Soraka,7,Soraka,Soraka,0,0,0,0,0,7,1,0.374,6366,
ministral-3-8b-instruct-2512,30,Ezreal,1,Ahri,Ahri,0,0,0,0,0,2,0,0.08,5246,
ministral-3-8b-instruct-2512,30,Ezreal,2,Cassiopeia,Cassiopeia,0,0,0,1,2,3,0,0.395,5393,
ministral-3-8b-instruct-2512,30,Ezreal,3,LeBlanc,LeBlanc,0,0,0,1,3,3,0,0.378,5588,
ministral-3-8b-instruct-2512,30,Ezreal,4,Veigar,Veigar,0,0,0,1,2,3,0,0.367,5788,
ministral-3-8b-instruct-2512,30,Ezreal,5,Ryze,Ryze,0,0,0,1,3,3,0,0.37,5984,
ministral-3-8b-instruct-2512,30,Ezreal,6,Syndra,Syndra,0,0,0,1,5,3,0,0.406,6189,
ministral-3-8b-instruct-2512,30,Ezreal,7,Ezreal,Ezreal,0,0,0,0,0,7,1,0.398,6411,
qwen2.5-7b-instruct,1,Karma,1,Aatrox,Aatrox,0,0,0,0,0,0,0,5.811,5001,
qwen2.5-7b-instruct,1,Karma,2,Ahri,Ahri,0,0,0,0,0,5,0,0.293,5169,
qwen2.5-7b-instruct,1,Karma,3,Akali,Akali,0,0,0,1,5,2,0,0.295,5339,
qwen2.5-7b-instruct,1,Karma,4,Anivia,Anivia,0,0,0,1,2,3,0,0.342,5583,
qwen2.5-7b-instruct,1,Karma,5,Annie,Annie,0,0,0,1,3,3,0,0.327,5791,
qwen2.5-7b-instruct,1,Karma,6,Aphelios,Aphelios,0,0,0,1,4,3,0,0.388,6018,
qwen2.5-7b-instruct,1,Karma,7,Ashe,Ashe,0,0,0,1,5,3,0,0.325,6248,
qwen2.5-7b-instruct,1,Karma,8,Aurelion Sol,Aurelion Sol,0,0,0,1,6,2,0,0.383,6501,
qwen2.5-7b-instruct,1,Karma,9,Aurora,Aurora,0,0,0,1,6,3,0,0.44,6764,
qwen2.5-7b-instruct,1,Karma,10,Azir,Azir,0,0,0,1,6,2,0,0.426,7028,
qwen2.5-7b-instruct,2,Samira,1,Aatrox,Aatrox,0,0,0,0,0,0,0,0.086,5001,
qwen2.5-7b-instruct,2,Samira,2,Ahri,Ahri,0,0,0,1,1,3,0,0.274,5172,
qwen2.5-7b-instruct,2,Samira,3,Akali,Akali,0,0,0,1,6,2,0,0.284,5363,
qwen2.5-7b-instruct,2,Samira,4,Akshan,Akshan,0,0,0,1,3,3,0,0.322,5613,
qwen2.5-7b-instruct,2,Samira,5,Alistar,Alistar,0,0,0,1,6,1,0,0.325,5826,
qwen2.5-7b-instruct,2,Samira,6,Ambessa,Ambessa,0,0,0,1,6,2,0,0.335,6084,
qwen2.5-7b-instruct,2,Samira,7,Amumu,Amumu,0,0,0,1,6,1,0,0.341,6340,
qwen2.5-7b-instruct,2,Samira,8,Anivia,Anivia,0,0,0,1,3,3,0,0.344,6596,
qwen2.5-7b-instruct,2,Samira,9,Annie,Annie,0,0,0,1,3,3,0,0.325,6813,
qwen2.5-7b-instruct,2,Samira,10,Aphelios,Aphelios,0,0,0,1,3,3,0,0.377,7041,
qwen2.5-7b-instruct,3,Zoe,1,Aatrox,Aatrox,0,0,0,0,0,0,0,0.085,5001,
qwen2.5-7b-instruct,3,Zoe,2,Ahri,Ahri,0,0,0,1,1,4,0,0.273,5169,
qwen2.5-7b-instruct,3,Zoe,3,Akali,Akali,0,0,0,1,7,1,0,0.287,5361,
qwen2.5-7b-instruct,3,Zoe,4,Akshan,Akshan,0,0,0,1,3,3,0,0.404,5627,
qwen2.5-7b-instruct,3,Zoe,5,Alistar,Alistar,0,0,0,1,7,1,0,0.326,5840,
qwen2.5-7b-instruct,3,Zoe,6,Ambessa,Ambessa,0,0,0,1,8,1,0,0.408,6106,
qwen2.5-7b-instruct,3,Zoe,7,Amumu,Amumu,0,0,0,1,7,1,0,0.423,6384,
qwen2.5-7b-instruct,3,Zoe,8,Anivia,Anivia,0,0,0,1,1,4,0,0.418,6648,
qwen2.5-7b-instruct,3,Zoe,9,Annie,Annie,0,0,0,1,2,4,0,0.307,6842,
qwen2.5-7b-instruct,3,Zoe,10,Aphelios,Aphelios,0,0,0,1,3,3,0,0.367,7056,
qwen2.5-7b-instruct,4,Nocturne,1,Aatrox,Aatrox,0,0,0,0,0,1,0,0.086,5001,
qwen2.5-7b-instruct,4,Nocturne,2,Ahri,Ahri,0,0,0,1,1,2,0,0.276,5173,
qwen2.5-7b-instruct,4,Nocturne,3,Akali,Akali,0,0,0,1,5,1,0,0.284,5358,
qwen2.5-7b-instruct,4,Nocturne,4,Akshan,Akshan,0,0,0,1,6,1,0,0.315,5594,
qwen2.5-7b-instruct,4,Nocturne,5,Alistar,Alistar,0,0,0,1,2,2,0,0.346,5843,
qwen2.5-7b-instruct,4,Nocturne,6,Ambessa,Ambessa,0,0,0,1,6,1,0,0.308,6053,
qwen2.5-7b-instruct,4,Nocturne,7,Amumu,Amumu,0,0,0,1,3,3,0,0.336,6305,
qwen2.5-7b-instruct,4,Nocturne,8,Anivia,Anivia,0,0,0,1,6,1,0,0.327,6523,
qwen2.5-7b-instruct,4,Nocturne,9,Annie,Annie,0,0,0,1,8,1,0,0.349,6776,
qwen2.5-7b-instruct,4,Nocturne,10,Aphelios,Aphelios,0,0,0,1,6,1,0,0.481,7059,
qwen2.5-7b-instruct,5,Veigar,1,Aatrox,Aatrox,0,0,0,0,0,1,0,0.089,5001,
qwen2.5-7b-instruct,5,Veigar,2,Ahri,Ahri,0,0,0,1,1,3,0,0.279,5173,
qwen2.5-7b-instruct,5,Veigar,3,Akali,Akali,0,0,0,1,8,0,0,0.29,5360,
qwen2.5-7b-instruct,5,Veigar,4,Akshan,Akshan,0,0,0,1,2,4,0,0.401,5630,
qwen2.5-7b-instruct,5,Veigar,5,Alistar,Alistar,0,0,0,1,3,3,0,0.323,5834,
qwen2.5-7b-instruct,5,Veigar,6,Ambessa,Ambessa,0,0,0,1,10,0,0,0.31,6052,
qwen2.5-7b-instruct,5,Veigar,7,Amumu,Amumu,0,0,0,1,4,3,0,0.433,6351,
qwen2.5-7b-instruct,5,Veigar,8,Anivia,Anivia,0,0,0,1,2,4,0,0.331,6579,
qwen2.5-7b-instruct,5,Veigar,9,Annie,Annie,0,0,0,1,4,4,0,0.337,6780,
qwen2.5-7b-instruct,5,Veigar,10,Aphelios,Aphelios,0,0,0,1,3,3,0,0.4,7014,
qwen2.5-7b-instruct,6,LeBlanc,1,Aatrox,Aatrox,0,0,0,0,0,0,0,0.091,5001,
qwen2.5-7b-instruct,6,LeBlanc,2,Ahri,Ahri,0,0,0,0,0,4,0,0.281,5169,
qwen2.5-7b-instruct,6,LeBlanc,3,Akali,Akali,0,0,0,1,6,2,0,0.303,5336,
qwen2.5-7b-instruct,6,LeBlanc,4,Akshan,Akshan,0,0,0,1,4,3,0,0.321,5586,
qwen2.5-7b-instruct,6,LeBlanc,5,Alistar,Alistar,0,0,0,1,7,1,0,0.341,5815,
qwen2.5-7b-instruct,6,LeBlanc,6,Ambessa,Ambessa,0,0,0,1,7,1,0,0.447,6084,
qwen2.5-7b-instruct,6,LeBlanc,7,Amumu,Amumu,0,0,0,1,7,1,0,0.447,6353,
qwen2.5-7b-instruct,6,LeBlanc,8,Anivia,Anivia,0,0,0,1,1,4,0,0.435,6617,
qwen2.5-7b-instruct,6,LeBlanc,9,Annie,Annie,0,0,0,1,2,4,0,0.326,6811,
qwen2.5-7b-instruct,6,LeBlanc,10,Aphelios,Aphelios,0,0,0,1,4,2,0,0.378,7028,
qwen2.5-7b-instruct,7,Morgana,1,Aatrox,Aatrox,0,0,0,0,0,0,0,0.088,5001,
qwen2.5-7b-instruct,7,Morgana,2,Ahri,Ahri,0,0,0,0,0,3,0,0.277,5169,
qwen2.5-7b-instruct,7,Morgana,3,Akali,Akali,0,0,0,1,5,1,0,0.276,5338,
qwen2.5-7b-instruct,7,Morgana,4,Akshan,Akshan,0,0,0,1,4,2,0,0.318,5577,
qwen2.5-7b-instruct,7,Morgana,5,Alistar,Alistar,0,0,0,1,5,2,0,0.334,5808,
qwen2.5-7b-instruct,7,Morgana,6,Ambessa,Ambessa,0,0,0,1,7,1,0,0.326,6050,
qwen2.5-7b-instruct,7,Morgana,7,Amumu,Amumu,0,0,0,1,5,2,0,0.418,6317,
qwen2.5-7b-instruct,7,Morgana,8,Anivia,Anivia,0,0,0,0,0,4,0,0.334,6554,
qwen2.5-7b-instruct,7,Morgana,9,Annie,Annie,0,0,0,1,1,4,0,0.3,6725,
qwen2.5-7b-instruct,7,Morgana,10,Aphelios,Aphelios,0,0,0,1,3,2,0,0.351,6925,
qwen2.5-7b-instruct,8,Thresh,1,Aatrox,Aatrox,0,0,0,0,0,2,0,0.084,5001,
qwen2.5-7b-instruct,8,Thresh,2,Ahri,Ahri,0,0,0,1,2,2,0,0.274,5170,
qwen2.5-7b-instruct,8,Thresh,3,Akali,Akali,0,0,0,1,8,0,0,0.29,5372,
qwen2.5-7b-instruct,8,Thresh,4,Akshan,Akshan,0,0,0,1,4,3,0,0.403,5644,
qwen2.5-7b-instruct,8,Thresh,5,Alistar,Alistar,0,0,0,1,4,3,0,0.335,5871,
qwen2.5-7b-instruct,8,Thresh,6,Ambessa,Ambessa,0,0,0,1,11,0,0,0.32,6104,
qwen2.5-7b-instruct,8,Thresh,7,Amumu,Amumu,0,0,0,1,5,2,0,0.44,6415,
qwen2.5-7b-instruct,8,Thresh,8,Anivia,Anivia,0,0,0,1,5,2,0,0.34,6659,
qwen2.5-7b-instruct,8,Thresh,9,Annie,Annie,0,0,0,1,7,2,0,0.34,6898,
qwen2.5-7b-instruct,8,Thresh,10,Aphelios,Aphelios,0,0,0,1,3,3,0,0.474,7167,
qwen2.5-7b-instruct,9,Ashe,1,Aatrox,Aatrox,0,0,0,0,0,0,0,0.086,5001,
qwen2.5-7b-instruct,9,Ashe,2,Ahri,Ahri,0,0,0,0,0,3,0,0.276,5169,
qwen2.5-7b-instruct,9,Ashe,3,Akali,Akali,0,0,0,1,5,1,0,0.274,5335,
qwen2.5-7b-instruct,9,Ashe,4,Akshan,Akshan,0,0,0,1,5,2,0,0.316,5571,
qwen2.5-7b-instruct,9,Ashe,5,Alistar,Alistar,0,0,0,1,5,2,0,0.342,5811,
qwen2.5-7b-instruct,9,Ashe,6,Ambessa,Ambessa,0,0,0,1,7,1,0,0.327,6053,
qwen2.5-7b-instruct,9,Ashe,7,Amumu,Amumu,0,0,0,1,5,2,0,0.413,6320,
qwen2.5-7b-instruct,9,Ashe,8,Anivia,Anivia,0,0,0,1,1,5,0,0.332,6557,
qwen2.5-7b-instruct,9,Ashe,9,Annie,Annie,0,0,0,1,3,4,0,0.307,6747,
qwen2.5-7b-instruct,9,Ashe,10,Aphelios,Aphelios,0,0,0,1,4,2,0,0.369,6970,
qwen2.5-7b-instruct,10,Zilean,1,Aatrox,Aatrox,0,0,0,0,0,1,0,0.085,5001,
qwen2.5-7b-instruct,10,Zilean,2,Ahri,Ahri,0,0,0,1,1,2,0,0.275,5173,
qwen2.5-7b-instruct,10,Zilean,3,Akali,Akali,0,0,0,1,7,0,0,0.283,5359,
qwen2.5-7b-instruct,10,Zilean,4,Akshan,Akshan,0,0,0,1,2,3,0,0.395,5618,
qwen2.5-7b-instruct,10,Zilean,5,Alistar,Alistar,0,0,0,1,2,4,0,0.319,5826,
qwen2.5-7b-instruct,10,Zilean,6,Ambessa,Ambessa,0,0,0,1,9,0,0,0.307,6034,
qwen2.5-7b-instruct,10,Zilean,7,Amumu,Amumu,0,0,0,1,3,3,0,0.425,6323,
qwen2.5-7b-instruct,10,Zilean,8,Anivia,Anivia,0,0,0,1,4,3,0,0.322,6539,
qwen2.5-7b-instruct,10,Zilean,9,Annie,Annie,0,0,0,1,5,4,0,0.327,6762,
qwen2.5-7b-instruct,10,Zilean,10,Aphelios,Aphelios,0,0,0,1,3,3,0,0.386,7006,
qwen2.5-7b-instruct,11,Xin Zhao,1,Aatrox,Aatrox,0,0,0,0,0,2,0,0.087,5001,
qwen2.5-7b-instruct,11,Xin Zhao,2,Ahri,Ahri,0,0,0,1,2,1,0,0.27,5171,
qwen2.5-7b-instruct,11,Xin Zhao,3,Akali,Akali,0,0,0,1,4,3,0,0.292,5371,
qwen2.5-7b-instruct,11,Xin Zhao,4,Alistar,Alistar,0,0,0,1,3,3,0,0.328,5595,
qwen2.5-7b-instruct,11,Xin Zhao,5,Ambessa,Ambessa,0,0,0,1,6,2,0,0.309,5818,
qwen2.5-7b-instruct,11,Xin Zhao,6,Amumu,Amumu,0,0,0,1,3,4,0,0.332,6073,
qwen2.5-7b-instruct,11,Xin Zhao,7,Anivia,Anivia,0,0,0,1,8,1,0,0.315,6292,
qwen2.5-7b-instruct,11,Xin Zhao,8,Annie,Annie,0,0,0,1,9,1,0,0.419,6566,
qwen2.5-7b-instruct,11,Xin Zhao,9,Aphelios,Aphelios,0,0,0,1,5,2,0,0.481,6862,
qwen2.5-7b-instruct,11,Xin Zhao,10,Ashe,Ashe,0,0,0,1,9,1,0,0.344,7106,
qwen2.5-7b-instruct,12,Tryndamere,1,Aatrox,Aatrox,0,0,0,0,0,3,0,0.085,5001,
qwen2.5-7b-instruct,12,Tryndamere,2,Ahri,Ahri,0,0,0,1,3,0,0,0.272,5172,
qwen2.5-7b-instruct,12,Tryndamere,3,Akali,Akali,0,0,0,1,5,1,0,0.293,5379,
qwen2.5-7b-instruct,12,Tryndamere,4,Alistar,Alistar,0,0,0,1,3,3,0,0.332,5616,
qwen2.5-7b-instruct,12,Tryndamere,5,Ambessa,Ambessa,0,0,0,1,5,2,0,0.305,5830,
qwen2.5-7b-instruct,12,Tryndamere,6,Amumu,Amumu,0,0,0,1,3,3,0,0.329,6073,
qwen2.5-7b-instruct,12,Tryndamere,7,Anivia,Anivia,0,0,0,1,7,2,0,0.311,6285,
qwen2.5-7b-instruct,12,Tryndamere,8,Annie,Annie,0,0,0,1,9,1,0,0.343,6543,
qwen2.5-7b-instruct,12,Tryndamere,9,Aphelios,Aphelios,0,0,0,1,6,1,0,0.47,6833,
qwen2.5-7b-instruct,12,Tryndamere,10,Ashe,Ashe,0,0,0,1,7,2,0,0.355,7090,
qwen2.5-7b-instruct,13,Pantheon,1,Aatrox,Aatrox,0,0,0,0,0,2,0,0.087,5001,
qwen2.5-7b-instruct,13,Pantheon,2,Ahri,Ahri,0,0,0,1,2,1,0,0.275,5174,
qwen2.5-7b-instruct,13,Pantheon,3,Akali,Akali,0,0,0,1,5,2,0,0.29,5371,
qwen2.5-7b-instruct,13,Pantheon,4,Alistar,Alistar,0,0,0,1,2,3,0,0.333,5609,
qwen2.5-7b-instruct,13,Pantheon,5,Ambessa,Ambessa,0,0,0,1,6,1,0,0.301,5820,
qwen2.5-7b-instruct,13,Pantheon,6,Amumu,Amumu,0,0,0,1,2,3,0,0.333,6077,
qwen2.5-7b-instruct,13,Pantheon,7,Anivia,Anivia,0,0,0,1,6,1,0,0.309,6286,
qwen2.5-7b-instruct,13,Pantheon,8,Annie,Annie,0,0,0,1,7,1,0,0.338,6537,
qwen2.5-7b-instruct,13,Pantheon,9,Aphelios,Aphelios,0,0,0,1,3,3,0,0.463,6807,
qwen2.5-7b-instruct,13,Pantheon,10,Ashe,Ashe,0,0,0,1,8,1,0,0.334,7029,
qwen2.5-7b-instruct,14,Vladimir,1,Aatrox,Aatrox,0,0,0,0,0,1,0,0.084,5001,
qwen2.5-7b-instruct,14,Vladimir,2,Ahri,Ahri,0,0,0,1,1,2,0,0.273,5170,
qwen2.5-7b-instruct,14,Vladimir,3,Akali,Akali,0,0,0,1,7,1,0,0.282,5356,
qwen2.5-7b-instruct,14,Vladimir,4,Akshan,Akshan,0,0,0,1,3,3,0,0.396,5617,
qwen2.5-7b-instruct,14,Vladimir,5,Alistar,Alistar,0,0,0,1,6,1,0,0.324,5834,
qwen2.5-7b-instruct,14,Vladimir,6,Ambessa,Ambessa,0,0,0,1,8,0,0,0.337,6091,
qwen2.5-7b-instruct,14,Vladimir,7,Amumu,Amumu,0,0,0,1,6,1,0,0.421,6371,
qwen2.5-7b-instruct,14,Vladimir,8,Anivia,Anivia,0,0,0,1,4,2,0,0.343,6623,
qwen2.5-7b-instruct,14,Vladimir,9,Annie,Annie,0,0,0,1,5,2,0,0.33,6851,
qwen2.5-7b-instruct,14,Vladimir,10,Aphelios,Aphelios,0,0,0,1,3,2,0,0.396,7102,
qwen2.5-7b-instruct,15,Lissandra,1,Aatrox,Aatrox,0,0,0,0,0,1,0,0.087,5001,
qwen2.5-7b-instruct,15,Lissandra,2,Ahri,Ahri,0,0,0,1,1,4,0,0.273,5169,
qwen2.5-7b-instruct,15,Lissandra,3,Akali,Akali,0,0,0,1,7,1,0,0.286,5361,
qwen2.5-7b-instruct,15,Lissandra,4,Akshan,Akshan,0,0,0,1,4,3,0,0.395,5627,
qwen2.5-7b-instruct,15,Lissandra,5,Alistar,Alistar,0,0,0,1,7,1,0,0.334,5856,
qwen2.5-7b-instruct,15,Lissandra,6,Ambessa,Ambessa,0,0,0,1,8,1,0,0.402,6122,
qwen2.5-7b-instruct,15,Lissandra,7,Amumu,Amumu,0,0,0,1,7,1,0,0.419,6400,
qwen2.5-7b-instruct,15,Lissandra,8,Anivia,Anivia,0,0,0,1,1,5,0,0.413,6664,
qwen2.5-7b-instruct,15,Lissandra,9,Annie,Annie,0,0,0,1,3,4,0,0.313,6859,
qwen2.5-7b-instruct,15,Lissandra,10,Aphelios,Aphelios,0,0,0,1,5,2,0,0.373,7087,
qwen2.5-7b-instruct,16,Elise,1,Aatrox,Aatrox,0,0,0,0,0,0,0,0.087,5001,
qwen2.5-7b-instruct,16,Elise,2,Ahri,Ahri,0,0,0,0,0,3,0,0.271,5169,
qwen2.5-7b-instruct,16,Elise,3,Akali,Akali,0,0,0,1,6,1,0,0.279,5335,
qwen2.5-7b-instruct,16,Elise,4,Anivia,Anivia,0,0,0,1,2,3,0,0.322,5587,
qwen2.5-7b-instruct,16,Elise,5,Annie,Annie,0,0,0,1,3,3,0,0.301,5792,
qwen2.5-7b-instruct,16,Elise,6,Aphelios,Aphelios,0,0,0,1,3,2,0,0.353,6019,
qwen2.5-7b-instruct,16,Elise,7,Ashe,Ashe,0,0,0,1,3,3,0,0.313,6239,
qwen2.5-7b-instruct,16,Elise,8,Aurelion Sol,Aurelion Sol,0,0,0,1,5,2,0,0.36,6462,
qwen2.5-7b-instruct,16,Elise,9,Aurora,Aurora,0,0,0,1,4,3,0,0.358,6707,
qwen2.5-7b-instruct,16,Elise,10,Azir,Azir,0,0,0,1,5,2,0,0.333,6941,
qwen2.5-7b-instruct,17,Ekko,1,Aatrox,Aatrox,0,0,0,0,0,2,0,0.086,5001,
qwen2.5-7b-instruct,17,Ekko,2,Ahri,Ahri,0,0,0,1,3,1,0,0.273,5171,
qwen2.5-7b-instruct,17,Ekko,3,Akali,Akali,0,0,0,1,6,2,0,0.296,5387,
qwen2.5-7b-instruct,17,Ekko,4,Alistar,Alistar,0,0,0,1,3,3,0,0.342,5639,
qwen2.5-7b-instruct,17,Ekko,5,Ambessa,Ambessa,0,0,0,1,6,2,0,0.308,5859,
qwen2.5-7b-instruct,17,Ekko,6,Amumu,Amumu,0,0,0,1,3,3,0,0.327,6107,
qwen2.5-7b-instruct,17,Ekko,7,Anivia,Anivia,0,0,0,1,6,1,0,0.319,6328,
qwen2.5-7b-instruct,17,Ekko,8,Annie,Annie,0,0,0,1,7,1,0,0.343,6582,
qwen2.5-7b-instruct,17,Ekko,9,Aphelios,Aphelios,0,0,0,1,3,2,0,0.465,6855,
qwen2.5-7b-instruct,17,Ekko,10,Ashe,Ashe,0,0,0,1,8,1,0,0.327,7072,
qwen2.5-7b-instruct,18,Briar,1,Aatrox,Aatrox,0,0,0,0,0,1,0,0.085,5001,
qwen2.5-7b-instruct,18,Briar,2,Ahri,Ahri,0,0,0,1,2,1,0,0.272,5170,
qwen2.5-7b-instruct,18,Briar,3,Akali,Akali,0,0,0,1,3,2,0,0.291,5371,
qwen2.5-7b-instruct,18,Briar,4,Akshan,Akshan,0,0,0,1,8,0,0,0.303,5584,
qwen2.5-7b-instruct,18,Briar,5,Alistar,Alistar,0,0,0,1,5,1,0,0.424,5852,
qwen2.5-7b-instruct,18,Briar,6,Ambessa,Ambessa,0,0,0,1,3,2,0,0.327,6097,
qwen2.5-7b-instruct,18,Briar,7,Amumu,Amumu,0,0,0,1,5,2,0,0.318,6313,
qwen2.5-7b-instruct,18,Briar,8,Anivia,Anivia,0,0,0,1,6,1,0,0.332,6554,
qwen2.5-7b-instruct,18,Briar,9,Annie,Annie,0,0,0,1,8,1,0,0.342,6804,
qwen2.5-7b-instruct,18,Briar,10,Aphelios,Aphelios,0,0,0,1,8,0,0,0.478,7087,
qwen2.5-7b-instruct,19,Mordekaiser,1,Aatrox,Aatrox,0,0,0,0,0,3,0,0.089,5001,
qwen2.5-7b-instruct,19,Mordekaiser,2,Ahri,Ahri,0,0,0,1,3,0,0,0.272,5172,
qwen2.5-7b-instruct,19,Mordekaiser,3,Akali,Akali,0,0,0,1,5,2,0,0.295,5379,
qwen2.5-7b-instruct,19,Mordekaiser,4,Anivia,Anivia,0,0,0,1,8,0,0,0.311,5613,
qwen2.5-7b-instruct,19,Mordekaiser,5,Annie,Annie,0,0,0,1,10,0,0,0.406,5886,
qwen2.5-7b-instruct,19,Mordekaiser,6,Aphelios,Aphelios,0,0,0,1,6,1,0,0.469,6191,
qwen2.5-7b-instruct,19,Mordekaiser,7,Ashe,Ashe,0,0,0,1,10,0,0,0.335,6443,
qwen2.5-7b-instruct,19,Mordekaiser,8,Aurelion Sol,Aurelion Sol,0,0,0,1,7,1,0,0.48,6744,
qwen2.5-7b-instruct,19,Mordekaiser,9,Aurora,Aurora,0,0,0,1,10,0,0,0.443,7011,
qwen2.5-7b-instruct,19,Mordekaiser,10,Azir,Azir,0,0,0,1,7,1,0,0.452,7316,
qwen2.5-7b-instruct,20,Diana,1,Aatrox,Aatrox,0,0,0,0,0,1,0,0.086,5001,
qwen2.5-7b-instruct,20,Diana,2,Ahri,Ahri,0,0,0,1,1,2,0,0.272,5170,
qwen2.5-7b-instruct,20,Diana,3,Akali,Akali,0,0,0,1,4,2,0,0.285,5359,
qwen2.5-7b-instruct,20,Diana,4,Akshan,Akshan,0,0,0,1,6,1,0,0.309,5590,
qwen2.5-7b-instruct,20,Diana,5,Alistar,Alistar,0,0,0,1,4,2,0,0.346,5844,
qwen2.5-7b-instruct,20,Diana,6,Ambessa,Ambessa,0,0,0,1,5,2,0,0.317,6075,
qwen2.5-7b-instruct,20,Diana,7,Amumu,Amumu,0,0,0,1,4,2,0,0.328,6318,
qwen2.5-7b-instruct,20,Diana,8,Anivia,Anivia,0,0,0,1,3,2,0,0.326,6550,
qwen2.5-7b-instruct,20,Diana,9,Annie,Annie,0,0,0,1,4,2,0,0.325,6769,
qwen2.5-7b-instruct,20,Diana,10,Aphelios,Aphelios,0,0,0,1,5,2,0,0.385,7008,
qwen2.5-7b-instruct,21,Aatrox,1,Aatrox,Aatrox,0,0,0,0,0,7,1,0.088,5001,
qwen2.5-7b-instruct,22,Zeri,1,Aatrox,Aatrox,0,0,0,0,0,0,0,0.084,5001,
qwen2.5-7b-instruct,22,Zeri,2,Ahri,Ahri,0,0,0,1,1,3,0,0.271,5169,
qwen2.5-7b-instruct,22,Zeri,3,Akali,Akali,0,0,0,1,6,1,0,0.286,5360,
qwen2.5-7b-instruct,22,Zeri,4,Akshan,Akshan,0,0,0,1,4,2,0,0.32,5612,
qwen2.5-7b-instruct,22,Zeri,5,Alistar,Alistar,0,0,0,1,6,1,0,0.328,5836,
qwen2.5-7b-instruct,22,Zeri,6,Ambessa,Ambessa,0,0,0,1,6,1,0,0.332,6091,
qwen2.5-7b-instruct,22,Zeri,7,Amumu,Amumu,0,0,0,1,6,1,0,0.337,6342,
qwen2.5-7b-instruct,22,Zeri,8,Anivia,Anivia,0,0,0,1,2,3,0,0.34,6595,
qwen2.5-7b-instruct,22,Zeri,9,Annie,Annie,0,0,0,1,3,4,0,0.318,6800,
qwen2.5-7b-instruct,22,Zeri,10,Aphelios,Aphelios,0,0,0,1,4,3,0,0.368,7023,
qwen2.5-7b-instruct,23,Zac,1,Aatrox,Aatrox,0,0,0,0,0,3,0,0.085,5001,
qwen2.5-7b-instruct,23,Zac,2,Ahri,Ahri,0,0,0,1,3,0,0,0.271,5171,
qwen2.5-7b-instruct,23,Zac,3,Akali,Akali,0,0,0,1,5,1,0,0.298,5383,
qwen2.5-7b-instruct,23,Zac,4,Akshan,Akshan,0,0,0,1,7,1,0,0.315,5619,
qwen2.5-7b-instruct,23,Zac,5,Alistar,Alistar,0,0,0,1,3,2,0,0.419,5880,
qwen2.5-7b-instruct,23,Zac,6,Ambessa,Ambessa,0,0,0,1,7,1,0,0.309,6099,
qwen2.5-7b-instruct,23,Zac,7,Amumu,Amumu,0,0,0,1,3,3,0,0.408,6363,
qwen2.5-7b-instruct,23,Zac,8,Anivia,Anivia,0,0,0,1,8,0,0,0.316,6581,
qwen2.5-7b-instruct,23,Zac,9,Annie,Annie,0,0,0,1,10,0,0,0.423,6854,
qwen2.5-7b-instruct,23,Zac,10,Aphelios,Aphelios,0,0,0,1,6,1,0,0.489,7157,
qwen2.5-7b-instruct,24,Xerath,1,Aatrox,Aatrox,0,0,0,0,0,1,0,0.089,5001,
qwen2.5-7b-instruct,24,Xerath,2,Ahri,Ahri,0,0,0,1,1,3,0,0.276,5173,
qwen2.5-7b-instruct,24,Xerath,3,Akali,Akali,0,0,0,1,8,0,0,0.285,5362,
qwen2.5-7b-instruct,24,Xerath,4,Akshan,Akshan,0,0,0,1,2,4,0,0.404,5637,
qwen2.5-7b-instruct,24,Xerath,5,Alistar,Alistar,0,0,0,1,4,2,0,0.319,5844,
qwen2.5-7b-instruct,24,Xerath,6,Ambessa,Ambessa,0,0,0,1,11,0,0,0.322,6080,
qwen2.5-7b-instruct,24,Xerath,7,Amumu,Amumu,0,0,0,1,3,3,0,0.435,6393,
qwen2.5-7b-instruct,24,Xerath,8,Anivia,Anivia,0,0,0,1,4,2,0,0.322,6612,
qwen2.5-7b-instruct,24,Xerath,9,Annie,Annie,0,0,0,1,6,2,0,0.33,6844,
qwen2.5-7b-instruct,24,Xerath,10,Aphelios,Aphelios,0,0,0,1,3,3,0,0.464,7106,
qwen2.5-7b-instruct,25,Kog'Maw,1,Aatrox,Aatrox,0,0,0,0,0,1,0,0.089,5001,
qwen2.5-7b-instruct,25,Kog'Maw,2,Ahri,Ahri,0,0,0,1,1,2,0,0.272,5170,
qwen2.5-7b-instruct,25,Kog'Maw,3,Akali,Akali,0,0,0,1,7,1,0,0.281,5356,
qwen2.5-7b-instruct,25,Kog'Maw,4,Akshan,Akshan,0,0,0,1,4,3,0,0.321,5612,
qwen2.5-7b-instruct,25,Kog'Maw,5,Alistar,Alistar,0,0,0,1,4,2,0,0.331,5839,
qwen2.5-7b-instruct,25,Kog'Maw,6,Ambessa,Ambessa,0,0,0,1,10,0,0,0.318,6071,
qwen2.5-7b-instruct,25,Kog'Maw,7,Amumu,Amumu,0,0,0,1,4,2,0,0.432,6371,
qwen2.5-7b-instruct,25,Kog'Maw,8,Anivia,Anivia,0,0,0,1,4,2,0,0.326,6601,
qwen2.5-7b-instruct,25,Kog'Maw,9,Annie,Annie,0,0,0,1,6,2,0,0.328,6829,
qwen2.5-7b-instruct,25,Kog'Maw,10,Aphelios,Aphelios,0,0,0,1,2,4,0,0.392,7087,
qwen2.5-7b-instruct,26,Dr. Mundo,1,Aatrox,Aatrox,0,0,0,0,0,2,0,0.09,5001,
qwen2.5-7b-instruct,26,Dr. Mundo,2,Ahri,Ahri,0,0,0,1,2,0,0,0.279,5174,
qwen2.5-7b-instruct,26,Dr. Mundo,3,Akali,Akali,0,0,0,1,4,1,0,0.286,5370,
qwen2.5-7b-instruct,26,Dr. Mundo,4,Alistar,Alistar,0,0,0,1,2,3,0,0.327,5596,
qwen2.5-7b-instruct,26,Dr. Mundo,5,Ambessa,Ambessa,0,0,0,1,5,1,0,0.297,5799,
qwen2.5-7b-instruct,26,Dr. Mundo,6,Amumu,Amumu,0,0,0,1,2,3,0,0.326,6044,
qwen2.5-7b-instruct,26,Dr. Mundo,7,Anivia,Anivia,0,0,0,1,6,1,0,0.307,6248,
qwen2.5-7b-instruct,26,Dr. Mundo,8,Annie,Annie,0,0,0,1,7,1,0,0.335,6494,
qwen2.5-7b-instruct,26,Dr. Mundo,9,Aphelios,Aphelios,0,0,0,1,4,1,0,0.456,6759,
qwen2.5-7b-instruct,26,Dr. Mundo,10,Ashe,Ashe,0,0,0,1,7,1,0,0.334,6991,
qwen2.5-7b-instruct,27,Jhin,1,Aatrox,Aatrox,0,0,0,0,0,1,0,0.088,5001,
qwen2.5-7b-instruct,27,Jhin,2,Ahri,Ahri,0,0,0,1,2,3,0,0.272,5170,
qwen2.5-7b-instruct,27,Jhin,3,Akali,Akali,0,0,0,1,7,1,0,0.292,5373,
qwen2.5-7b-instruct,27,Jhin,4,Akshan,Akshan,0,0,0,1,3,3,0,0.394,5637,
qwen2.5-7b-instruct,27,Jhin,5,Alistar,Alistar,0,0,0,1,5,2,0,0.325,5850,
qwen2.5-7b-instruct,27,Jhin,6,Ambessa,Ambessa,0,0,0,1,10,0,0,0.327,6094,
qwen2.5-7b-instruct,27,Jhin,7,Amumu,Amumu,0,0,0,1,5,2,0,0.433,6396,
qwen2.5-7b-instruct,27,Jhin,8,Anivia,Anivia,0,0,0,1,5,2,0,0.331,6638,
qwen2.5-7b-instruct,27,Jhin,9,Annie,Annie,0,0,0,1,6,2,0,0.342,6878,
qwen2.5-7b-instruct,27,Jhin,10,Aphelios,Aphelios,0,0,0,1,1,5,0,0.465,7138,
qwen2.5-7b-instruct,28,Malzahar,1,Aatrox,Aatrox,0,0,0,0,0,1,0,0.086,5001,
qwen2.5-7b-instruct,28,Malzahar,2,Ahri,Ahri,0,0,0,1,1,3,0,0.278,5173,
qwen2.5-7b-instruct,28,Malzahar,3,Akali,Akali,0,0,0,1,8,1,0,0.283,5360,
qwen2.5-7b-instruct,28,Malzahar,4,Akshan,Akshan,0,0,0,1,1,4,0,0.402,5633,
qwen2.5-7b-instruct,28,Malzahar,5,Alistar,Alistar,0,0,0,1,4,2,0,0.318,5830,
qwen2.5-7b-instruct,28,Malzahar,6,Ambessa,Ambessa,0,0,0,1,10,0,0,0.319,6061,
qwen2.5-7b-instruct,28,Malzahar,7,Amumu,Amumu,0,0,0,1,4,2,0,0.433,6362,
qwen2.5-7b-instruct,28,Malzahar,8,Anivia,Anivia,0,0,0,1,3,3,0,0.327,6594,
qwen2.5-7b-instruct,28,Malzahar,9,Annie,Annie,0,0,0,1,4,3,0,0.323,6811,
qwen2.5-7b-instruct,28,Malzahar,10,Aphelios,Aphelios,0,0,0,1,2,3,0,0.38,7048,
qwen2.5-7b-instruct,29,Soraka,1,Aatrox,Aatrox,0,0,0,0,0,0,0,0.085,5001,
qwen2.5-7b-instruct,29,Soraka,2,Ahri,Ahri,0,0,0,0,0,3,0,0.272,5169,
qwen2.5-7b-instruct,29,Soraka,3,Akali,Akali,0,0,0,1,4,1,0,0.274,5338,
qwen2.5-7b-instruct,29,Soraka,4,Anivia,Anivia,0,0,0,1,1,4,0,0.305,5562,
qwen2.5-7b-instruct,29,Soraka,5,Annie,Annie,0,0,0,1,3,4,0,0.288,5751,
qwen2.5-7b-instruct,29,Soraka,6,Aphelios,Aphelios,0,0,0,1,4,2,0,0.346,5969,
qwen2.5-7b-instruct,29,Soraka,7,Ashe,Ashe,0,0,0,1,3,4,0,0.321,6202,
qwen2.5-7b-instruct,29,Soraka,8,Aurelion Sol,Aurelion Sol,0,0,0,1,5,2,0,0.357,6422,
qwen2.5-7b-instruct,29,Soraka,9,Aurora,Aurora,0,0,0,1,4,3,0,0.362,6673,
qwen2.5-7b-instruct,29,Soraka,10,Azir,Azir,0,0,0,1,5,2,0,0.334,6907,
qwen2.5-7b-instruct,30,Ezreal,1,Aatrox,Aatrox,0,0,0,0,0,1,0,0.088,5001,
qwen2.5-7b-instruct,30,Ezreal,2,Ahri,Ahri,0,0,0,1,1,2,0,0.272,5170,
qwen2.5-7b-instruct,30,Ezreal,3,Akali,Akali,0,0,0,1,7,1,0,0.284,5356,
qwen2.5-7b-instruct,30,Ezreal,4,Akshan,Akshan,0,0,0,1,3,3,0,0.391,5615,
qwen2.5-7b-instruct,30,Ezreal,5,Alistar,Alistar,0,0,0,1,4,2,0,0.324,5832,
qwen2.5-7b-instruct,30,Ezreal,6,Ambessa,Ambessa,0,0,0,1,9,0,0,0.316,6064,
qwen2.5-7b-instruct,30,Ezreal,7,Amumu,Amumu,0,0,0,1,4,2,0,0.425,6357,
qwen2.5-7b-instruct,30,Ezreal,8,Anivia,Anivia,0,0,0,1,4,2,0,0.328,6587,
qwen2.5-7b-instruct,30,Ezreal,9,Annie,Annie,0,0,0,1,5,3,0,0.328,6815,
qwen2.5-7b-instruct,30,Ezreal,10,Aphelios,Aphelios,0,0,0,1,2,4,0,0.385,7061,
qwen3.5-4b,1,Karma,1,Aatrox,Aatrox,0,0,0,0,0,0,0,3.742,4943,
qwen3.5-4b,1,Karma,2,Ahri,Ahri,0,0,0,0,0,5,0,0.213,5096,
qwen3.5-4b,1,Karma,3,Akali,Akali,0,0,0,1,5,2,0,0.212,5250,
qwen3.5-4b,1,Karma,4,Akshan,Akshan,0,0,0,1,5,2,0,0.23,5470,
qwen3.5-4b,1,Karma,5,Akali,Akali,0,0,1,1,6,2,0,0.231,5688,
qwen3.5-4b,1,Karma,6,Akshan,Akshan,0,0,1,1,5,2,0,0.239,5932,
qwen3.5-4b,1,Karma,7,Akshan,Akshan,0,0,1,1,5,2,0,0.24,6164,
qwen3.5-4b,1,Karma,8,Akali,Akali,0,0,1,1,6,2,0,0.244,6396,
qwen3.5-4b,1,Karma,9,Akali,Akali,0,0,1,1,6,2,0,0.246,6640,
qwen3.5-4b,1,Karma,10,Akali,Akali,0,0,1,1,6,2,0,0.25,6885,
qwen3.5-4b,2,Samira,1,Aatrox,Aatrox,0,0,0,0,0,0,0,0.422,4943,
qwen3.5-4b,2,Samira,2,Ahri,Ahri,0,0,0,1,1,3,0,0.213,5098,
qwen3.5-4b,2,Samira,3,Akali,Akali,0,0,0,1,6,2,0,0.221,5273,
qwen3.5-4b,2,Samira,4,Akshan,Akshan,0,0,0,1,3,3,0,0.236,5499,
qwen3.5-4b,2,Samira,5,Caitlyn,Caitlyn,0,0,0,1,1,5,0,0.242,5690,
qwen3.5-4b,2,Samira,6,Jinx,Jinx,0,0,0,1,2,4,0,0.225,5867,
qwen3.5-4b,2,Samira,7,Jinx,Jinx,0,0,1,1,3,4,0,0.233,6059,
qwen3.5-4b,2,Samira,8,Jinx,Jinx,0,0,1,1,3,4,0,0.236,6276,
qwen3.5-4b,2,Samira,9,Jinx,Jinx,0,0,1,1,3,4,0,0.239,6493,
qwen3.5-4b,2,Samira,10,Jinx,Jinx,0,0,1,1,3,4,0,0.243,6711,
qwen3.5-4b,3,Zoe,1,Aatrox,Aatrox,0,0,0,0,0,0,0,0.423,4943,
qwen3.5-4b,3,Zoe,2,Ahri,Ahri,0,0,0,1,1,4,0,0.211,5096,
qwen3.5-4b,3,Zoe,3,Akali,Akali,0,0,0,1,7,1,0,0.218,5272,
qwen3.5-4b,3,Zoe,4,Akshan,Akshan,0,0,0,1,3,3,0,0.236,5511,
qwen3.5-4b,3,Zoe,5,Ahri,Ahri,0,0,1,1,3,4,0,0.226,5702,
qwen3.5-4b,3,Zoe,6,Akali,Akali,0,0,1,1,8,1,0,0.237,5915,
qwen3.5-4b,3,Zoe,7,Akshan,Akshan,0,0,1,1,4,3,0,0.294,6178,
qwen3.5-4b,3,Zoe,8,Ahri,Ahri,0,0,1,1,3,4,0,0.239,6397,
qwen3.5-4b,3,Zoe,9,Akali,Akali,0,0,1,1,8,1,0,0.24,6610,
qwen3.5-4b,3,Zoe,10,Akshan,Akshan,0,0,1,1,4,3,0,0.304,6874,
qwen3.5-4b,4,Nocturne,1,Aatrox,Aatrox,0,0,0,0,0,1,0,0.422,4943,
qwen3.5-4b,4,Nocturne,2,Garen,Garen,0,0,0,1,3,1,0,0.215,5099,
qwen3.5-4b,4,Nocturne,3,Gwen,Gwen,0,0,0,1,3,2,0,0.223,5286,
qwen3.5-4b,4,Nocturne,4,Viego,Viego,0,0,0,1,5,2,0,0.226,5488,
qwen3.5-4b,4,Nocturne,5,Viego,Viego,0,0,1,1,6,2,0,0.235,5704,
qwen3.5-4b,4,Nocturne,6,Kha'Zix,Kha'Zix,0,0,0,1,1,3,0,0.288,5946,
qwen3.5-4b,4,Nocturne,7,Kha'Zix,Kha'Zix,0,0,1,1,4,3,0,0.281,6117,
qwen3.5-4b,4,Nocturne,8,Kha'Zix,Kha'Zix,0,0,1,1,4,3,0,0.297,6339,
qwen3.5-4b,4,Nocturne,9,Kha'Zix,Kha'Zix,0,0,1,1,4,3,0,0.301,6561,
qwen3.5-4b,4,Nocturne,10,Kha'Zix,Kha'Zix,0,0,1,1,4,3,0,0.299,6784,
qwen3.5-4b,5,Veigar,1,Aatrox,Aatrox,0,0,0,0,0,1,0,0.419,4943,
qwen3.5-4b,5,Veigar,2,Ahri,Ahri,0,0,0,1,1,3,0,0.215,5099,
qwen3.5-4b,5,Veigar,3,Akali,Akali,0,0,0,1,8,0,0,0.218,5269,
qwen3.5-4b,5,Veigar,4,Aatrox,Aatrox,0,0,1,1,8,1,0,0.258,5509,
qwen3.5-4b,5,Veigar,5,Ahri,Ahri,0,0,1,1,5,3,0,0.294,5777,
qwen3.5-4b,5,Veigar,6,Ahri,Ahri,0,0,1,1,5,3,0,0.265,6007,
qwen3.5-4b,5,Veigar,7,Akali,Akali,0,0,1,1,11,0,0,0.265,6237,
qwen3.5-4b,5,Veigar,8,Annie,Annie,0,0,0,1,3,4,0,0.332,6527,
qwen3.5-4b,5,Veigar,9,Lux,Lux,0,0,0,1,5,2,0,0.233,6726,
qwen3.5-4b,5,Veigar,10,Lux,Lux,0,0,1,1,6,2,0,0.243,6946,
qwen3.5-4b,6,LeBlanc,1,Aatrox,Aatrox,0,0,0,0,0,0,0,0.46,4943,
qwen3.5-4b,6,LeBlanc,2,Ahri,Ahri,0,0,0,0,0,4,0,0.225,5096,
qwen3.5-4b,6,LeBlanc,3,Akali,Akali,0,0,0,1,6,2,0,0.228,5248,
qwen3.5-4b,6,LeBlanc,4,Akshan,Akshan,0,0,0,1,4,3,0,0.236,5473,
qwen3.5-4b,6,LeBlanc,5,Ahri,Ahri,0,0,1,1,3,4,0,0.231,5679,
qwen3.5-4b,6,LeBlanc,6,Ahri,Ahri,0,0,1,1,3,4,0,0.235,5893,
qwen3.5-4b,6,LeBlanc,7,Ahri,Ahri,0,0,1,1,3,4,0,0.236,6107,
qwen3.5-4b,6,LeBlanc,8,Akali,Akali,0,0,1,1,7,2,0,0.237,6321,
qwen3.5-4b,6,LeBlanc,9,Akali,Akali,0,0,1,1,7,2,0,0.252,6570,
qwen3.5-4b,6,LeBlanc,10,Akali,Akali,0,0,1,1,7,2,0,0.251,6820,
qwen3.5-4b,7,Morgana,1,Aatrox,Aatrox,0,0,0,0,0,0,0,0.42,4943,
qwen3.5-4b,7,Morgana,2,Ahri,Ahri,0,0,0,0,0,3,0,0.213,5096,
qwen3.5-4b,7,Morgana,3,Akali,Akali,0,0,0,1,5,1,0,0.213,5249,
qwen3.5-4b,7,Morgana,4,Ahri,Ahri,0,0,1,1,3,3,0,0.229,5464,
qwen3.5-4b,7,Morgana,5,Akali,Akali,0,0,1,1,7,1,0,0.234,5678,
qwen3.5-4b,7,Morgana,6,Ahri,Ahri,0,0,1,1,3,3,0,0.244,5931,
qwen3.5-4b,7,Morgana,7,Akali,Akali,0,0,1,1,7,1,0,0.238,6145,
qwen3.5-4b,7,Morgana,8,Ahri,Ahri,0,0,1,1,3,3,0,0.249,6398,
qwen3.5-4b,7,Morgana,9,Akali,Akali,0,0,1,1,7,1,0,0.242,6612,
qwen3.5-4b,7,Morgana,10,Ahri,Ahri,0,0,1,1,3,3,0,0.255,6866,
qwen3.5-4b,8,Thresh,1,Aatrox,Aatrox,0,0,0,0,0,2,0,0.428,4943,
qwen3.5-4b,8,Thresh,2,Aurelion Sol,Aurelion Sol,0,0,0,1,2,3,0,0.243,5097,
qwen3.5-4b,8,Thresh,3,Aurelion Sol,Aurelion Sol,0,0,1,1,4,3,0,0.343,5291,
qwen3.5-4b,8,Thresh,4,Aurelion Sol,Aurelion Sol,0,0,1,1,4,3,0,0.271,5522,
qwen3.5-4b,8,Thresh,5,Aurelion Sol,Aurelion Sol,0,0,1,1,4,3,0,0.273,5753,
qwen3.5-4b,8,Thresh,6,Aurelion Sol,Aurelion Sol,0,0,1,1,4,3,0,0.284,5984,
qwen3.5-4b,8,Thresh,7,Aurelion Sol,Aurelion Sol,0,0,1,1,4,3,0,0.285,6215,
qwen3.5-4b,8,Thresh,8,Aurelion Sol,Aurelion Sol,0,0,1,1,4,3,0,0.282,6446,
qwen3.5-4b,8,Thresh,9,Aurelion Sol,Aurelion Sol,0,0,1,1,4,3,0,0.283,6677,
qwen3.5-4b,8,Thresh,10,Aurelion Sol,Aurelion Sol,0,0,1,1,4,3,0,0.288,6909,
qwen3.5-4b,9,Ashe,1,Aatrox,Aatrox,0,0,0,0,0,0,0,0.429,4943,
qwen3.5-4b,9,Ashe,2,Ahri,Ahri,0,0,0,0,0,3,0,0.215,5096,
qwen3.5-4b,9,Ashe,3,Akali,Akali,0,0,0,1,5,1,0,0.214,5247,
qwen3.5-4b,9,Ashe,4,Ahri,Ahri,0,0,1,1,4,3,0,0.234,5460,
qwen3.5-4b,9,Ashe,5,Akali,Akali,0,0,1,1,7,1,0,0.238,5683,
qwen3.5-4b,9,Ashe,6,Ahri,Ahri,0,0,1,1,4,3,0,0.245,5934,
qwen3.5-4b,9,Ashe,7,Akali,Akali,0,0,1,1,7,1,0,0.243,6157,
qwen3.5-4b,9,Ashe,8,Ahri,Ahri,0,0,1,1,4,3,0,0.249,6408,
qwen3.5-4b,9,Ashe,9,Akali,Akali,0,0,1,1,7,1,0,0.244,6631,
qwen3.5-4b,9,Ashe,10,Ahri,Ahri,0,0,1,1,4,3,0,0.252,6883,
qwen3.5-4b,10,Zilean,1,Aatrox,Aatrox,0,0,0,0,0,1,0,0.427,4943,
qwen3.5-4b,10,Zilean,2,Ahri,Ahri,0,0,0,1,1,2,0,0.216,5099,
qwen3.5-4b,10,Zilean,3,Ahri,Ahri,0,0,1,1,6,2,0,0.224,5268,
qwen3.5-4b,10,Zilean,4,Ahri,Ahri,0,0,1,1,6,2,0,0.244,5508,
qwen3.5-4b,10,Zilean,5,Ahri,Ahri,0,0,1,1,6,2,0,0.243,5748,
qwen3.5-4b,10,Zilean,6,Ahri,Ahri,0,0,1,1,6,2,0,0.242,5988,
qwen3.5-4b,10,Zilean,7,Ahri,Ahri,0,0,1,1,6,2,0,0.244,6228,
qwen3.5-4b,10,Zilean,8,Ahri,Ahri,0,0,1,1,6,2,0,0.244,6468,
qwen3.5-4b,10,Zilean,9,Ahri,Ahri,0,0,1,1,6,2,0,0.249,6708,
qwen3.5-4b,10,Zilean,10,Aatrox,Aatrox,0,0,1,1,7,1,0,0.271,6949,
qwen3.5-4b,11,Xin Zhao,1,Aatrox,Aatrox,0,0,0,0,0,2,0,0.429,4943,
qwen3.5-4b,11,Xin Zhao,2,Garen,Garen,0,0,0,1,2,4,0,0.216,5098,
qwen3.5-4b,11,Xin Zhao,3,Gwen,Gwen,0,0,0,1,4,2,0,0.22,5280,
qwen3.5-4b,11,Xin Zhao,4,Riven,Riven,0,0,0,1,6,2,0,0.23,5493,
qwen3.5-4b,11,Xin Zhao,5,Irelia,Irelia,0,0,0,1,4,3,0,0.251,5721,
qwen3.5-4b,11,Xin Zhao,6,Ivern,Ivern,0,0,0,1,2,4,0,0.236,5928,
qwen3.5-4b,11,Xin Zhao,7,Ivern,Ivern,0,0,1,1,2,4,0,0.231,6126,
qwen3.5-4b,11,Xin Zhao,8,Ivern,Ivern,0,0,1,1,2,4,0,0.237,6338,
qwen3.5-4b,11,Xin Zhao,9,Ivern,Ivern,0,0,1,1,2,4,0,0.239,6550,
qwen3.5-4b,11,Xin Zhao,10,Ivern,Ivern,0,0,1,1,2,4,0,0.243,6763,
qwen3.5-4b,12,Tryndamere,1,Aatrox,Aatrox,0,0,0,0,0,3,0,0.423,4943,
qwen3.5-4b,12,Tryndamere,2,Ahri,Ahri,0,0,0,1,3,0,0,0.216,5099,
qwen3.5-4b,12,Tryndamere,3,Garen,Garen,0,0,0,1,1,3,0,0.222,5286,
qwen3.5-4b,12,Tryndamere,4,Gwen,Gwen,0,0,0,1,4,3,0,0.22,5457,
qwen3.5-4b,12,Tryndamere,5,Riven,Riven,0,0,0,1,6,2,0,0.231,5665,
qwen3.5-4b,12,Tryndamere,6,Gwen,Gwen,0,0,1,1,5,3,0,0.241,5898,
qwen3.5-4b,12,Tryndamere,7,Riven,Riven,0,0,1,1,6,2,0,0.242,6131,
qwen3.5-4b,12,Tryndamere,8,Gwen,Gwen,0,0,1,1,5,3,0,0.248,6378,
qwen3.5-4b,12,Tryndamere,9,Riven,Riven,0,0,1,1,6,2,0,0.245,6611,
qwen3.5-4b,12,Tryndamere,10,Gwen,Gwen,0,0,1,1,5,3,0,0.252,6859,
qwen3.5-4b,13,Pantheon,1,Aatrox,Aatrox,0,0,0,0,0,2,0,0.422,4943,
qwen3.5-4b,13,Pantheon,2,Garen,Garen,0,0,0,1,1,3,0,0.212,5100,
qwen3.5-4b,13,Pantheon,3,Gwen,Gwen,0,0,0,1,2,2,0,0.216,5272,
qwen3.5-4b,13,Pantheon,4,Irelia,Irelia,0,0,0,1,2,3,0,0.239,5465,
qwen3.5-4b,13,Pantheon,5,Ionia,,1,1,0,0,0,,0,0.225,5650,No se reconoció ningún campeón del roster.
qwen3.5-4b,13,Pantheon,6,Irelia,Irelia,0,0,1,1,3,3,0,0.173,5704,
qwen3.5-4b,13,Pantheon,7,Ionia,,1,1,0,0,0,,0,0.233,5914,No se reconoció ningún campeón del roster.
qwen3.5-4b,13,Pantheon,8,Irelia,Irelia,0,0,1,1,3,3,0,0.175,5968,
qwen3.5-4b,13,Pantheon,9,Irelia,Irelia,0,0,1,1,3,3,0,0.251,6178,
qwen3.5-4b,13,Pantheon,10,Irelia,Irelia,0,0,1,1,3,3,0,0.254,6389,
qwen3.5-4b,14,Vladimir,1,Aatrox,Aatrox,0,0,0,0,0,1,0,0.421,4943,
qwen3.5-4b,14,Vladimir,2,Ahri,Ahri,0,0,0,1,1,2,0,0.213,5097,
qwen3.5-4b,14,Vladimir,3,Akali,Akali,0,0,0,1,7,1,0,0.217,5266,
qwen3.5-4b,14,Vladimir,4,Akali,Akali,0,0,1,1,8,1,0,0.237,5498,
qwen3.5-4b,14,Vladimir,5,Akshan,Akshan,0,0,0,1,3,3,0,0.244,5754,
qwen3.5-4b,14,Vladimir,6,Akali,Akali,0,0,1,1,8,1,0,0.23,5952,
qwen3.5-4b,14,Vladimir,7,Akshan,Akshan,0,0,1,1,3,3,0,0.25,6208,
qwen3.5-4b,14,Vladimir,8,Akshan,Akshan,0,0,1,1,3,3,0,0.24,6420,
qwen3.5-4b,14,Vladimir,9,Akshan,Akshan,0,0,1,1,3,3,0,0.239,6632,
qwen3.5-4b,14,Vladimir,10,Akshan,Akshan,0,0,1,1,3,3,0,0.245,6845,
qwen3.5-4b,15,Lissandra,1,Aatrox,Aatrox,0,0,0,0,0,1,0,0.422,4943,
qwen3.5-4b,15,Lissandra,2,Garen,Garen,0,0,0,1,5,0,0,0.211,5096,
qwen3.5-4b,15,Lissandra,3,Gwen,Gwen,0,0,0,1,3,2,0,0.23,5309,
qwen3.5-4b,15,Lissandra,4,Fiora,Fiora,0,0,0,1,4,2,0,0.243,5512,
qwen3.5-4b,15,Lissandra,5,Fiora,Fiora,0,0,1,1,4,2,0,0.248,5719,
qwen3.5-4b,15,Lissandra,6,Fiora,Fiora,0,0,1,1,4,2,0,0.254,5940,
qwen3.5-4b,15,Lissandra,7,Fiora,Fiora,0,0,1,1,4,2,0,0.252,6161,
qwen3.5-4b,15,Lissandra,8,Fiora,Fiora,0,0,1,1,4,2,0,0.254,6382,
qwen3.5-4b,15,Lissandra,9,Fiora,Fiora,0,0,1,1,4,2,0,0.259,6603,
qwen3.5-4b,15,Lissandra,10,Fiora,Fiora,0,0,1,1,4,2,0,0.258,6825,
qwen3.5-4b,16,Elise,1,Aatrox,Aatrox,0,0,0,0,0,0,0,0.422,4943,
qwen3.5-4b,16,Elise,2,Ahri,Ahri,0,0,0,0,0,3,0,0.214,5096,
qwen3.5-4b,16,Elise,3,Akali,Akali,0,0,0,1,6,1,0,0.212,5247,
qwen3.5-4b,16,Elise,4,Akshan,Akshan,0,0,0,1,5,2,0,0.233,5474,
qwen3.5-4b,16,Elise,5,Akali,Akali,0,0,1,1,7,1,0,0.232,5689,
qwen3.5-4b,16,Elise,6,Akshan,Akshan,0,0,1,1,5,2,0,0.244,5940,
qwen3.5-4b,16,Elise,7,Akshan,Akshan,0,0,1,1,5,2,0,0.241,6169,
qwen3.5-4b,16,Elise,8,Akshan,Akshan,0,0,1,1,5,2,0,0.243,6398,
qwen3.5-4b,16,Elise,9,Akshan,Akshan,0,0,1,1,5,2,0,0.244,6627,
qwen3.5-4b,16,Elise,10,Akshan,Akshan,0,0,1,1,5,2,0,0.248,6857,
qwen3.5-4b,17,Ekko,1,Aatrox,Aatrox,0,0,0,0,0,2,0,0.42,4943,
qwen3.5-4b,17,Ekko,2,Aatrox,Aatrox,0,0,1,1,5,2,0,0.228,5098,
qwen3.5-4b,17,Ekko,3,Gwen,Gwen,0,0,0,1,2,2,0,0.235,5335,
qwen3.5-4b,17,Ekko,4,Gwen,Gwen,0,0,1,1,5,2,0,0.224,5522,
qwen3.5-4b,17,Ekko,5,Irelia,Irelia,0,0,0,1,4,2,0,0.255,5757,
qwen3.5-4b,17,Ekko,6,Irelia,Irelia,0,0,1,1,5,2,0,0.249,5967,
qwen3.5-4b,17,Ekko,7,Irelia,Irelia,0,0,1,1,5,2,0,0.259,6202,
qwen3.5-4b,17,Ekko,8,Irelia,Irelia,0,0,1,1,5,2,0,0.258,6437,
qwen3.5-4b,17,Ekko,9,Irelia,Irelia,0,0,1,1,5,2,0,0.265,6672,
qwen3.5-4b,17,Ekko,10,Irelia,Irelia,0,0,1,1,5,2,0,0.264,6908,
qwen3.5-4b,18,Briar,1,Aatrox,Aatrox,0,0,0,0,0,1,0,0.425,4943,
qwen3.5-4b,18,Briar,2,Aphelios,Aphelios,0,0,0,1,2,0,0,0.244,5097,
qwen3.5-4b,18,Briar,3,Aurelion Sol,Aurelion Sol,0,0,0,1,6,0,0,0.258,5277,
qwen3.5-4b,18,Briar,4,Aurelion Sol,Aurelion Sol,0,0,1,1,8,0,0,0.271,5506,
qwen3.5-4b,18,Briar,5,Aurelion Sol,Aurelion Sol,0,0,1,1,8,0,0,0.324,5772,
qwen3.5-4b,18,Briar,6,Aurelion Sol,Aurelion Sol,0,0,1,1,8,0,0,0.33,6038,
qwen3.5-4b,18,Briar,7,Aurelion Sol,Aurelion Sol,0,0,1,1,8,0,0,0.333,6304,
qwen3.5-4b,18,Briar,8,Aurelion Sol,Aurelion Sol,0,0,1,1,8,0,0,0.333,6570,
qwen3.5-4b,18,Briar,9,Aurelion Sol,Aurelion Sol,0,0,1,1,8,0,0,0.341,6836,
qwen3.5-4b,18,Briar,10,Aurelion Sol,Aurelion Sol,0,0,1,1,8,0,0,0.344,7103,
qwen3.5-4b,19,Mordekaiser,1,Aatrox,Aatrox,0,0,0,0,0,3,0,0.424,4943,
qwen3.5-4b,19,Mordekaiser,2,Ahri,Ahri,0,0,0,1,3,0,0,0.212,5099,
qwen3.5-4b,19,Mordekaiser,3,Garen,Garen,0,0,0,1,1,4,0,0.22,5286,
qwen3.5-4b,19,Mordekaiser,4,Gwen,Gwen,0,0,0,1,5,2,0,0.218,5455,
qwen3.5-4b,19,Mordekaiser,5,Poppy,Poppy,0,0,0,1,5,2,0,0.235,5677,
qwen3.5-4b,19,Mordekaiser,6,Poppy,Poppy,0,0,1,1,6,2,0,0.231,5888,
qwen3.5-4b,19,Mordekaiser,7,Poppy,Poppy,0,0,1,1,6,2,0,0.241,6125,
qwen3.5-4b,19,Mordekaiser,8,Poppy,Poppy,0,0,1,1,6,2,0,0.244,6362,
qwen3.5-4b,19,Mordekaiser,9,Poppy,Poppy,0,0,1,1,6,2,0,0.247,6599,
qwen3.5-4b,19,Mordekaiser,10,Poppy,Poppy,0,0,1,1,6,2,0,0.249,6837,
qwen3.5-4b,20,Diana,1,Aatrox,Aatrox,0,0,0,0,0,1,0,0.425,4943,
qwen3.5-4b,20,Diana,2,Garen,Garen,0,0,0,1,3,1,0,0.214,5097,
qwen3.5-4b,20,Diana,3,Gwen,Gwen,0,0,0,1,2,3,0,0.223,5286,
qwen3.5-4b,20,Diana,4,Irelia,Irelia,0,0,0,1,2,3,0,0.239,5479,
qwen3.5-4b,20,Diana,5,Ivern,Ivern,0,0,0,1,4,2,0,0.227,5672,
qwen3.5-4b,20,Diana,6,Gwen,Gwen,0,0,1,1,3,3,0,0.234,5885,
qwen3.5-4b,20,Diana,7,Irelia,Irelia,0,0,1,1,3,3,0,0.252,6103,
qwen3.5-4b,20,Diana,8,Ivern,Ivern,0,0,1,1,4,2,0,0.242,6321,
qwen3.5-4b,20,Diana,9,Gwen,Gwen,0,0,1,1,3,3,0,0.243,6548,
qwen3.5-4b,20,Diana,10,Irelia,Irelia,0,0,1,1,3,3,0,0.257,6767,
qwen3.5-4b,21,Aatrox,1,Aatrox,Aatrox,0,0,0,0,0,7,1,0.422,4943,
qwen3.5-4b,22,Zeri,1,Aatrox,Aatrox,0,0,0,0,0,0,0,0.08,4943,
qwen3.5-4b,22,Zeri,2,Ahri,Ahri,0,0,0,1,1,3,0,0.215,5096,
qwen3.5-4b,22,Zeri,3,Akali,Akali,0,0,0,1,6,1,0,0.218,5271,
qwen3.5-4b,22,Zeri,4,Ahri,Ahri,0,0,1,1,4,3,0,0.235,5498,
qwen3.5-4b,22,Zeri,5,Ahri,Ahri,0,0,1,1,4,3,0,0.237,5721,
qwen3.5-4b,22,Zeri,6,Ahri,Ahri,0,0,1,1,4,3,0,0.236,5944,
qwen3.5-4b,22,Zeri,7,Ahri,Ahri,0,0,1,1,4,3,0,0.24,6167,
qwen3.5-4b,22,Zeri,8,Ahri,Ahri,0,0,1,1,4,3,0,0.239,6390,
qwen3.5-4b,22,Zeri,9,Ahri,Ahri,0,0,1,1,4,3,0,0.244,6613,
qwen3.5-4b,22,Zeri,10,Ahri,Ahri,0,0,1,1,4,3,0,0.245,6837,
qwen3.5-4b,23,Zac,1,Aatrox,Aatrox,0,0,0,0,0,3,0,0.423,4943,
qwen3.5-4b,23,Zac,2,Garen,Garen,0,0,0,1,3,2,0,0.212,5098,
qwen3.5-4b,23,Zac,3,Gwen,Gwen,0,0,0,1,4,1,0,0.225,5292,
qwen3.5-4b,23,Zac,4,Viego,Viego,0,0,0,1,3,3,0,0.23,5503,
qwen3.5-4b,23,Zac,5,Viego,Viego,0,0,1,1,4,3,0,0.23,5702,
qwen3.5-4b,23,Zac,6,Viego,Viego,0,0,1,1,4,3,0,0.237,5927,
qwen3.5-4b,23,Zac,7,Viego,Viego,0,0,1,1,4,3,0,0.238,6152,
qwen3.5-4b,23,Zac,8,Viego,Viego,0,0,1,1,4,3,0,0.24,6377,
qwen3.5-4b,23,Zac,9,Viego,Viego,0,0,1,1,4,3,0,0.243,6602,
qwen3.5-4b,23,Zac,10,Viego,Viego,0,0,1,1,4,3,0,0.245,6828,
qwen3.5-4b,24,Xerath,1,Aatrox,Aatrox,0,0,0,0,0,1,0,0.424,4943,
qwen3.5-4b,24,Xerath,2,Ahri,Ahri,0,0,0,1,1,3,0,0.212,5099,
qwen3.5-4b,24,Xerath,3,Ahri,Ahri,0,0,1,1,4,3,0,0.217,5270,
qwen3.5-4b,24,Xerath,4,Akali,Akali,0,0,0,1,8,0,0,0.232,5487,
qwen3.5-4b,24,Xerath,5,Akshan,Akshan,0,0,0,1,2,4,0,0.24,5732,
qwen3.5-4b,24,Xerath,6,Akali,Akali,0,0,1,1,11,0,0,0.229,5922,
qwen3.5-4b,24,Xerath,7,Akali,Akali,0,0,1,1,11,0,0,0.305,6215,
qwen3.5-4b,24,Xerath,8,Akshan,Akshan,0,0,1,1,2,4,0,0.305,6508,
qwen3.5-4b,24,Xerath,9,Akali,Akali,0,0,1,1,11,0,0,0.235,6712,
qwen3.5-4b,24,Xerath,10,Akali,Akali,0,0,1,1,11,0,0,0.315,7006,
qwen3.5-4b,25,Kog'Maw,1,Aatrox,Aatrox,0,0,0,0,0,1,0,0.421,4943,
qwen3.5-4b,25,Kog'Maw,2,Ahri,Ahri,0,0,0,1,1,2,0,0.212,5097,
qwen3.5-4b,25,Kog'Maw,3,Akali,Akali,0,0,0,1,7,1,0,0.218,5266,
qwen3.5-4b,25,Kog'Maw,4,Akshan,Akshan,0,0,0,1,4,3,0,0.233,5494,
qwen3.5-4b,25,Kog'Maw,5,Ahri,Ahri,0,0,1,1,6,2,0,0.234,5703,
qwen3.5-4b,25,Kog'Maw,6,Ahri,Ahri,0,0,1,1,6,2,0,0.241,5944,
qwen3.5-4b,25,Kog'Maw,7,Ahri,Ahri,0,0,1,1,6,2,0,0.245,6185,
qwen3.5-4b,25,Kog'Maw,8,Ahri,Ahri,0,0,1,1,6,2,0,0.25,6426,
qwen3.5-4b,25,Kog'Maw,9,Ahri,Ahri,0,0,1,1,6,2,0,0.253,6667,
qwen3.5-4b,25,Kog'Maw,10,Ahri,Ahri,0,0,1,1,6,2,0,0.252,6909,
qwen3.5-4b,26,Dr. Mundo,1,Aatrox,Aatrox,0,0,0,0,0,2,0,0.436,4943,
qwen3.5-4b,26,Dr. Mundo,2,Garen,Garen,0,0,0,1,1,2,0,0.226,5100,
qwen3.5-4b,26,Dr. Mundo,3,Gwen,Gwen,0,0,0,1,2,1,0,0.233,5272,
qwen3.5-4b,26,Dr. Mundo,4,Irelia,Irelia,0,0,0,1,4,1,0,0.254,5463,
qwen3.5-4b,26,Dr. Mundo,5,Ionia,,1,1,0,0,0,,0,0.233,5671,No se reconoció ningún campeón del roster.
qwen3.5-4b,26,Dr. Mundo,6,Akali,Akali,0,0,0,1,4,1,0,0.158,5725,
qwen3.5-4b,26,Dr. Mundo,7,Ionia,,1,1,0,0,0,,0,0.234,5930,No se reconoció ningún campeón del roster.
qwen3.5-4b,26,Dr. Mundo,8,Akali,Akali,0,0,1,1,5,1,0,0.16,5984,
qwen3.5-4b,26,Dr. Mundo,9,Akali,Akali,0,0,1,1,5,1,0,0.243,6213,
qwen3.5-4b,26,Dr. Mundo,10,Akali,Akali,0,0,1,1,5,1,0,0.245,6443,
qwen3.5-4b,27,Jhin,1,Aatrox,Aatrox,0,0,0,0,0,1,0,0.424,4943,
qwen3.5-4b,27,Jhin,2,Ahri,Ahri,0,0,0,1,2,3,0,0.213,5097,
qwen3.5-4b,27,Jhin,3,Akali,Akali,0,0,0,1,7,1,0,0.22,5281,
qwen3.5-4b,27,Jhin,4,Akshan,Akshan,0,0,0,1,3,3,0,0.238,5515,
qwen3.5-4b,27,Jhin,5,Akali,Akali,0,0,1,1,8,1,0,0.226,5710,
qwen3.5-4b,27,Jhin,6,Akshan,Akshan,0,0,1,1,4,3,0,0.249,5968,
qwen3.5-4b,27,Jhin,7,Akali,Akali,0,0,1,1,8,1,0,0.239,6191,
qwen3.5-4b,27,Jhin,8,Akshan,Akshan,0,0,1,1,4,3,0,0.251,6449,
qwen3.5-4b,27,Jhin,9,Akali,Akali,0,0,1,1,8,1,0,0.243,6672,
qwen3.5-4b,27,Jhin,10,Akshan,Akshan,0,0,1,1,4,3,0,0.255,6931,
qwen3.5-4b,28,Malzahar,1,Aatrox,Aatrox,0,0,0,0,0,1,0,0.421,4943,
qwen3.5-4b,28,Malzahar,2,Ahri,Ahri,0,0,0,1,1,3,0,0.212,5099,
qwen3.5-4b,28,Malzahar,3,Akali,Akali,0,0,0,1,8,1,0,0.218,5269,
qwen3.5-4b,28,Malzahar,4,Akali,Akali,0,0,1,1,9,1,0,0.241,5511,
qwen3.5-4b,28,Malzahar,5,Akshan,Akshan,0,0,0,1,1,4,0,0.291,5777,
qwen3.5-4b,28,Malzahar,6,Akali,Akali,0,0,1,1,9,1,0,0.231,5957,
qwen3.5-4b,28,Malzahar,7,Akshan,Akshan,0,0,1,1,1,4,0,0.295,6223,
qwen3.5-4b,28,Malzahar,8,Akshan,Akshan,0,0,1,1,1,4,0,0.234,6417,
qwen3.5-4b,28,Malzahar,9,Akali,Akali,0,0,1,1,9,1,0,0.235,6611,
qwen3.5-4b,28,Malzahar,10,Akali,Akali,0,0,1,1,9,1,0,0.303,6878,
qwen3.5-4b,29,Soraka,1,Aatrox,Aatrox,0,0,0,0,0,0,0,0.439,4943,
qwen3.5-4b,29,Soraka,2,Ahri,Ahri,0,0,0,0,0,3,0,0.23,5096,
qwen3.5-4b,29,Soraka,3,Akali,Akali,0,0,0,1,4,1,0,0.218,5249,
qwen3.5-4b,29,Soraka,4,Ahri,Ahri,0,0,1,1,3,3,0,0.232,5451,
qwen3.5-4b,29,Soraka,5,Akshan,Akshan,0,0,0,1,6,2,0,0.246,5665,
qwen3.5-4b,29,Soraka,6,Ahri,Ahri,0,0,1,1,3,3,0,0.261,5890,
qwen3.5-4b,29,Soraka,7,Ahri,Ahri,0,0,1,1,3,3,0,0.254,6104,
qwen3.5-4b,29,Soraka,8,Ahri,Ahri,0,0,1,1,3,3,0,0.256,6318,
qwen3.5-4b,29,Soraka,9,Ahri,Ahri,0,0,1,1,3,3,0,0.257,6532,
qwen3.5-4b,29,Soraka,10,Ahri,Ahri,0,0,1,1,3,3,0,0.249,6747,
qwen3.5-4b,30,Ezreal,1,Aatrox,Aatrox,0,0,0,0,0,1,0,0.435,4943,
qwen3.5-4b,30,Ezreal,2,Ahri,Ahri,0,0,0,1,1,2,0,0.219,5097,
qwen3.5-4b,30,Ezreal,3,Akali,Akali,0,0,0,1,7,1,0,0.219,5266,
qwen3.5-4b,30,Ezreal,4,Akshan,Akshan,0,0,0,1,3,3,0,0.237,5496,
qwen3.5-4b,30,Ezreal,5,Akali,Akali,0,0,1,1,8,1,0,0.229,5695,
qwen3.5-4b,30,Ezreal,6,Akshan,Akshan,0,0,1,1,3,3,0,0.249,5949,
qwen3.5-4b,30,Ezreal,7,Akali,Akali,0,0,1,1,8,1,0,0.24,6162,
qwen3.5-4b,30,Ezreal,8,Akshan,Akshan,0,0,1,1,3,3,0,0.252,6416,
qwen3.5-4b,30,Ezreal,9,Akali,Akali,0,0,1,1,8,1,0,0.24,6629,
qwen3.5-4b,30,Ezreal,10,Akshan,Akshan,0,0,1,1,3,3,0,0.256,6884,
